# ProBuilder 5.2.0
# https://unity3d.com/unity/features/worldbuilding/probuilder
# 11/23/2023 5:55:32 PM

mtllib ./Cosechadora.mtl
o Cosechadora

g Cosechadora
v 2.976744 0.07632122 -0.6813248
v -2.323256 0.07632122 -0.6813248
v 2.976744 0.1263212 -0.6813248
v -2.323256 0.1263212 -0.6813248
v -2.323256 0.07632122 -1.381325
v -2.323256 0.1263212 -1.381325
v 2.976744 0.07632122 -1.381325
v 2.976744 0.1263212 -1.381325
v -0.3966026 2.512081 -0.7303957
v -0.6966019 2.512081 -0.7303957
v -0.3966026 2.550936 -0.7303957
v -0.6966019 2.550936 -0.7303957
v -0.6966019 2.512081 -0.7608544
v -0.6966019 2.550936 -0.7608544
v -0.3966026 2.512081 -0.7608544
v -0.3966026 2.550936 -0.7608544
v -0.7587814 2.262081 -0.7303957
v -0.7587814 2.412081 -0.7303957
v -0.6577568 2.262081 -0.7303957
v -0.6577568 2.412081 -0.7303957
v -0.7587814 2.412081 -0.7608544
v -0.6577568 2.412081 -0.7608544
v -0.7587814 2.262081 -0.7608544
v -0.6577568 2.262081 -0.7608544
v -0.6366043 2.544926 -1.794144
v -0.8863602 2.842574 -1.794144
v -0.5983047 2.577065 -1.794144
v -0.8480606 2.874713 -1.794144
v -0.8863602 2.842574 -3.241399
v -0.8480606 2.874713 -3.241399
v -0.6366043 2.544926 -3.241399
v -0.5983047 2.577065 -3.241399
v 1.156353 2.227638 -4.118241
v 1.114334 2.3305 -4.118241
v 1.156353 2.227638 -4.111085
v 1.114334 2.3305 -4.111085
v 1.244335 2.3305 -4.118241
v 1.252338 2.31531 -4.118241
v 1.244335 2.3305 -4.111085
v 1.252338 2.31531 -4.111085
v 1.26635 2.164065 -4.118241
v 1.26635 2.164065 -4.111091
v 1.298882 2.289929 -4.118241
v 1.298882 2.289929 -4.111091
v 1.402321 2.164065 -4.118241
v 1.402321 2.164065 -4.111091
v 1.369789 2.289929 -4.118241
v 1.369789 2.289929 -4.111091
v 1.512321 2.227638 -4.118241
v 1.512321 2.227638 -4.111085
v 1.416332 2.31531 -4.118241
v 1.416332 2.31531 -4.111085
v 1.554337 2.3305 -4.118241
v 1.554337 2.3305 -4.111085
v 1.424335 2.3305 -4.118241
v 1.424335 2.3305 -4.111085
v 1.512321 2.433362 -4.118241
v 1.512321 2.433362 -4.111085
v 1.416332 2.345691 -4.118241
v 1.416332 2.345691 -4.111085
v 1.402321 2.496935 -4.118241
v 1.402321 2.496935 -4.111085
v 1.369789 2.371071 -4.118241
v 1.369789 2.371071 -4.111091
v 1.26635 2.496935 -4.118241
v 1.26635 2.496935 -4.111085
v 1.298882 2.371071 -4.118241
v 1.298882 2.371071 -4.111091
v 1.156353 2.433362 -4.118241
v 1.156353 2.433362 -4.111085
v 1.252338 2.345691 -4.118241
v 1.252338 2.345691 -4.111085
v 1.773533 0.2448262 -0.9796325
v 1.773533 0.5479351 -1.104835
v 1.763531 0.2448262 -0.9796325
v 1.763531 0.5479351 -1.104835
v 1.773533 0.5479351 -1.076216
v 1.773533 0.2794672 -0.9653202
v 1.763531 0.5479351 -1.076216
v 1.763531 0.2794672 -0.9653202
v 1.773533 0.2448262 -0.7292167
v 1.763531 0.2448262 -0.7292167
v 1.773533 0.2794672 -0.743529
v 1.763531 0.2794672 -0.743529
v 1.773533 0.5479351 -0.6040143
v 1.763531 0.5479351 -0.6040143
v 1.773533 0.5479351 -0.6326334
v 1.763531 0.5479351 -0.6326334
v 1.773533 0.8510441 -0.7292167
v 1.763531 0.8510441 -0.7292167
v 1.773533 0.816403 -0.743529
v 1.763531 0.816403 -0.743529
v 1.773533 0.8510441 -0.9796325
v 1.763531 0.8510441 -0.9796325
v 1.773533 0.816403 -0.9653202
v 1.763531 0.816403 -0.9653202
v 1.17849 2.157729 -5.434589
v 1.155159 2.221024 -5.460735
v 1.17849 2.285428 -5.276346
v 1.155159 2.348722 -5.302487
v 1.381565 2.221024 -5.460735
v 1.374565 2.240013 -5.468579
v 1.381565 2.348722 -5.302487
v 1.374565 2.367711 -5.310337
v 1.242237 2.111394 -5.415452
v 1.242237 2.239093 -5.257203
v 1.355442 2.253913 -5.474322
v 1.355442 2.381611 -5.316079
v 1.329319 2.094434 -5.408448
v 1.329319 2.222133 -5.2502
v 1.329319 2.259001 -5.476423
v 1.329319 2.3867 -5.318175
v 1.416397 2.111394 -5.415452
v 1.416397 2.239093 -5.257203
v 1.303196 2.253913 -5.474322
v 1.303196 2.381611 -5.316079
v 1.480145 2.157729 -5.434589
v 1.480145 2.285428 -5.276346
v 1.284069 2.240013 -5.468579
v 1.284069 2.367711 -5.310337
v 1.503479 2.221024 -5.460735
v 1.503479 2.348722 -5.302487
v 1.277069 2.221024 -5.460735
v 1.277069 2.348722 -5.302487
v 1.480145 2.284319 -5.486882
v 1.480145 2.412017 -5.328633
v 1.284069 2.202035 -5.452892
v 1.284069 2.329734 -5.294649
v 1.416397 2.330654 -5.50602
v 1.416397 2.458353 -5.347776
v 1.303196 2.188135 -5.447149
v 1.303196 2.315834 -5.288906
v 1.329319 2.347614 -5.513028
v 1.329319 2.475312 -5.35478
v 1.329319 2.183047 -5.445048
v 1.329319 2.310746 -5.286805
v 1.242237 2.330654 -5.50602
v 1.242237 2.458353 -5.347776
v 1.355442 2.188135 -5.447149
v 1.355442 2.315834 -5.288906
v 1.17849 2.284319 -5.486882
v 1.17849 2.412017 -5.328633
v 1.374565 2.202035 -5.452892
v 1.374565 2.329734 -5.294649
v 1.270409 2.141487 -5.5593
v 1.278301 2.120078 -5.550457
v 1.346992 2.141487 -5.5593
v 1.344627 2.147909 -5.561953
v 1.299866 2.104405 -5.543978
v 1.338154 2.152611 -5.563896
v 1.329319 2.098669 -5.541609
v 1.329319 2.154332 -5.564606
v 1.358768 2.104405 -5.543978
v 1.32048 2.152611 -5.563896
v 1.380337 2.120078 -5.550457
v 1.314011 2.147909 -5.561953
v 1.388229 2.141487 -5.5593
v 1.311646 2.141487 -5.5593
v 1.380337 2.162896 -5.568138
v 1.314011 2.135064 -5.556647
v 1.358768 2.178568 -5.574617
v 1.32048 2.130362 -5.554704
v 1.329319 2.184305 -5.576986
v 1.329319 2.128642 -5.553989
v 1.299866 2.178568 -5.574617
v 1.338154 2.130362 -5.554704
v 1.278301 2.162896 -5.568138
v 1.344627 2.135064 -5.556647
v 1.329319 2.254523 -5.563678
v 1.26918 2.24281 -5.558836
v 1.329319 2.140867 -5.516729
v 1.311275 2.144381 -5.518181
v 1.347363 2.144381 -5.518181
v 1.225151 2.210809 -5.545621
v 1.360569 2.153981 -5.52215
v 1.209042 2.167095 -5.527565
v 1.365402 2.167095 -5.527565
v 1.225151 2.123382 -5.509508
v 1.360569 2.180209 -5.532985
v 1.26918 2.091381 -5.496293
v 1.347363 2.18981 -5.536948
v 1.329319 2.079668 -5.491451
v 1.329319 2.193323 -5.5384
v 1.389458 2.091381 -5.496293
v 1.311275 2.18981 -5.536948
v 1.433487 2.123382 -5.509508
v 1.298065 2.180209 -5.532985
v 1.449596 2.167095 -5.527565
v 1.293236 2.167095 -5.527565
v 1.433487 2.210809 -5.545621
v 1.298065 2.153981 -5.52215
v 1.389458 2.24281 -5.558836
v 1.156353 2.227638 -3.39992
v 1.114334 2.3305 -3.39992
v 1.156353 2.227638 -3.392764
v 1.114334 2.3305 -3.392764
v 1.244335 2.3305 -3.39992
v 1.252338 2.31531 -3.39992
v 1.244335 2.3305 -3.392764
v 1.252338 2.31531 -3.392764
v 1.26635 2.164065 -3.39992
v 1.26635 2.164065 -3.392769
v 1.298882 2.289929 -3.39992
v 1.298882 2.289929 -3.392769
v 1.402321 2.164065 -3.39992
v 1.402321 2.164065 -3.392769
v 1.369789 2.289929 -3.39992
v 1.369789 2.289929 -3.392769
v 1.512321 2.227638 -3.39992
v 1.512321 2.227638 -3.392764
v 1.416332 2.31531 -3.39992
v 1.416332 2.31531 -3.392764
v 1.554337 2.3305 -3.39992
v 1.554337 2.3305 -3.392764
v 1.424335 2.3305 -3.39992
v 1.424335 2.3305 -3.392764
v 1.512321 2.433362 -3.39992
v 1.512321 2.433362 -3.392764
v 1.416332 2.345691 -3.39992
v 1.416332 2.345691 -3.392764
v 1.402321 2.496935 -3.39992
v 1.402321 2.496935 -3.392764
v 1.369789 2.371071 -3.39992
v 1.369789 2.371071 -3.392769
v 1.26635 2.496935 -3.39992
v 1.26635 2.496935 -3.392764
v 1.298882 2.371071 -3.39992
v 1.298882 2.371071 -3.392769
v 1.156353 2.433362 -3.39992
v 1.156353 2.433362 -3.392764
v 1.252338 2.345691 -3.39992
v 1.252338 2.345691 -3.392764
v 1.156353 2.227638 -4.832273
v 1.114334 2.3305 -4.832273
v 1.156353 2.227638 -4.825116
v 1.114334 2.3305 -4.825116
v 1.244335 2.3305 -4.832273
v 1.252338 2.31531 -4.832273
v 1.244335 2.3305 -4.825116
v 1.252338 2.31531 -4.825116
v 1.26635 2.164065 -4.832273
v 1.26635 2.164065 -4.825116
v 1.298882 2.289929 -4.832273
v 1.298882 2.289929 -4.825116
v 1.402321 2.164065 -4.832273
v 1.402321 2.164065 -4.825116
v 1.369789 2.289929 -4.832273
v 1.369789 2.289929 -4.825116
v 1.512321 2.227638 -4.832273
v 1.512321 2.227638 -4.825116
v 1.416332 2.31531 -4.832273
v 1.416332 2.31531 -4.825116
v 1.554337 2.3305 -4.832273
v 1.554337 2.3305 -4.825116
v 1.424335 2.3305 -4.832273
v 1.424335 2.3305 -4.825116
v 1.512321 2.433362 -4.832273
v 1.512321 2.433362 -4.825116
v 1.416332 2.345691 -4.832273
v 1.416332 2.345691 -4.825116
v 1.402321 2.496935 -4.832273
v 1.402321 2.496935 -4.825116
v 1.369789 2.371071 -4.832273
v 1.369789 2.371071 -4.825116
v 1.26635 2.496935 -4.832273
v 1.26635 2.496935 -4.825116
v 1.298882 2.371071 -4.832273
v 1.298882 2.371071 -4.825116
v 1.156353 2.433362 -4.832273
v 1.156353 2.433362 -4.825116
v 1.252338 2.345691 -4.832273
v 1.252338 2.345691 -4.825116
v 2.976742 0.5386297 -1.373346
v 2.916744 0.1263212 -1.381326
v 2.916744 0.5386297 -1.373346
v 2.916744 0.1263212 -0.6814218
v -0.6966057 2.412081 -0.7303957
v -0.6577492 2.512081 -0.7303957
v -0.6577492 2.512081 -0.7608544
v -0.6966057 2.412081 -0.7608544
v 1.944744 1.123165 -1.467626
v 1.934746 1.123165 -1.467626
v 1.944744 1.200875 -1.467626
v 1.934746 1.200875 -1.467626
v 1.934746 1.123165 -1.476141
v 1.934746 1.200875 -1.476141
v 1.944744 1.123165 -1.476141
v 1.944744 1.200875 -1.476141
v 0.8321686 1.264602 -0.8168644
v 0.07463074 1.264602 -0.8168644
v 0.8321686 1.307394 -0.8168699
v 0.07463074 1.307394 -0.8168699
v -0.2966003 1.243631 -0.9006475
v -0.2966003 1.289509 -1.751983
v -0.2966003 1.328365 -0.9006584
v -0.2966003 1.328365 -1.751983
v 1.2034 1.289509 -1.751983
v 1.2034 1.328365 -1.751983
v 1.2034 1.243631 -0.9006475
v 1.2034 1.328365 -0.9006584
v 1.2034 1.243631 -0.8668427
v -0.2966003 1.243631 -0.8668427
v 1.2034 1.328364 -0.8668482
v -0.2966003 1.328364 -0.8668482
v 1.944744 1.123165 -1.714504
v 1.934746 1.123165 -1.714504
v 1.944744 1.200875 -1.714504
v 1.934746 1.200875 -1.714504
v 1.934746 1.123165 -1.72302
v 1.934746 1.200875 -1.72302
v 1.944744 1.123165 -1.72302
v 1.944744 1.200875 -1.72302
v 2.765545 0.2521468 -0.9848672
v 2.765545 0.2621468 -0.9867831
v -2.134457 0.2521468 -0.9848672
v -2.134457 0.2621468 -0.9867831
v 2.765545 0.2621468 -0.9796325
v 2.765545 0.2571467 -0.9786718
v -2.134457 0.2621468 -0.9796325
v -2.134457 0.2571467 -0.9786718
v 2.765545 0.2448262 -0.9796325
v -2.134457 0.2448262 -0.9796325
v 2.765545 0.2534865 -0.9760517
v -2.134457 0.2534865 -0.9760517
v 2.765545 0.2421468 -0.9724764
v -2.134457 0.2421468 -0.9724764
v 2.765545 0.2521468 -0.9724764
v -2.134457 0.2521468 -0.9724764
v 2.765545 0.2448262 -0.9653202
v -2.134457 0.2448262 -0.9653202
v 2.765545 0.2534865 -0.968901
v -2.134457 0.2534865 -0.968901
v 2.765545 0.2521468 -0.9600855
v -2.134457 0.2521468 -0.9600855
v 2.765545 0.2571467 -0.9662809
v -2.134457 0.2571467 -0.9662809
v 2.765545 0.2621468 -0.9581695
v -2.134457 0.2621468 -0.9581695
v 2.765545 0.2621468 -0.9653202
v -2.134457 0.2621468 -0.9653202
v 2.765545 0.2721468 -0.9600855
v -2.134457 0.2721468 -0.9600855
v 2.765545 0.2671469 -0.9662809
v -2.134457 0.2671469 -0.9662809
v 2.765545 0.2794675 -0.9653202
v -2.134457 0.2794675 -0.9653202
v 2.765545 0.2708071 -0.968901
v -2.134457 0.2708071 -0.968901
v 2.765545 0.2821468 -0.9724764
v -2.134457 0.2821468 -0.9724764
v 2.765545 0.2721468 -0.9724764
v -2.134457 0.2721468 -0.9724764
v 2.765545 0.2794675 -0.9796325
v -2.134457 0.2794675 -0.9796325
v 2.765545 0.2708071 -0.9760517
v -2.134457 0.2708071 -0.9760517
v 2.765545 0.2721468 -0.9848672
v -2.134457 0.2721468 -0.9848672
v 2.765545 0.2671469 -0.9786718
v -2.134457 0.2671469 -0.9786718
v -2.133461 0.2715393 -1.231997
v -2.183464 0.2715393 -1.231997
v -2.133461 0.5691873 -1.053306
v -2.183464 0.5691873 -1.053306
v -2.183464 0.3097819 -1.264606
v -2.183464 0.6074297 -1.085916
v -2.133461 0.3097819 -1.264606
v -2.133461 0.6074297 -1.085916
v 2.765545 0.2521468 -0.7487637
v 2.765545 0.2621468 -0.7506797
v -2.134457 0.2521468 -0.7487637
v -2.134457 0.2621468 -0.7506797
v 2.765545 0.2621468 -0.743529
v 2.765545 0.2571467 -0.7425683
v -2.134457 0.2621468 -0.743529
v -2.134457 0.2571467 -0.7425683
v 2.765545 0.2448262 -0.743529
v -2.134457 0.2448262 -0.743529
v 2.765545 0.2534865 -0.7399482
v -2.134457 0.2534865 -0.7399482
v 2.765545 0.2421468 -0.7363728
v -2.134457 0.2421468 -0.7363728
v 2.765545 0.2521468 -0.7363728
v -2.134457 0.2521468 -0.7363728
v 2.765545 0.2448262 -0.7292167
v -2.134457 0.2448262 -0.7292167
v 2.765545 0.2534865 -0.7327975
v -2.134457 0.2534865 -0.7327975
v 2.765545 0.2521468 -0.723982
v -2.134457 0.2521468 -0.723982
v 2.765545 0.2571467 -0.7301774
v -2.134457 0.2571467 -0.7301774
v 2.765545 0.2621468 -0.722066
v -2.134457 0.2621468 -0.722066
v 2.765545 0.2621468 -0.7292167
v -2.134457 0.2621468 -0.7292167
v 2.765545 0.2721468 -0.723982
v -2.134457 0.2721468 -0.723982
v 2.765545 0.2671469 -0.7301774
v -2.134457 0.2671469 -0.7301774
v 2.765545 0.2794675 -0.7292167
v -2.134457 0.2794675 -0.7292167
v 2.765545 0.2708071 -0.7327975
v -2.134457 0.2708071 -0.7327975
v 2.765545 0.2821468 -0.7363728
v -2.134457 0.2821468 -0.7363728
v 2.765545 0.2721468 -0.7363728
v -2.134457 0.2721468 -0.7363728
v 2.765545 0.2794675 -0.743529
v -2.134457 0.2794675 -0.743529
v 2.765545 0.2708071 -0.7399482
v -2.134457 0.2708071 -0.7399482
v 2.765545 0.2721468 -0.7487637
v -2.134457 0.2721468 -0.7487637
v 2.765545 0.2671469 -0.7425683
v -2.134457 0.2671469 -0.7425683
v 1.638737 1.390308 -2.511396
v 1.628735 1.390308 -2.511396
v 1.638737 1.451499 -2.503536
v 1.628735 1.451499 -2.503536
v 1.628735 1.558453 -3.181748
v 1.628735 1.619644 -3.173887
v 1.638737 1.558453 -3.181748
v 1.638737 1.619644 -3.173887
v 2.434742 0.5823151 -1.467626
v 2.334743 0.5823151 -1.467626
v 2.434742 0.6211704 -1.467626
v 2.334743 0.6211704 -1.467626
v 2.334743 0.5823151 -1.714504
v 2.334743 0.6211704 -1.714504
v 2.434742 0.5823151 -1.714504
v 2.434742 0.6211704 -1.714504
v 1.159847 2.253246 -5.384103
v 1.133053 2.330957 -5.384103
v 1.159847 2.253246 -2.034107
v 1.133053 2.330956 -2.034107
v 1.323051 2.330957 -5.384103
v 1.324394 2.327071 -5.384103
v 1.323051 2.330956 -2.034107
v 1.324394 2.327071 -2.034107
v 1.233055 2.196358 -5.384103
v 1.233055 2.196358 -2.034107
v 1.328053 2.324227 -5.384103
v 1.328053 2.324226 -2.034107
v 1.333054 2.175536 -5.384103
v 1.333054 2.175536 -2.034107
v 1.333054 2.323185 -5.384103
v 1.333054 2.323185 -2.034107
v 1.433052 2.196358 -5.384103
v 1.433052 2.196358 -2.034107
v 1.338055 2.324227 -5.384103
v 1.338055 2.324226 -2.034107
v 1.50626 2.253246 -5.384103
v 1.50626 2.253246 -2.034107
v 1.341713 2.327071 -5.384103
v 1.341713 2.327071 -2.034107
v 1.533054 2.330957 -5.384103
v 1.533054 2.330956 -2.034107
v 1.343056 2.330957 -5.384103
v 1.343056 2.330956 -2.034107
v 1.50626 2.408667 -5.384103
v 1.50626 2.408667 -2.034107
v 1.341713 2.334842 -5.384103
v 1.341713 2.334842 -2.034107
v 1.433052 2.465555 -5.384103
v 1.433052 2.465555 -2.034107
v 1.338055 2.337687 -5.384103
v 1.338055 2.337686 -2.034107
v 1.333054 2.486377 -5.384103
v 1.333054 2.486377 -2.034107
v 1.333054 2.338728 -5.384103
v 1.333054 2.338727 -2.034107
v 1.233055 2.465555 -5.384103
v 1.233055 2.465555 -2.034107
v 1.328053 2.337687 -5.384103
v 1.328053 2.337686 -2.034107
v 1.159847 2.408667 -5.384103
v 1.159847 2.408667 -2.034107
v 1.324394 2.334842 -5.384103
v 1.324394 2.334842 -2.034107
v 2.434742 0.3703724 -1.723025
v 2.334743 0.3703724 -1.723025
v 2.434742 0.3703724 -1.695225
v 2.334743 0.3703724 -1.695225
v 2.334743 1.08431 -1.723025
v 2.334743 1.08431 -1.695225
v 2.434742 1.08431 -1.723025
v 2.434742 1.08431 -1.695225
v 0.8976898 2.528902 -0.6880702
v 0.009109497 2.528902 -0.6880702
v 0.8976898 2.565743 -0.6880702
v 0.009109497 2.565743 -0.6880702
v -0.3965988 2.512081 -1.922245
v -0.3965988 2.582565 -0.7303957
v -0.3965988 2.582565 -1.922245
v 1.303398 2.512081 -1.922245
v 1.303398 2.582565 -1.922245
v 1.303398 2.512081 -0.7303957
v 1.303398 2.582565 -0.7303957
v -0.5231934 1.936965 -5.012743
v -0.5237885 1.936503 -5.012743
v -0.5138321 0.5728632 -5.012743
v 1.144753 0.5728632 -5.012743
v 1.144753 0.7623259 -5.012737
v 1.144753 1.936965 -5.012737
v 1.41378 0.5728632 -5.012743
v 1.423149 1.936965 -5.012743
v 1.423737 1.936503 -5.012743
v 1.607971 2.065459 -4.902873
v 1.636551 0.4438193 -4.878255
v 1.636551 2.043248 -4.878255
v 1.59613 0.4438193 -4.902873
v -0.6961823 0.4438193 -4.902873
v -0.7366028 2.043248 -4.878255
v -0.7366028 0.4438193 -4.878255
v -0.7080231 2.065459 -4.902873
v -0.7073212 2.066009 -4.902873
v -0.6961746 2.066009 -4.902873
v -0.6951523 2.065271 -4.903506
v -0.5158005 1.936965 -5.012743
v -0.6970596 2.066496 -4.902333
v -0.702713 2.069592 -4.8989
v -0.5158081 0.8429102 -5.012743
v 1.144745 0.4438193 -4.902873
v 1.144753 0.4714254 -4.926378
v 1.544746 0.4438193 -4.902873
v 1.544746 0.446962 -4.905553
v 1.544746 0.4801838 -4.933828
v 1.144745 2.066009 -4.902873
v 1.144753 1.953828 -4.998387
v 1.544746 2.02219 -4.940182
v 1.607269 2.066009 -4.902873
v 1.544746 2.066009 -4.902873
v 1.544746 2.021205 -4.940581
v 1.544746 2.02189 -4.940302
v 1.544746 2.068977 -4.899581
v 1.544739 1.579481 -4.938643
v 1.544754 1.579509 -4.938643
v 0.4499741 2.120958 -4.841967
v -0.6366043 2.120958 -4.841967
v 1.144745 2.087969 -4.878533
v 1.144753 2.120958 -4.841967
v 1.544754 2.114591 -4.849025
v 1.536552 2.120958 -4.841967
v 0.4499741 2.120958 -3.2876
v 1.144753 2.120958 -3.2876
v 1.144753 2.246356 -3.2876
v 0.4499741 2.544926 -3.2876
v 1.144753 2.544926 -3.2876
v -0.5366058 2.120958 -3.2876
v -0.5366058 2.544926 -3.2876
v 1.144753 2.487074 -3.2876
v 1.436554 2.487075 -3.2876
v 1.436554 2.544926 -3.2876
v 1.144753 2.176233 -3.2876
v 1.436554 2.120958 -3.2876
v 1.30793 2.176233 -3.2876
v 1.436554 2.176233 -3.2876
v -0.6366043 2.120958 -3.348517
v 1.144753 2.120958 -3.887023
v 1.144753 2.120958 -3.326552
v -0.6365967 2.120958 -3.2876
v 1.536552 2.120958 -3.348517
v 1.536552 2.120958 -3.2876
v 1.544746 2.11459 -4.848948
v 1.544746 2.11459 -3.526864
v 1.544746 2.114589 -3.419069
v 1.544754 2.114588 -3.362081
v 1.544746 2.114595 -3.361928
v 1.636551 2.043248 -3.2876
v 1.544746 2.114593 -3.2876
v 1.539146 2.118942 -3.2876
v 1.540237 2.118093 -3.2876
v -0.6403732 2.118028 -3.2876
v -0.7366028 2.043248 -3.2876
v 1.007034 0.4438193 -4.633669
v 1.007034 0.7205538 -4.580017
v 1.007034 0.5742629 -4.625165
v 1.007034 0.8401037 -4.50708
v 1.007034 0.9349252 -4.410268
v 1.007034 0.7220038 -3.784103
v 1.007034 0.9981043 -4.069704
v 1.007034 0.848364 -3.858863
v 1.007034 0.9409356 -3.953901
v 1.007034 1.013612 -4.181206
v 1.007034 0.9934977 -4.310289
v 1.007034 0.4438193 -3.723726
v 1.007034 0.5877672 -3.73752
v 1.636551 1.45423 -3.2876
v 1.636551 1.363723 -3.2876
v 1.636551 0.9981043 -4.069704
v 1.636551 1.095849 -3.2876
v 1.636551 1.013611 -4.181206
v 1.636551 0.9934975 -4.310289
v 1.636551 0.9349252 -4.410268
v 1.636551 0.8401037 -4.50708
v 1.636551 0.7205538 -4.580017
v 1.636551 0.5742629 -4.62517
v 1.636551 0.4438193 -4.633669
v 1.636551 1.025521 -3.2876
v 1.636551 0.9409356 -3.953901
v 1.636551 1.003862 -3.2876
v 1.636551 0.9057144 -3.2876
v 1.636551 0.8483638 -3.858863
v 1.636551 0.8767444 -3.2876
v 1.636551 0.7220038 -3.784103
v 1.636551 0.8295714 -3.2876
v 1.636551 0.7140135 -3.2876
v 1.636551 0.5877672 -3.73752
v 1.636551 0.6691403 -3.2876
v 1.636551 0.5601262 -3.2876
v 1.636551 0.4438193 -3.723726
v 1.636551 0.5128065 -3.2876
v 1.636551 0.4438193 -3.2876
v 1.144753 0.7205538 -4.580017
v 1.14476 0.6885499 -4.589891
v 1.14476 0.5742629 -4.625165
v 1.544746 0.7205538 -4.580017
v 1.544746 0.5955969 -4.618587
v 1.544746 0.5742629 -4.62517
v 1.14476 0.5457258 -4.627026
v 1.14476 0.4438193 -4.633669
v 1.544746 0.4628422 -4.63243
v 1.544746 0.4438193 -4.633664
v 1.544746 0.4438193 -4.633249
v 1.144753 0.8401037 -4.50708
v 1.14476 0.8139498 -4.523041
v 1.544746 0.8401037 -4.50708
v 1.544746 0.7379881 -4.569378
v 1.144753 0.9349252 -4.410268
v 1.14476 0.9141812 -4.431452
v 1.544746 0.9349252 -4.410268
v 1.544746 0.8539319 -4.492964
v 1.144753 0.7220038 -3.784103
v 1.14476 0.7496475 -3.800456
v 1.14476 0.848364 -3.858863
v 1.544746 0.7220038 -3.784103
v 1.544746 0.8299363 -3.847962
v 1.544746 0.8483638 -3.858863
v 1.14476 0.8686157 -3.879654
v 1.14476 0.9409356 -3.953901
v 1.544746 0.9274358 -3.940037
v 1.544746 0.9409356 -3.953901
v 1.14476 0.9534422 -3.979234
v 1.14476 0.9981043 -4.069704
v 1.544746 0.9897673 -4.052815
v 1.544746 0.9981043 -4.069704
v 1.14476 1.001497 -4.094093
v 1.14476 1.013612 -4.181206
v 1.544746 1.01135 -4.16495
v 1.544746 1.013611 -4.181206
v 1.14476 1.009211 -4.209443
v 1.14476 0.9934977 -4.310289
v 1.544746 0.9964308 -4.291462
v 1.544746 0.9934975 -4.310289
v 1.14476 0.9806838 -4.332156
v 1.544746 0.943467 -4.395688
v 1.144753 0.4438193 -3.723726
v 1.14476 0.4753107 -3.726739
v 1.14476 0.5877672 -3.737514
v 1.544746 0.4438193 -3.723726
v 1.544746 0.566775 -3.735505
v 1.544746 0.5877672 -3.73752
v 1.007034 0.4438196 -3.723327
v 1.008408 0.4438196 -3.723333
v 1.008408 0.4438196 -3.723726
v 1.14476 0.617134 -3.74771
v 1.544746 0.7024276 -3.777307
v 1.00885 0.443819 -4.630814
v 1.007034 0.443819 -4.629357
v 1.007034 0.4438189 -4.630814
v 1.007042 0.4438189 -4.631098
v 1.015007 0.443819 -4.633664
v 1.144753 0.443819 -4.631431
v 1.007034 0.4438196 -3.722612
v 1.007034 0.4438195 -3.619511
v 1.032379 0.4438195 -3.619517
v 1.144753 0.4438195 -3.72342
v 1.144753 0.4438195 -3.619517
v 1.544746 0.4438193 -3.619517
v 1.562279 0.4438193 -3.619517
v 1.636551 0.4438193 -3.619511
v 1.007034 0.4438194 -3.2876
v 1.109009 0.4438194 -3.2876
v 1.144753 0.4438194 -3.2876
v 1.544746 0.4438193 -3.594926
v 1.544746 0.4438193 -3.2876
v 1.325722 0.4438193 -3.2876
v 1.083595 0.4438192 -4.665438
v 1.007034 0.443819 -4.665438
v 1.144753 0.443819 -4.665438
v 1.631775 0.4438193 -4.665438
v 1.544746 0.4438193 -4.665438
v 1.636551 0.4438193 -4.665438
v 1.144753 0.4438192 -4.693768
v 1.007034 0.4438194 -4.902873
v 1.544746 0.4438193 -4.879068
v -0.1305389 0.4438193 -3.720423
v -0.1305389 0.4438193 -4.635574
v -0.1305389 0.5648855 -3.736237
v -0.1305389 0.7129971 -3.781695
v -0.1305466 0.9340274 -3.947149
v -0.1305466 0.837505 -3.852498
v -0.1305466 0.8430237 -4.503396
v -0.1305466 0.9340686 -4.413985
v -0.1305389 0.9979117 -4.293668
v -0.1305389 1.015346 -4.179082
v -0.1305389 0.9946045 -4.054655
v -0.1305389 0.7203995 -4.577703
v -0.1305389 0.5829018 -4.624275
v -0.7366028 0.5648854 -3.736237
v -0.7366028 0.4438193 -3.720423
v -0.7366028 0.7129971 -3.781695
v -0.7366028 0.9340274 -3.947149
v -0.7366028 0.837505 -3.852498
v -0.7366028 0.8430234 -4.50339
v -0.7366028 0.9340683 -4.413985
v -0.7366028 0.9979117 -4.293668
v -0.7366028 1.015346 -4.179082
v -0.7366028 0.9946045 -4.054655
v -0.7366028 0.7203995 -4.577703
v -0.7366028 0.5829018 -4.624275
v -0.7366028 0.4438193 -4.635574
v -0.132637 0.4438193 -4.635569
v -0.1305466 0.4438194 -4.295098
v -0.7366028 0.4438193 -4.671388
v -0.2075043 0.4438193 -4.671388
v -0.1305466 0.4438193 -4.671399
v -0.7311859 0.4438193 -4.671388
v -0.7366028 0.4438193 -4.745313
v -0.7366028 0.5527831 -4.679275
v -0.3635559 0.4438193 -4.745313
v -0.1305389 0.4438193 -4.745307
v -0.7200012 0.4438193 -4.745313
v -0.7366028 0.7585322 -4.58636
v -0.7366028 0.4612968 -4.878255
v -0.6804428 0.4438194 -4.895422
v -0.1305389 0.4438193 -4.812622
v -0.6494751 0.4438193 -4.895422
v -0.1305389 0.4438193 -4.895422
v -0.6973038 0.4438193 -4.895417
v -0.7084198 0.4438193 -4.895417
v -0.7366028 1.025713 -4.241271
v -0.7366028 0.9850193 -3.997149
v -0.7366028 0.9970709 -4.008973
v -0.7366028 1.000254 -4.012089
v -0.7366028 1.001656 -4.013465
v -0.7366028 1.034534 -4.045703
v -0.7366028 1.047214 -4.200758
v -0.7366028 1.096991 -4.106948
v -0.7366028 1.035298 -4.314574
v -0.7366028 1.108645 -4.242543
v -0.7366028 1.171913 -4.180419
v -0.7366028 1.835397 -4.831033
v -0.7366028 1.883558 -4.878255
v -0.7366028 1.808921 -4.805067
v -0.7366028 1.764624 -4.761628
v -0.7366028 1.671613 -4.670422
v -0.7366028 1.521973 -4.523691
v -0.1305389 0.4438193 -4.902873
v -0.7366028 0.7891377 -3.805069
v -0.7366028 0.8401803 -3.820735
v -0.7366028 0.9314897 -3.848759
v -0.7366028 0.94512 -3.852946
v -0.7366028 1.004509 -3.871177
v -0.7366028 1.018391 -3.87544
v -0.7366028 1.024944 -3.877449
v -0.7366028 1.057312 -3.887383
v -0.7366028 1.764112 -4.104328
v -0.7366028 2.043248 -4.19001
v -0.7366028 0.7138673 -3.755696
v -0.7366028 0.7193345 -3.756406
v -0.7366028 0.844225 -3.772722
v -0.7366028 0.9298168 -3.783911
v -0.7366028 0.9528939 -3.786925
v -0.7366028 1.008664 -3.794206
v -0.7366028 1.028824 -3.796837
v -0.7366028 1.038529 -3.798104
v -0.7366028 1.069572 -3.802165
v -0.7366028 1.684077 -3.882427
v -0.7366028 2.043248 -3.929338
v -0.7366028 0.4438194 -3.2876
v -0.7366028 0.5116532 -3.2876
v -0.7366028 0.5516552 -3.2876
v -0.7366028 0.6782724 -3.2876
v -0.7366028 0.7295321 -3.2876
v -0.7366028 0.836822 -3.2876
v -0.7366028 0.8850911 -3.2876
v -0.7366028 0.9170154 -3.2876
v -0.7366028 1.011688 -3.2876
v -0.7366028 1.036013 -3.2876
v -0.7366028 1.096415 -3.2876
v -0.7366028 1.125934 -3.2876
v -0.7366028 1.143601 -3.2876
v -0.7366028 1.469539 -3.2876
v -0.1305389 0.4438195 -3.696226
v -0.1961212 0.4438193 -3.2876
v -0.1305389 0.4438193 -3.2876
v -0.1305389 0.4438195 -3.718322
v -0.4034653 0.4438193 -3.2876
v 0.1878738 0.4438193 -3.2876
v -0.1269989 0.4438195 -3.718311
v 0.4499741 2.120958 -1.733243
v -0.5366058 2.120958 -1.733243
v 0.4499741 2.544926 -1.733243
v -0.5366058 2.544926 -1.733243
v 1.436554 2.120958 -1.733243
v 1.436554 2.544926 -1.733243
v 1.636551 0.4438193 -1.733243
v -0.7366028 0.4438193 -1.733243
v -0.7366028 1.309888 -1.733243
v 1.636551 1.314517 -1.733243
v 0.4499741 2.120958 -1.624919
v -0.4656448 2.066009 -1.624919
v -0.3305817 2.120958 -1.624919
v 1.23053 2.120958 -1.624919
v 1.365601 2.066009 -1.624919
v 1.388763 2.043248 -1.624919
v 1.388763 1.314517 -1.624919
v -0.4888153 1.309888 -1.624919
v -0.4888153 2.043248 -1.624919
v -0.7073212 2.066009 -1.733243
v -0.3033524 2.120958 -1.628696
v -0.2949295 2.120958 -1.624919
v 1.607269 2.066009 -1.733243
v 1.636551 2.043248 -1.733243
v -0.4891434 1.310853 -1.625061
v -0.4888153 1.310855 -1.624919
v -0.7366028 2.043248 -1.733243
v 1.536552 2.120958 -2.041591
v 1.536552 2.120958 -1.79415
v 1.536552 2.19419 -2.041591
v 1.536552 2.544926 -1.79415
v 1.536552 2.544926 -2.041591
v 1.536552 2.487074 -3.226693
v 1.536552 2.487075 -3.031218
v 1.536552 2.544926 -3.226693
v 1.536552 2.487075 -2.041591
v 1.536552 2.176233 -3.226693
v 1.536552 2.120958 -3.226693
v 1.536552 2.176233 -2.041591
v 1.636551 2.043248 -2.041591
v 1.615906 2.059292 -2.041591
v 1.544746 2.11459 -3.104313
v 1.544746 2.11459 -2.041591
v 1.536545 2.088772 -1.733243
v 1.636551 1.769288 -2.041591
v 1.636551 1.736406 -2.041591
v 1.636551 1.668914 -2.041591
v 1.636551 1.525086 -2.041591
v 1.636551 1.224797 -2.041591
v 1.636551 1.111631 -2.041591
v 1.636551 0.8933407 -2.041591
v 1.636551 0.8788419 -2.041591
v 1.636551 0.7305179 -1.99349
v 1.636551 0.5546085 -1.974085
v 1.636551 0.4438193 -1.989855
v 1.606186 0.8788499 -2.041591
v 1.536552 0.8558298 -2.034123
v 1.536552 0.7305177 -1.993484
v 1.536552 0.8788495 -2.041591
v 1.536552 0.6937965 -1.989434
v 1.536552 0.5546085 -1.974085
v 1.536552 0.531481 -1.977376
v 1.536552 0.4438193 -1.989855
v 1.53656 0.4438194 -1.746688
v 1.53656 0.4438193 -1.733243
v 1.53656 0.4438193 -1.787703
v 1.53656 0.4438193 -1.990422
v 1.636551 1.221248 -2.658427
v 1.636551 1.156479 -2.802478
v 1.636551 1.038306 -2.922882
v 1.636551 0.8907801 -3.005077
v 1.636551 0.7103467 -3.059771
v 1.636551 0.5468889 -3.07214
v 1.636551 0.4438193 -3.06428
v 1.636551 1.25102 -2.529365
v 1.636551 1.232292 -2.401248
v 1.636551 1.161914 -2.25771
v 1.636551 1.047479 -2.139091
v 1.636551 0.8888904 -2.044849
v 1.544746 0.8907801 -3.005077
v 1.544746 0.7449259 -3.049291
v 1.544746 0.7103466 -3.059771
v 1.544746 0.578215 -3.069771
v 1.544746 0.5468889 -3.07214
v 1.544746 0.4635724 -3.065787
v 1.544746 0.4438193 -3.06428
v 1.544746 1.047479 -2.139091
v 1.544746 1.139983 -2.234981
v 1.544746 1.161914 -2.25771
v 1.544746 1.218804 -2.373737
v 1.544746 1.232292 -2.401248
v 1.544746 1.25102 -2.529365
v 1.544746 1.226954 -2.633694
v 1.544746 1.221248 -2.658427
v 1.544746 1.247431 -2.504807
v 1.544746 1.038306 -2.922882
v 1.544746 0.9190527 -2.989323
v 1.544746 1.168892 -2.774868
v 1.544746 1.156479 -2.802472
v 1.544746 1.060954 -2.899803
v 1.544746 0.8888904 -2.044849
v 1.544746 1.017086 -2.121034
v 1.544746 0.8788484 -2.041591
v 1.544746 0.4438193 -3.063052
v 1.536552 0.7480127 -3.048357
v 1.536552 0.8907801 -3.005077
v 1.536552 0.7103467 -3.059771
v 1.536552 0.5810112 -3.069553
v 1.536552 0.5468889 -3.07214
v 1.536552 0.4653357 -3.065923
v 1.536552 0.4438194 -3.06428
v 1.536552 1.138025 -2.23295
v 1.536552 1.047479 -2.139091
v 1.536552 1.161914 -2.25771
v 1.536552 1.2176 -2.371281
v 1.536552 1.232292 -2.401248
v 1.536552 1.227463 -2.631484
v 1.536552 1.25102 -2.529365
v 1.536552 1.221248 -2.658427
v 1.536552 1.247111 -2.502619
v 1.536552 0.9215765 -2.987921
v 1.536552 1.038306 -2.922882
v 1.536552 1.17 -2.772407
v 1.536552 1.156479 -2.802478
v 1.536552 1.062975 -2.897746
v 1.536552 1.014373 -2.119418
v 1.536552 0.8888904 -2.044849
v 1.536552 0.4438193 -3.062943
v 1.536552 0.4438193 -3.287605
v -0.6366043 2.120958 -1.79415
v -0.6366043 2.120958 -2.041591
v -0.6366043 2.471695 -2.041591
v -0.6366043 2.544926 -2.041591
v -0.6366043 2.120958 -3.226693
v -0.6366043 2.544926 -3.226693
v -0.717514 2.058083 -2.041591
v -0.7366028 2.043248 -2.041591
v -0.7159576 2.059293 -2.041591
v -0.6365967 2.088772 -1.733243
v -0.7366028 0.4438193 -1.985188
v -0.7366028 0.5403578 -1.976487
v -0.7366028 0.7135879 -1.98801
v -0.7366028 0.9118892 -2.041591
v -0.7366028 0.878616 -2.041591
v -0.7366028 1.088912 -2.041591
v -0.7366104 1.212146 -2.041591
v -0.7366104 1.500344 -2.041591
v -0.7366028 1.647239 -2.041591
v -0.7366028 1.733302 -2.041591
v -0.7366028 1.769402 -2.041591
v -0.7366028 0.9020636 -2.049205
v -0.7366028 1.029127 -2.125013
v -0.7366104 1.148868 -2.24122
v -0.7366028 1.222057 -2.372656
v -0.7366028 1.250997 -2.521412
v -0.7366028 1.23654 -2.641593
v -0.7366028 0.4438193 -3.065721
v -0.7366028 0.5453202 -3.072784
v -0.7366028 0.7373554 -3.053832
v -0.7366028 0.9095317 -2.997468
v -0.7366028 1.056607 -2.906124
v -0.7366028 1.162526 -2.789519
v -0.6365967 1.221787 -2.67108
v -0.6366043 1.162526 -2.789519
v -0.6365967 1.23654 -2.641593
v -0.6365967 1.248115 -2.54537
v -0.6365967 1.250997 -2.521407
v -0.6365967 1.227825 -2.402307
v -0.6365967 1.222057 -2.372656
v -0.6366043 1.163457 -2.267421
v -0.6365967 1.148868 -2.24122
v -0.6365967 1.02729 -2.924334
v -0.6365967 0.9095317 -2.997468
v -0.6365967 1.056607 -2.906124
v -0.6365967 1.141413 -2.812762
v -0.6365967 0.875212 -3.008701
v -0.6365967 0.7373554 -3.053832
v -0.6365967 0.7511566 -2.000204
v -0.6365967 0.8786182 -2.041591
v -0.6365967 0.7135879 -1.98801
v -0.6365967 0.9020636 -2.049205
v -0.6365967 0.5748876 -1.97879
v -0.6365967 0.5403578 -1.976492
v -0.6365967 0.4630623 -1.983452
v -0.6365967 0.4438194 -1.985182
v -0.6365967 0.9273912 -2.064309
v -0.6365967 1.029127 -2.125008
v -0.6365967 1.052996 -2.14818
v -0.6365967 0.6990772 -3.057615
v -0.6365967 0.5453202 -3.072779
v -0.6365967 0.5250882 -3.071376
v -0.6365967 0.4438193 -3.065716
v -0.6365967 0.4438194 -3.082806
v -0.7366028 0.4438193 -3.082806
v -0.6365967 0.4438193 -3.149919
v -0.7366028 0.4438193 -3.149919
v -0.7366028 0.4438193 -1.970067
v -0.6366043 0.4438193 -1.970073
v -0.7366028 0.4438193 -1.900422
v -0.6366043 0.4438193 -1.900411
v -0.6366043 0.4438193 -1.783587
v -0.6366043 0.4438193 -1.733243
v -0.6366043 0.4438193 -3.286721
v -0.7366028 0.4438193 -3.286715
v -0.6366043 0.4438193 -3.2876
v -0.5365906 0.4438193 -3.2876
v -0.6366043 0.4438193 -3.226688
v 1.450195 2.487075 -3.279292
v 1.523514 2.176233 -3.234636
v 1.536552 0.4438193 -3.226693
v 1.436554 0.4438193 -3.2876
v 1.472725 0.4438194 -1.755263
v 1.436562 0.4438193 -1.733243
v 1.530968 0.4438193 -1.790755
v 1.536552 0.4438193 -1.79415
v -0.6271057 0.4438193 -1.788369
v -0.5366058 0.4438193 -1.733249
v -0.6366043 0.4438193 -1.79415
v 1.501251 2.583781 -2.041591
v 1.501205 2.583781 -1.803074
v 1.332184 2.583781 -2.041591
v 0.4499435 2.583781 -2.041591
v 0.4499435 2.583781 -1.734297
v 1.421906 2.583781 -1.754777
v 0.2321625 2.583781 -2.041591
v -0.6013031 2.583781 -2.041591
v -0.6012573 2.583781 -1.803074
v -0.5219879 2.583781 -1.753773
v 1.144753 2.583781 -3.241224
v 0.4499435 2.583781 -3.286595
v 1.144753 2.583781 -3.272638
v 1.144753 2.583781 -2.306089
v 1.144753 2.583781 -2.041591
v -0.5219879 2.583781 -3.26707
v -0.6015091 2.583781 -3.217927
v 1.501457 2.583781 -3.217927
v 1.421936 2.583781 -3.26707
v 1.144753 2.5727 -3.272927
v 1.507126 2.577271 -2.041591
v -0.6305084 2.551679 -2.041591
v 1.157532 0.4665949 -2.041591
v 1.157532 0.4438193 -2.041591
v 1.157532 0.4438193 -1.989855
v 1.157532 0.6530803 -2.041591
v 1.157532 0.8625046 -2.041591
v 1.157532 0.7305179 -1.99349
v 1.157539 0.8788379 -2.041591
v 1.157532 0.5546085 -1.974085
v 1.157532 0.8907803 -3.005077
v 1.157532 0.7103467 -3.059771
v 1.157539 0.5468889 -3.07214
v 1.157532 0.4438193 -3.06428
v 1.157532 1.047479 -2.139091
v 1.157532 1.221249 -2.658427
v 1.157539 1.161914 -2.25771
v 1.157532 1.232292 -2.401248
v 1.157532 1.25102 -2.529365
v 1.157532 1.038306 -2.922882
v 1.157539 1.156479 -2.802478
v 1.157532 0.8888905 -2.044849
v 1.157776 0.4438193 -1.992524
v 1.160492 0.4438193 -1.99254
v 1.157768 0.4438193 -1.994636
v 1.160568 0.4438193 -2.041591
v 1.160568 0.4438193 -3.06428
v 1.157547 0.4438193 -3.077364
v 1.165413 0.4438193 -1.989855
v 1.162033 0.4438193 -3.057926
v 1.157547 0.4438193 -3.057954
v 1.166557 0.4438194 -3.06428
v 1.216805 0.4438193 -1.961869
v 1.157776 0.4438194 -1.961863
v 1.53656 0.4438193 -1.961863
v 1.329468 0.4438193 -1.900504
v 1.157791 0.4438193 -1.900504
v 1.329475 0.4438193 -1.900498
v 1.53656 0.4438193 -1.900498
v 1.286026 0.4438194 -1.780361
v 1.157814 0.4438194 -1.7976
v 1.157822 0.4438194 -1.780361
v 1.513908 0.4438193 -1.780361
v 1.157829 0.4438193 -1.733243
v 1.536552 2.480705 -2.041591
v 1.157654 2.186258 -2.041591
v 1.157646 2.176233 -2.041591
v 1.157639 2.487074 -2.041591
v 1.536545 2.487074 -2.521194
v 1.201088 2.487074 -2.521194
v 1.157616 2.487074 -2.151094
v 1.157532 2.487074 -2.521199
v 1.536545 2.176233 -2.615419
v 1.536545 2.176233 -2.111351
v 1.477341 2.176233 -2.615419
v 1.157532 2.176233 -2.615419
v 1.177719 0.4438194 -3.079946
v 1.157547 0.4438193 -3.079941
v 1.536552 0.4438193 -3.079935
v 1.220924 0.4438194 -3.140568
v 1.157532 0.4438193 -3.140568
v 1.53656 0.4438193 -3.140568
v 1.157501 0.4438194 -3.2876
v 1.291107 2.487074 -3.2876
v 1.157379 2.487074 -3.2876
v 1.398384 2.176233 -3.2876
v 1.157394 2.176233 -3.2876
v -0.2349091 0.864194 -2.041591
v -0.2349091 0.8786153 -2.041591
v -0.2349091 0.7135876 -1.98801
v -0.2349091 0.5403577 -1.976487
v -0.2349091 0.4438193 -1.985188
v -0.2349091 0.8475672 -2.041591
v -0.2349091 0.6799148 -2.041591
v -0.2349091 0.5991405 -2.041591
v -0.2349091 0.4593124 -2.041591
v -0.2349091 0.4438193 -2.041591
v -0.2349167 1.162526 -2.789519
v -0.2349091 1.23654 -2.641593
v -0.2349167 1.250997 -2.521412
v -0.2349091 1.222057 -2.372656
v -0.2349167 1.148868 -2.24122
v -0.2349091 0.9095317 -2.997468
v -0.2349091 1.056607 -2.906124
v -0.2349091 0.7373554 -3.053832
v -0.2349091 0.9020636 -2.049205
v -0.2349091 1.029127 -2.125013
v -0.2349091 0.4438193 -3.065721
v -0.2349091 0.5453202 -3.072784
v -0.2973175 0.8786182 -2.041591
v -0.2352295 0.4438194 -1.985198
v -0.2352219 0.4438194 -2.041591
v -0.2362366 0.4438193 -2.041591
v -0.2364807 0.4438193 -1.985193
v -0.2351913 0.4438193 -2.289397
v -0.2351151 0.4438193 -3.064695
v -0.2351074 0.4438193 -3.065721
v -0.245842 0.4438193 -3.082801
v -0.2351151 0.4438193 -3.068865
v -0.2351151 0.4438193 -3.082801
v -0.2975159 0.4438193 -3.149941
v -0.2351074 0.4438193 -3.149941
v -0.2352142 0.4438193 -1.98486
v -0.2661819 0.4438193 -1.970078
v -0.2352142 0.4438193 -1.970073
v -0.4045715 0.4438193 -1.9004
v -0.2352219 0.4438193 -1.9004
v -0.2352371 0.4438193 -1.733249
v -0.402771 0.4438193 -3.286694
v -0.2350922 0.4438194 -3.286699
v -0.5380783 0.4438193 -3.286694
v -0.2350922 0.4438194 -3.2876
v 1.096794 0.4438193 -2.041591
v -0.2318954 0.4438193 -3.064684
v 1.14476 0.4438193 -2.041591
v 1.144753 0.4438193 -3.058014
v 1.14476 0.4438193 -3.132768
v 1.144753 2.176233 -2.041591
v 1.144753 2.487074 -2.041591
v 1.144753 2.373337 -3.2876
v 2.765545 0.8237237 -0.9848672
v 2.765545 0.8337237 -0.9867831
v -2.134457 0.8237237 -0.9848672
v -2.134457 0.8337237 -0.9867831
v 2.765545 0.8337237 -0.9796325
v 2.765545 0.8287235 -0.9786718
v -2.134457 0.8337237 -0.9796325
v -2.134457 0.8287235 -0.9786718
v 2.765545 0.816403 -0.9796325
v -2.134457 0.816403 -0.9796325
v 2.765545 0.8250633 -0.9760517
v -2.134457 0.8250633 -0.9760517
v 2.765545 0.8137237 -0.9724764
v -2.134457 0.8137237 -0.9724764
v 2.765545 0.8237237 -0.9724764
v -2.134457 0.8237237 -0.9724764
v 2.765545 0.816403 -0.9653202
v -2.134457 0.816403 -0.9653202
v 2.765545 0.8250633 -0.968901
v -2.134457 0.8250633 -0.968901
v 2.765545 0.8237237 -0.9600855
v -2.134457 0.8237237 -0.9600855
v 2.765545 0.8287235 -0.9662809
v -2.134457 0.8287235 -0.9662809
v 2.765545 0.8337237 -0.9581695
v -2.134457 0.8337237 -0.9581695
v 2.765545 0.8337237 -0.9653202
v -2.134457 0.8337237 -0.9653202
v 2.765545 0.8437237 -0.9600855
v -2.134457 0.8437237 -0.9600855
v 2.765545 0.8387238 -0.9662809
v -2.134457 0.8387238 -0.9662809
v 2.765545 0.8510443 -0.9653202
v -2.134457 0.8510443 -0.9653202
v 2.765545 0.842384 -0.968901
v -2.134457 0.842384 -0.968901
v 2.765545 0.8537236 -0.9724764
v -2.134457 0.8537236 -0.9724764
v 2.765545 0.8437237 -0.9724764
v -2.134457 0.8437237 -0.9724764
v 2.765545 0.8510443 -0.9796325
v -2.134457 0.8510443 -0.9796325
v 2.765545 0.842384 -0.9760517
v -2.134457 0.842384 -0.9760517
v 2.765545 0.8437237 -0.9848672
v -2.134457 0.8437237 -0.9848672
v 2.765545 0.8387238 -0.9786718
v -2.134457 0.8387238 -0.9786718
v 1.548748 1.214165 -1.382494
v 1.53875 1.214165 -1.382494
v 1.548748 1.291875 -1.382494
v 1.53875 1.291875 -1.382494
v 1.53875 1.214165 -1.39101
v 1.53875 1.291875 -1.39101
v 1.548748 1.214165 -1.39101
v 1.548748 1.291875 -1.39101
v -0.72826 1.557659 -3.175361
v -0.7382622 1.557659 -3.175361
v -0.72826 1.619827 -3.175361
v -0.7382622 1.619827 -3.175361
v -0.7382622 1.557659 -4.878009
v -0.7382622 1.619827 -4.878009
v -0.72826 1.557659 -4.878009
v -0.72826 1.619827 -4.878009
v -0.9194603 0.2448262 -0.9796325
v -0.9194603 0.5479351 -1.104835
v -0.9294624 0.2448262 -0.9796325
v -0.9294624 0.5479351 -1.104835
v -0.9194603 0.5479351 -1.076216
v -0.9194603 0.2794672 -0.9653202
v -0.9294624 0.5479351 -1.076216
v -0.9294624 0.2794672 -0.9653202
v -0.9194603 0.2448262 -0.7292167
v -0.9294624 0.2448262 -0.7292167
v -0.9194603 0.2794672 -0.743529
v -0.9294624 0.2794672 -0.743529
v -0.9194603 0.5479351 -0.6040143
v -0.9294624 0.5479351 -0.6040143
v -0.9194603 0.5479351 -0.6326334
v -0.9294624 0.5479351 -0.6326334
v -0.9194603 0.8510441 -0.7292167
v -0.9294624 0.8510441 -0.7292167
v -0.9194603 0.816403 -0.743529
v -0.9294624 0.816403 -0.743529
v -0.9194603 0.8510441 -0.9796325
v -0.9294624 0.8510441 -0.9796325
v -0.9194603 0.816403 -0.9653202
v -0.9294624 0.816403 -0.9653202
v 1.2034 1.328365 -1.595033
v 1.153397 1.328365 -1.595033
v 1.2034 2.57173 -1.595033
v 1.153397 2.57173 -1.595033
v 1.153397 1.328365 -1.625492
v 1.153397 2.57173 -1.625492
v 1.2034 1.328365 -1.625492
v 1.2034 2.57173 -1.625492
v -2.133461 0.547935 -1.08591
v -2.18346 0.547935 -1.08591
v -2.133461 0.547935 -0.8079179
v -2.18346 0.547935 -0.8079179
v -2.18346 0.6074297 -0.8079179
v -2.133461 0.6074297 -0.8079179
v -0.2465973 1.328364 -1.351402
v -0.2965965 1.328364 -1.351402
v -0.2465973 1.481617 -1.351397
v -0.2966003 1.481617 -1.351397
v -0.2965965 1.328364 -1.595039
v -0.2965965 1.639206 -1.595039
v -0.2465973 1.328364 -1.595039
v -0.2465973 1.639206 -1.595039
v 1.2034 1.325964 -0.8980492
v 1.153397 1.325964 -0.8980492
v 1.2034 2.564598 -0.8205162
v 1.153397 2.564598 -0.8205162
v 1.153397 1.329674 -0.9283878
v 1.153397 2.568308 -0.8508547
v 1.2034 1.329674 -0.9283878
v 1.2034 2.568308 -0.8508547
v 1.638741 1.557659 -3.175361
v 1.628738 1.557659 -3.175361
v 1.638741 1.619827 -3.175361
v 1.628738 1.619827 -3.175361
v 1.628738 1.557659 -4.878009
v 1.628738 1.619827 -4.878009
v 1.638741 1.557659 -4.878009
v 1.638741 1.619827 -4.878009
v -0.72826 1.390308 -2.511396
v -0.7382622 1.390308 -2.511396
v -0.72826 1.451499 -2.503536
v -0.7382622 1.451499 -2.503536
v -0.7382622 1.558453 -3.181748
v -0.7382622 1.619644 -3.173887
v -0.72826 1.558453 -3.181748
v -0.72826 1.619644 -3.173887
v 0.6889801 0.4699229 -1.158498
v 0.2103119 0.4699229 -1.158498
v 0.6889801 0.6130389 -1.158498
v 0.2103119 0.6130389 -1.158498
v -0.1852493 0.492427 -1.405
v -0.300354 0.4447215 -1.75743
v -0.1852493 1.018698 -1.452888
v -0.300354 1.066404 -1.75743
v 1.199646 0.4447215 -1.75743
v 1.199646 1.066404 -1.75743
v 1.084541 0.492427 -1.405
v 1.084541 1.018698 -1.452888
v 0.9554672 0.4831223 -1.308629
v -0.05617523 0.4831223 -1.308629
v 0.9554672 0.9024059 -1.345273
v -0.05617523 0.9024059 -1.345273
v 0.1315994 0.7336053 -1.246724
v 0.7676926 0.7336053 -1.246724
v 0.2103119 0.6683103 -1.202428
v 0.6889801 0.6683103 -1.202428
v 0.6889801 0.3579332 -1.202428
v 0.2103119 0.3579332 -1.202428
v 0.6889801 0.357933 -1.158498
v 0.2103119 0.357933 -1.158498
v 0.2103119 0.6683103 -1.201822
v 0.6889801 0.6683103 -1.201822
v 0.6889801 0.469923 -1.202428
v 0.2103119 0.469923 -1.202428
v 0.6676941 0.4699711 -1.283367
v 0.2315979 0.4699711 -1.283367
v 0.6676941 0.3545864 -1.246724
v 0.2315979 0.3545864 -1.246724
v 0.6942444 0.4699262 -1.205392
v 0.6889801 0.3545382 -1.202428
v 0.6942444 0.3545414 -1.205392
v 0.2050476 0.4699262 -1.205392
v 0.2050476 0.3545414 -1.205392
v 0.2103119 0.3545382 -1.202428
v 0.843277 0.4752645 -1.293537
v 0.7676926 0.5476816 -1.246724
v 0.7432251 0.490711 -1.246309
v 0.1315994 0.5476816 -1.246724
v 0.05601501 0.4752645 -1.293537
v 0.1560669 0.490711 -1.246309
v 0.4934692 1.305514 -1.369934
v 0.4134674 1.305514 -1.369934
v 0.4934692 1.538645 -1.369934
v 0.4134674 1.538645 -1.369934
v 0.4034691 1.305514 -1.376026
v 0.4034691 1.305514 -1.424754
v 0.4034691 1.538645 -1.376026
v 0.4034691 1.538645 -1.424754
v 0.4134674 1.305514 -1.430846
v 0.4934692 1.305514 -1.430846
v 0.4134674 1.538645 -1.430846
v 0.4934692 1.538645 -1.430846
v 0.5034676 1.305514 -1.424754
v 0.5034676 1.305514 -1.376026
v 0.5034676 1.538645 -1.424754
v 0.5034676 1.538645 -1.376026
v 2.765545 0.8237237 -0.7487637
v 2.765545 0.8337237 -0.7506797
v -2.134457 0.8237237 -0.7487637
v -2.134457 0.8337237 -0.7506797
v 2.765545 0.8337237 -0.743529
v 2.765545 0.8287235 -0.7425683
v -2.134457 0.8337237 -0.743529
v -2.134457 0.8287235 -0.7425683
v 2.765545 0.816403 -0.743529
v -2.134457 0.816403 -0.743529
v 2.765545 0.8250633 -0.7399482
v -2.134457 0.8250633 -0.7399482
v 2.765545 0.8137237 -0.7363728
v -2.134457 0.8137237 -0.7363728
v 2.765545 0.8237237 -0.7363728
v -2.134457 0.8237237 -0.7363728
v 2.765545 0.816403 -0.7292167
v -2.134457 0.816403 -0.7292167
v 2.765545 0.8250633 -0.7327975
v -2.134457 0.8250633 -0.7327975
v 2.765545 0.8237237 -0.723982
v -2.134457 0.8237237 -0.723982
v 2.765545 0.8287235 -0.7301774
v -2.134457 0.8287235 -0.7301774
v 2.765545 0.8337237 -0.722066
v -2.134457 0.8337237 -0.722066
v 2.765545 0.8337237 -0.7292167
v -2.134457 0.8337237 -0.7292167
v 2.765545 0.8437237 -0.723982
v -2.134457 0.8437237 -0.723982
v 2.765545 0.8387238 -0.7301774
v -2.134457 0.8387238 -0.7301774
v 2.765545 0.8510443 -0.7292167
v -2.134457 0.8510443 -0.7292167
v 2.765545 0.842384 -0.7327975
v -2.134457 0.842384 -0.7327975
v 2.765545 0.8537236 -0.7363728
v -2.134457 0.8537236 -0.7363728
v 2.765545 0.8437237 -0.7363728
v -2.134457 0.8437237 -0.7363728
v 2.765545 0.8510443 -0.743529
v -2.134457 0.8510443 -0.743529
v 2.765545 0.842384 -0.7399482
v -2.134457 0.842384 -0.7399482
v 2.765545 0.8437237 -0.7487637
v -2.134457 0.8437237 -0.7487637
v 2.765545 0.8387238 -0.7425683
v -2.134457 0.8387238 -0.7425683
v 2.766537 0.5154351 -0.8946977
v 2.766537 0.5479351 -0.9009313
v -2.133465 0.5154351 -0.8946977
v -2.133465 0.5479351 -0.9009313
v 2.766537 0.5479351 -0.8937752
v 2.766537 0.5204352 -0.8885022
v -2.133465 0.5479351 -0.8937752
v -2.133465 0.5204352 -0.8885022
v 2.766537 0.4916435 -0.877678
v -2.133465 0.4916435 -0.877678
v 2.766537 0.5003039 -0.8740972
v -2.133465 0.5003039 -0.8740972
v 2.766537 0.4829351 -0.8544246
v -2.133465 0.4829351 -0.8544246
v 2.766537 0.4929351 -0.8544246
v -2.133465 0.4929351 -0.8544246
v 2.766537 0.4916435 -0.8311712
v -2.133465 0.4916435 -0.8311712
v 2.766537 0.5003039 -0.834752
v -2.133465 0.5003039 -0.834752
v 2.766537 0.5154351 -0.8141515
v -2.133465 0.5154351 -0.8141515
v 2.766537 0.5204352 -0.820347
v -2.133465 0.5204352 -0.820347
v 2.766537 0.5479351 -0.8079179
v 2.766537 0.5479351 -0.815074
v -2.133465 0.5479351 -0.815074
v 2.766537 0.5804352 -0.8141515
v -2.133465 0.5804352 -0.8141515
v 2.766537 0.575435 -0.820347
v -2.133465 0.575435 -0.820347
v 2.766537 0.6042267 -0.8311712
v -2.133465 0.6042267 -0.8311712
v 2.766537 0.5955664 -0.834752
v -2.133465 0.5955664 -0.834752
v 2.766537 0.6129352 -0.8544246
v -2.133465 0.6129352 -0.8544246
v 2.766537 0.6029352 -0.8544246
v -2.133465 0.6029352 -0.8544246
v 2.766537 0.6042267 -0.877678
v -2.133465 0.6042267 -0.877678
v 2.766537 0.5955664 -0.8740972
v -2.133465 0.5955664 -0.8740972
v 2.766537 0.5804352 -0.8946977
v -2.133465 0.5804352 -0.8946977
v 2.766537 0.5754353 -0.8885022
v -2.133465 0.5754353 -0.8885022
v -0.2466011 1.288318 -0.9116791
v -0.2466011 1.292676 -0.947318
v -0.2466011 2.526952 -0.8341516
v -0.2466011 2.53131 -0.8697849
v 1.14957 1.292676 -0.947318
v 1.14957 2.53131 -0.8697849
v 1.14957 1.288318 -0.9116791
v 1.14957 2.526952 -0.8341516
v 2.038746 1.17531 -1.382494
v 1.538746 1.17531 -1.382494
v 2.038746 1.214165 -1.382494
v 1.538746 1.17531 -1.72302
v 1.538746 1.214165 -1.72302
v 2.038746 1.17531 -1.72302
v 2.038746 1.214165 -1.72302
v 0.712677 1.538758 -1.274541
v 0.1987572 1.538758 -1.274541
v 0.712677 1.547891 -1.274541
v 0.1987572 1.547891 -1.274541
v 0.1987572 1.538758 -1.457271
v 0.1987572 1.547891 -1.457271
v 0.712677 1.538758 -1.457271
v 0.712677 1.547891 -1.457271
v 0.6998291 1.557025 -1.280632
v 0.2116051 1.557025 -1.280632
v 0.6998291 1.557025 -1.451179
v 0.2116051 1.557025 -1.451179
v -0.2465973 2.57173 -1.595033
v -0.2966003 2.57173 -1.595033
v -0.2966003 1.328365 -1.625492
v -0.2966003 2.57173 -1.625492
v -0.2465973 1.328365 -1.625492
v -0.2465973 2.57173 -1.625492
v -0.2465973 1.325964 -0.8980492
v -0.2966003 1.325964 -0.8980492
v -0.2465973 2.564598 -0.8205162
v -0.2966003 2.564598 -0.8205162
v -0.2966003 1.329674 -0.9283878
v -0.2966003 2.568308 -0.8508547
v -0.2465973 1.329674 -0.9283878
v -0.2465973 2.568308 -0.8508547
v 2.816536 0.547935 -1.08591
v 2.766533 0.547935 -1.08591
v 2.816536 0.547935 -0.8079179
v 2.766533 0.6074297 -1.08591
v 2.766533 0.6074297 -0.8079179
v 2.816536 0.6074297 -1.08591
v 2.816536 0.6074297 -0.8079179
v 1.603401 2.512081 -0.7303957
v 1.603401 2.550936 -0.7303957
v 1.303398 2.550936 -0.7303957
v 1.303398 2.512081 -0.7608544
v 1.303398 2.550936 -0.7608544
v 1.603401 2.512081 -0.7608544
v 1.603401 2.550936 -0.7608544
v 1.564548 2.412081 -0.7303957
v 1.564548 2.512081 -0.7303957
v 1.603405 2.412081 -0.7303957
v 1.564548 2.512081 -0.7608544
v 1.564548 2.412081 -0.7608544
v 1.603405 2.412081 -0.7608544
v 2.434742 0.3703724 -1.49542
v 2.334743 0.3703724 -1.49542
v 2.434742 0.3703724 -1.467626
v 2.334743 0.3703724 -1.467626
v 2.334743 1.08431 -1.49542
v 2.334743 1.08431 -1.467626
v 2.434742 1.08431 -1.49542
v 2.434742 1.08431 -1.467626
v 1.153397 1.328364 -0.9189882
v 1.103394 1.328364 -0.9189882
v 1.153397 2.57173 -0.834359
v 1.103394 2.57173 -0.834359
v 1.103394 1.328364 -1.625492
v 1.103394 2.57173 -1.625492
v -2.263264 0.1263212 -0.6814218
v -2.263264 0.1263212 -1.381326
v -2.263264 0.5386297 -1.373346
v -2.323261 0.5386297 -1.373346
v 1.564556 2.262081 -0.7303957
v 1.665577 2.262081 -0.7303957
v 1.665577 2.412081 -0.7303957
v 1.665577 2.412081 -0.7608544
v 1.564556 2.262081 -0.7608544
v 1.665577 2.262081 -0.7608544
v 2.765545 0.5379354 -0.630712
v 2.765545 0.5479354 -0.6326334
v -2.134457 0.5379354 -0.630712
v -2.134457 0.5479354 -0.6326334
v 2.765545 0.5479354 -0.6254773
v 2.765545 0.5429353 -0.6245165
v -2.134457 0.5479354 -0.6254773
v -2.134457 0.5429353 -0.6245165
v 2.765545 0.5306147 -0.6254773
v -2.134457 0.5306147 -0.6254773
v 2.765545 0.5392751 -0.6218964
v -2.134457 0.5392751 -0.6218964
v 2.765545 0.5279354 -0.6183211
v -2.134457 0.5279354 -0.6183211
v 2.765545 0.5379354 -0.6183211
v -2.134457 0.5379354 -0.6183211
v 2.765545 0.5306147 -0.6111649
v -2.134457 0.5306147 -0.6111649
v 2.765545 0.5392751 -0.6147457
v -2.134457 0.5392751 -0.6147457
v 2.765545 0.5379354 -0.6059302
v -2.134457 0.5379354 -0.6059302
v 2.765545 0.5429353 -0.6121256
v -2.134457 0.5429353 -0.6121256
v 2.765545 0.5479354 -0.6040088
v -2.134457 0.5479354 -0.6040088
v 2.765545 0.5479354 -0.6111649
v -2.134457 0.5479354 -0.6111649
v 2.765545 0.5579354 -0.6059302
v -2.134457 0.5579354 -0.6059302
v 2.765545 0.5529355 -0.6121256
v -2.134457 0.5529355 -0.6121256
v 2.765545 0.565256 -0.6111649
v -2.134457 0.565256 -0.6111649
v 2.765545 0.5565957 -0.6147457
v -2.134457 0.5565957 -0.6147457
v 2.765545 0.5679353 -0.6183211
v -2.134457 0.5679353 -0.6183211
v 2.765545 0.5579354 -0.6183211
v -2.134457 0.5579354 -0.6183211
v 2.765545 0.565256 -0.6254773
v -2.134457 0.565256 -0.6254773
v 2.765545 0.5565957 -0.6218964
v -2.134457 0.5565957 -0.6218964
v 2.765545 0.5579354 -0.630712
v -2.134457 0.5579354 -0.630712
v 2.765545 0.5529355 -0.6245165
v -2.134457 0.5529355 -0.6245165
v 2.765545 0.5379351 -1.102919
v 2.765545 0.5479351 -1.10484
v -2.134457 0.5379351 -1.102919
v -2.134457 0.5479351 -1.10484
v 2.765545 0.5479351 -1.097684
v 2.765545 0.542935 -1.096724
v -2.134457 0.5479351 -1.097684
v -2.134457 0.542935 -1.096724
v 2.765545 0.5306145 -1.097684
v -2.134457 0.5306145 -1.097684
v 2.765545 0.5392748 -1.094103
v -2.134457 0.5392748 -1.094103
v 2.765545 0.5279351 -1.090528
v -2.134457 0.5279351 -1.090528
v 2.765545 0.5379351 -1.090528
v -2.134457 0.5379351 -1.090528
v 2.765545 0.5306145 -1.083372
v -2.134457 0.5306145 -1.083372
v 2.765545 0.5392748 -1.086953
v -2.134457 0.5392748 -1.086953
v 2.765545 0.5379351 -1.078137
v -2.134457 0.5379351 -1.078137
v 2.765545 0.542935 -1.084333
v -2.134457 0.542935 -1.084333
v 2.765545 0.5479351 -1.076216
v -2.134457 0.5479351 -1.076216
v 2.765545 0.5479351 -1.083372
v -2.134457 0.5479351 -1.083372
v 2.765545 0.5579351 -1.078137
v -2.134457 0.5579351 -1.078137
v 2.765545 0.5529352 -1.084333
v -2.134457 0.5529352 -1.084333
v 2.765545 0.5652558 -1.083372
v -2.134457 0.5652558 -1.083372
v 2.765545 0.5565954 -1.086953
v -2.134457 0.5565954 -1.086953
v 2.765545 0.5679351 -1.090528
v -2.134457 0.5679351 -1.090528
v 2.765545 0.5579351 -1.090528
v -2.134457 0.5579351 -1.090528
v 2.765545 0.5652558 -1.097684
v -2.134457 0.5652558 -1.097684
v 2.765545 0.5565954 -1.094103
v -2.134457 0.5565954 -1.094103
v 2.765545 0.5579351 -1.102919
v -2.134457 0.5579351 -1.102919
v 2.765545 0.5529352 -1.096724
v -2.134457 0.5529352 -1.096724
v 1.2034 1.328364 -1.351402
v 1.153397 1.328364 -1.351402
v 1.2034 1.481617 -1.351397
v 1.153397 1.481617 -1.351397
v 1.153397 1.639206 -1.595039
v 1.2034 1.639206 -1.595039
v 1.775311 2.853392 -1.794221
v 1.525555 2.555744 -1.794221
v 1.737007 2.885531 -1.794221
v 1.487251 2.587883 -1.794221
v 1.525555 2.555744 -3.241475
v 1.487251 2.587883 -3.241475
v 1.775311 2.853392 -3.241475
v 1.737007 2.885531 -3.241475
v 1.643402 1.289509 -1.212226
v -0.736599 1.289509 -1.212226
v 1.643402 1.328365 -1.212226
v -0.736599 1.328365 -1.212226
v -0.736599 1.289509 -1.72302
v -0.736599 1.328365 -1.72302
v 1.643402 1.289509 -1.72302
v 1.643402 1.328365 -1.72302
v 2.434742 0.4083152 -1.467626
v 2.334743 0.4083152 -1.467626
v 2.434742 0.4471704 -1.467626
v 2.334743 0.4471704 -1.467626
v 2.334743 0.4083152 -1.714504
v 2.334743 0.4471704 -1.714504
v 2.434742 0.4083152 -1.714504
v 2.434742 0.4471704 -1.714504
v -2.114468 0.2448262 -0.9796325
v -2.114468 0.5479351 -1.104835
v -2.12447 0.2448262 -0.9796325
v -2.12447 0.5479351 -1.104835
v -2.114468 0.2448262 -0.7292167
v -2.12447 0.2448262 -0.7292167
v -2.114468 0.5479351 -0.6040143
v -2.12447 0.5479351 -0.6040143
v -2.114468 0.8510441 -0.7292167
v -2.12447 0.8510441 -0.7292167
v -2.114468 0.8510441 -0.9796325
v -2.12447 0.8510441 -0.9796325
v -2.114468 0.5479351 -0.8544246
v -2.12447 0.5479351 -0.8544246
v -0.1965942 1.328364 -0.9189882
v -0.2465973 1.328364 -0.9189882
v -0.1965942 2.57173 -0.834359
v -0.2465973 2.57173 -0.834359
v -0.1965942 1.328364 -1.625492
v -0.1965942 2.57173 -1.625492
v 2.937538 0.1150316 -1.251249
v 2.937538 0.2449354 -1.322794
v -2.312462 0.1150316 -1.251249
v -2.312462 0.2449354 -1.322794
v 2.937538 0.2449354 -1.143929
v 2.937538 0.3444473 -1.180179
v -2.312462 0.2449354 -1.143929
v -2.312462 0.3444473 -1.180179
v 2.937538 0.1150316 -1.108159
v -2.312462 0.1150316 -1.108159
v 2.937538 0.3444473 -1.179229
v -2.312462 0.3444473 -1.179229
v 2.937538 0.2449354 -1.036614
v -2.312462 0.2449354 -1.036614
v 2.937538 0.2449354 -1.215479
v -2.312462 0.2449354 -1.215479
v 2.937538 0.3748392 -1.108159
v -2.312462 0.3748392 -1.108159
v 2.937538 0.1454235 -1.179229
v -2.312462 0.1454235 -1.179229
v 2.937538 0.3748392 -1.251249
v -2.312462 0.3748392 -1.251249
v 2.937538 0.1454235 -1.180179
v -2.312462 0.1454235 -1.180179
v 2.816536 0.2715393 -1.231997
v 2.766533 0.2715393 -1.231997
v 2.816536 0.5691873 -1.053306
v 2.766533 0.5691873 -1.053306
v 2.766533 0.3097819 -1.264606
v 2.816536 0.3097819 -1.264606
v 2.760532 0.2448262 -0.9796325
v 2.760532 0.5479351 -1.104835
v 2.75053 0.2448262 -0.9796325
v 2.75053 0.5479351 -1.104835
v 2.760532 0.2448262 -0.7292167
v 2.75053 0.2448262 -0.7292167
v 2.760532 0.5479351 -0.6040143
v 2.75053 0.5479351 -0.6040143
v 2.760532 0.8510441 -0.7292167
v 2.75053 0.8510441 -0.7292167
v 2.760532 0.8510441 -0.9796325
v 2.75053 0.8510441 -0.9796325
v 2.760532 0.5479351 -0.8544246
v 2.75053 0.5479351 -0.8544246
v 0.19841 1.540208 -1.463706
v 0.7123299 1.540208 -1.463706
v 0.19841 1.539466 -1.469776
v 0.7123299 1.539466 -1.469776
v 0.7123299 1.904149 -1.48649
v 0.7123299 1.903407 -1.492555
v 0.19841 1.904149 -1.48649
v 0.19841 1.903407 -1.492555
v 0.2112579 1.895793 -1.479853
v 0.699482 1.895793 -1.479853
v 0.2112579 1.550048 -1.45821
v 0.699482 1.550048 -1.45821
v 2.434742 0.9133152 -1.467626
v 2.334743 0.9133152 -1.467626
v 2.434742 0.9521704 -1.467626
v 2.334743 0.9521704 -1.467626
v 2.334743 0.9133152 -1.714504
v 2.334743 0.9521704 -1.714504
v 2.434742 0.9133152 -1.714504
v 2.434742 0.9521704 -1.714504
v 0.6034698 1.325224 -1.309028
v 0.3034668 1.325224 -1.309028
v 0.6034698 1.364079 -1.309028
v 0.3034668 1.364079 -1.309028
v 0.3034668 1.325224 -1.491752
v 0.3034668 1.364079 -1.491752
v 0.6034698 1.325224 -1.491752
v 0.6034698 1.364079 -1.491752
v 0.5534668 1.402934 -1.339481
v 0.3534698 1.402934 -1.339481
v 0.5534668 1.402934 -1.461299
v 0.3534698 1.402934 -1.461299
v 2.434742 0.7473152 -1.467626
v 2.334743 0.7473152 -1.467626
v 2.434742 0.7861704 -1.467626
v 2.334743 0.7861704 -1.467626
v 2.334743 0.7473152 -1.714504
v 2.334743 0.7861704 -1.714504
v 2.434742 0.7473152 -1.714504
v 2.434742 0.7861704 -1.714504
v 1.934746 1.08431 -1.467626
v 2.434746 1.123165 -1.467626
v 1.934746 1.08431 -1.72302
v 2.434746 1.123165 -1.72302
v 1.43655 2.846098 -3.463725
v 1.43655 2.54845 -3.285034
v 1.43655 2.873459 -3.440395
v 1.43655 2.575811 -3.261704
v -0.5202293 2.54845 -3.285034
v -0.5202293 2.575811 -3.261704
v -0.5202293 2.846098 -3.463725
v -0.5202293 2.873459 -3.440395
v 1.420177 2.54843 -1.713664
v 1.420177 2.846078 -1.534973
v 1.420177 2.575791 -1.736993
v 1.420177 2.873439 -1.558303
v -0.536602 2.846078 -1.534973
v -0.536602 2.873439 -1.558303
v -0.536602 2.54843 -1.713664
v -0.536602 2.575791 -1.736993
v 0.434536 0.2448262 -0.9796325
v 0.434536 0.5479351 -1.104835
v 0.4245338 0.2448262 -0.9796325
v 0.4245338 0.5479351 -1.104835
v 0.434536 0.5479351 -1.076216
v 0.434536 0.2794672 -0.9653202
v 0.4245338 0.5479351 -1.076216
v 0.4245338 0.2794672 -0.9653202
v 0.434536 0.2448262 -0.7292167
v 0.4245338 0.2448262 -0.7292167
v 0.434536 0.2794672 -0.743529
v 0.4245338 0.2794672 -0.743529
v 0.434536 0.5479351 -0.6040143
v 0.4245338 0.5479351 -0.6040143
v 0.434536 0.5479351 -0.6326334
v 0.4245338 0.5479351 -0.6326334
v 0.434536 0.8510441 -0.7292167
v 0.4245338 0.8510441 -0.7292167
v 0.434536 0.816403 -0.743529
v 0.4245338 0.816403 -0.743529
v 0.434536 0.8510441 -0.9796325
v 0.4245338 0.8510441 -0.9796325
v 0.434536 0.816403 -0.9653202
v 0.4245338 0.816403 -0.9653202
v 1.548748 1.214165 -1.714504
v 1.53875 1.214165 -1.714504
v 1.548748 1.291875 -1.714504
v 1.53875 1.291875 -1.714504
v 1.53875 1.291875 -1.72302
v 1.548748 1.214165 -1.72302
v 1.548748 1.291875 -1.72302

vt 2.976744 0.07632122
vt -2.323256 0.07632122
vt 2.976744 0.1263212
vt -2.323256 0.1263212
vt -0.6813248 0.07632122
vt -1.381325 0.07632122
vt -0.6813248 0.1263212
vt -1.381325 0.1263212
vt 2.323256 0.07632122
vt -2.976744 0.07632122
vt 2.323256 0.1263212
vt -2.976744 0.1263212
vt 1.381325 0.07632122
vt 0.6813248 0.07632122
vt 1.381325 0.1263212
vt 0.6813248 0.1263212
vt -2.976744 -0.6813248
vt 2.323256 -0.6813248
vt -2.976744 -1.381325
vt 2.323256 -1.381325
vt 2.976744 -1.381325
vt -2.323256 -1.381325
vt 2.976744 -0.6813248
vt -2.323256 -0.6813248
vt 0.6034989 0.2144246
vt 0.3034989 0.2144246
vt 0.6034989 0.2644248
vt 0.3034989 0.2644248
vt 0.3553855 0.2144246
vt 0.3053856 0.2144246
vt 0.3553855 0.2644248
vt 0.3053856 0.2644248
vt -0.3034989 0.2144246
vt -0.6034989 0.2144246
vt -0.3034989 0.2644248
vt -0.6034989 0.2644248
vt -0.3053856 0.2144246
vt -0.3553855 0.2144246
vt -0.3053856 0.2644248
vt -0.3553855 0.2644248
vt -0.6034989 0.3553855
vt -0.3034989 0.3553855
vt -0.6034989 0.3053856
vt -0.3034989 0.3053856
vt 0.6034989 0.3053856
vt 0.3034989 0.3053856
vt 0.6034989 0.3553855
vt 0.3034989 0.3553855
vt 0.5284994 0.1744251
vt 0.3784993 0.1744251
vt 0.5284994 0.3044252
vt 0.3784993 0.3044252
vt 0.3553856 0.1744251
vt 0.3053856 0.1744251
vt 0.3553856 0.3044252
vt 0.3053856 0.3044252
vt -0.3784993 0.1744251
vt -0.5284994 0.1744251
vt -0.3784993 0.3044252
vt -0.5284994 0.3044252
vt -0.3053856 0.1744251
vt -0.3553856 0.1744251
vt -0.3053856 0.3044252
vt -0.3553856 0.3044252
vt -0.5284994 0.3553855
vt -0.3784993 0.3553855
vt -0.5284994 0.3053856
vt -0.3784993 0.3053856
vt 0.5284994 0.3053856
vt 0.3784993 0.3053856
vt 0.5284994 0.3553855
vt 0.3784993 0.3553855
vt 0.5706233 0.06902647
vt 0.08311808 0.07097268
vt 0.5703701 0.1316698
vt 0.082865 0.133616
vt -0.181325 0.07632113
vt -1.881325 0.07632113
vt -0.181325 0.1263213
vt -1.881325 0.1263213
vt -0.08311796 0.07097268
vt -0.5706231 0.06902671
vt -0.08286512 0.1336157
vt -0.5703702 0.1316695
vt 1.881325 0.07632113
vt 0.181325 0.07632113
vt 1.881325 0.1263211
vt 0.181325 0.1263211
vt -0.5767438 -0.181325
vt -0.07674384 -0.181325
vt -0.5767438 -1.881325
vt -0.07674384 -1.881325
vt 0.5767441 -1.881325
vt 0.07674408 -1.881325
vt 0.5767441 -0.181325
vt 0.07674408 -0.181325
vt -0.4259982 0.6548586
vt -0.5371108 0.6548586
vt -0.4259982 0.6648583
vt -0.5371108 0.6648583
vt 0.4282503 0.6548586
vt 0.4110804 0.6548586
vt 0.4282503 0.6648583
vt 0.4110804 0.6648583
vt 0.0789118 0.6548586
vt -0.04813725 0.6548586
vt 0.0789118 0.6648512
vt -0.04813725 0.6648583
vt -0.009886652 0.6548586
vt -0.0629001 0.6548586
vt -0.009886652 0.6648583
vt -0.0629001 0.6648512
vt 0.5213147 0.6548586
vt 0.3853472 0.6548586
vt 0.5213147 0.6648588
vt 0.3853472 0.6648588
vt -0.4178779 0.6548586
vt -0.4887841 0.6548586
vt -0.4178779 0.6648588
vt -0.4887841 0.6648588
vt 0.8331319 0.6548586
vt 0.7060829 0.6548586
vt 0.8331319 0.6648583
vt 0.7060829 0.6648512
vt -0.7331028 0.6548586
vt -0.7861161 0.6548586
vt -0.7331028 0.6648512
vt -0.7861161 0.6648583
vt 0.8799567 0.6548586
vt 0.7688441 0.6548586
vt 0.8799567 0.6648583
vt 0.7688441 0.6648583
vt -0.8337226 0.6548586
vt -0.850893 0.6548586
vt -0.8337226 0.6648583
vt -0.850893 0.6648583
vt 0.4818416 0.6548586
vt 0.370729 0.6548586
vt 0.4818416 0.6648583
vt 0.370729 0.6648583
vt -0.3443418 0.6548586
vt -0.3615117 0.6548586
vt -0.3443418 0.6648583
vt -0.3615117 0.6648583
vt -0.03007297 0.6548586
vt -0.157122 0.6548586
vt -0.03007297 0.6648583
vt -0.157122 0.6648583
vt 0.1393183 0.6548586
vt 0.08630487 0.6548586
vt 0.1393183 0.6648583
vt 0.08630487 0.6648512
vt -0.3853472 0.6548586
vt -0.5213147 0.6548586
vt -0.3853472 0.6648583
vt -0.5213147 0.6648583
vt 0.4887841 0.6548586
vt 0.4178779 0.6548586
vt 0.4887841 0.6648588
vt 0.4178779 0.6648588
vt -0.6278728 0.6548586
vt -0.7549218 0.6548586
vt -0.6278728 0.6648583
vt -0.7549218 0.6648583
vt 0.7096977 0.6548586
vt 0.6566844 0.6548586
vt 0.7096977 0.6648512
vt 0.6566844 0.6648583
vt -0.7135749 0.6548586
vt -0.824688 0.6548586
vt -0.7135749 0.6648583
vt -0.824688 0.6648583
vt 0.7841554 0.6548586
vt 0.7669854 0.6548586
vt 0.7841554 0.6648583
vt 0.7669854 0.6648583
vt 0.233331 -0.6754999
vt 0.2753497 -0.5726376
vt 0.3633316 -0.6754999
vt 0.3713348 -0.6603093
vt -0.2753497 -0.5726376
vt -0.233331 -0.6754999
vt -0.3713348 -0.6603093
vt -0.3633316 -0.6754999
vt 0.3853457 -0.5090652
vt 0.4178779 -0.6349294
vt -0.3853457 -0.5090652
vt -0.4178779 -0.6349294
vt 0.5213147 -0.5090652
vt 0.4887838 -0.6349292
vt -0.5213147 -0.5090652
vt -0.4887838 -0.6349292
vt 0.6313148 -0.5726378
vt 0.5353266 -0.6603098
vt -0.6313148 -0.5726378
vt -0.5353266 -0.6603098
vt 0.673331 -0.6754999
vt 0.5433304 -0.6754999
vt -0.673331 -0.6754999
vt -0.5433304 -0.6754999
vt 0.673331 -0.6755002
vt 0.6313161 -0.7783625
vt 0.5433304 -0.6755002
vt 0.5353272 -0.6906908
vt -0.6313161 -0.7783625
vt -0.673331 -0.6755002
vt -0.5353272 -0.6906908
vt -0.5433304 -0.6755002
vt 0.5213155 -0.8419352
vt 0.4887841 -0.7160709
vt -0.5213156 -0.8419349
vt -0.4887842 -0.7160707
vt 0.3853472 -0.8419349
vt 0.4178782 -0.7160709
vt -0.3853472 -0.8419349
vt -0.4178782 -0.7160709
vt 0.2753472 -0.7783625
vt 0.3713341 -0.6906905
vt -0.2753472 -0.7783625
vt -0.3713341 -0.6906905
vt 0.233331 -0.6755002
vt 0.3633316 -0.6755002
vt -0.233331 -0.6755002
vt -0.3633316 -0.6755002
vt -0.1833336 0.6548587
vt -0.5333335 0.6548587
vt -0.1833336 0.6648587
vt -0.5333335 0.6648587
vt 0.5133337 0.6548587
vt 0.2033336 0.6548587
vt 0.5133337 0.6648587
vt 0.2033336 0.6648587
vt 0.6283309 0.6548587
vt 0.278331 0.6548587
vt 0.6283309 0.6648587
vt 0.278331 0.6648587
vt -0.298331 0.6548587
vt -0.608331 0.6548587
vt -0.298331 0.6648587
vt -0.608331 0.6648587
vt 0.9866645 0.6548587
vt 0.6366646 0.6548587
vt 0.9866645 0.6648587
vt 0.6366646 0.6648587
vt -0.6566646 0.6548587
vt -0.9666646 0.6548587
vt -0.6566646 0.6648587
vt -0.9666646 0.6648587
vt 0.5333333 0.6548587
vt 0.1833334 0.6548587
vt 0.5333333 0.6648587
vt 0.1833334 0.6648587
vt -0.2033336 0.6548587
vt -0.5133336 0.6548587
vt -0.2033336 0.6648587
vt -0.5133336 0.6648587
vt -0.278331 0.6548587
vt -0.6283309 0.6548587
vt -0.278331 0.6648587
vt -0.6283309 0.6648587
vt 0.608331 0.6548587
vt 0.298331 0.6548587
vt 0.608331 0.6648587
vt 0.298331 0.6648587
vt -0.6366645 0.6548587
vt -0.9866647 0.6548587
vt -0.6366645 0.6648587
vt -0.9866647 0.6648587
vt 0.9666646 0.6548587
vt 0.9666646 0.6648587
vt 0.1012459 -0.6738955
vt 0.2843478 -0.3718614
vt 0.1333761 -0.6781577
vt 0.2955543 -0.4106421
vt -0.2843478 -0.3718615
vt -0.1012459 -0.6738955
vt -0.2955543 -0.4106421
vt -0.1333761 -0.6781577
vt 0.278331 -0.3723899
vt 0.6283309 -0.3723899
vt 0.298335 -0.4070309
vt 0.608327 -0.4070309
vt -0.6283309 -0.3723898
vt -0.278331 -0.3723898
vt -0.608327 -0.4070309
vt -0.298335 -0.4070309
vt 0.6223142 -0.3718615
vt 0.805416 -0.6738956
vt 0.6111077 -0.4106421
vt 0.7732859 -0.6781578
vt -0.805416 -0.6738957
vt -0.6223142 -0.3718615
vt -0.7732859 -0.6781578
vt -0.6111077 -0.4106421
vt 0.805416 -0.6771019
vt 0.6223141 -0.9791359
vt 0.7732859 -0.6728396
vt 0.6111076 -0.9403552
vt -0.6223141 -0.9791359
vt -0.805416 -0.6771019
vt -0.6111076 -0.9403552
vt -0.7732859 -0.6728396
vt 0.6283309 -0.9786077
vt 0.278331 -0.9786077
vt 0.608327 -0.9439666
vt 0.298335 -0.9439666
vt -0.278331 -0.9786077
vt -0.6283309 -0.9786077
vt -0.298335 -0.9439666
vt -0.608327 -0.9439666
vt 0.2843478 -0.9791359
vt 0.1012461 -0.6771018
vt 0.2955543 -0.9403553
vt 0.1333761 -0.6728396
vt -0.1012461 -0.6771018
vt -0.2843478 -0.9791359
vt -0.1333761 -0.6728396
vt -0.2955543 -0.9403553
vt 0.02541828 0.2264705
vt -0.06293201 0.2101074
vt 0.003129005 0.5275959
vt -0.08521652 0.5112424
vt -0.01316547 0.2214357
vt -0.03811264 0.2154359
vt -0.02168846 0.5222676
vt -0.04663944 0.516259
vt 0.3253384 0.2245755
vt 0.2344133 0.214819
vt 0.3094902 0.5228848
vt 0.2185635 0.5131211
vt 0.2880078 0.2207098
vt 0.2627629 0.2170534
vt 0.2811407 0.5206499
vt 0.2558962 0.516995
vt 0.5529743 0.2215891
vt 0.4545605 0.2183108
vt 0.5473113 0.5193925
vt 0.4488974 0.516115
vt 0.5165497 0.219698
vt 0.48873 0.2185183
vt 0.5131414 0.5191853
vt 0.4853222 0.5180116
vt 0.6420681 0.2183104
vt 0.5436556 0.2215886
vt 0.6477325 0.5161157
vt 0.5493202 0.5193925
vt 0.6079001 0.2185183
vt 0.5800803 0.219698
vt 0.6113079 0.5180116
vt 0.5834883 0.519186
vt 0.5683756 0.2148194
vt 0.4774506 0.224575
vt 0.5842254 0.5131202
vt 0.4932988 0.5228844
vt 0.5400287 0.2170553
vt 0.5147806 0.2207108
vt 0.5468925 0.5169945
vt 0.5216447 0.520649
vt 0.3567734 0.2101085
vt 0.2684221 0.2264707
vt 0.3790569 0.5112431
vt 0.2907104 0.5275946
vt 0.331954 0.2154377
vt 0.3070068 0.2214367
vt 0.3404818 0.5162587
vt 0.3155317 0.5222676
vt 0.06293297 0.2101085
vt -0.02541828 0.226469
vt 0.08522129 0.5112343
vt -0.003129959 0.5275948
vt 0.03811264 0.2154365
vt 0.01316547 0.2214371
vt 0.04663277 0.5162758
vt 0.02169037 0.5222669
vt -0.2344126 0.2148194
vt -0.3253384 0.2245755
vt -0.2185636 0.5131211
vt -0.3094916 0.5228839
vt -0.2627622 0.2170548
vt -0.2880086 0.2207098
vt -0.2558967 0.5169935
vt -0.2811434 0.5206485
vt -0.4545499 0.2183118
vt -0.5529747 0.221591
vt -0.4488975 0.5161192
vt -0.5473217 0.5193923
vt -0.48873 0.2185178
vt -0.5165498 0.219698
vt -0.4853216 0.5180058
vt -0.5131415 0.5191855
vt -0.5436554 0.221591
vt -0.642081 0.2183118
vt -0.5493078 0.5193915
vt -0.6477327 0.5161176
vt -0.5800802 0.219698
vt -0.6078999 0.2185183
vt -0.5834885 0.5191851
vt -0.6113082 0.5180054
vt -0.4774504 0.2245755
vt -0.5683763 0.2148194
vt -0.4932971 0.5228839
vt -0.5842252 0.5131211
vt -0.514781 0.2207098
vt -0.5400255 0.2170544
vt -0.5216482 0.5206499
vt -0.5468926 0.516995
vt -0.268424 0.2264669
vt -0.3567715 0.2101073
vt -0.2907114 0.5275958
vt -0.3790598 0.5112364
vt -0.3070078 0.2214351
vt -0.331954 0.2154355
vt -0.3155327 0.5222661
vt -0.3404751 0.5162742
vt 0.5010794 -0.1872845
vt 0.5075971 -0.1491175
vt 0.5886339 -0.1814446
vt 0.5866817 -0.1928949
vt -0.3900948 -0.08272457
vt -0.3708225 -0.1955523
vt -0.6238903 -0.2121491
vt -0.6296725 -0.1782966
vt 0.5105211 -0.1526918
vt 0.5301322 -0.1238761
vt 0.58597 -0.19068
vt 0.5800824 -0.1993246
vt -0.4567072 -0.00810051
vt -0.3987384 -0.09328842
vt -0.6044003 -0.2311516
vt -0.6217898 -0.205596
vt 0.5340718 -0.1256475
vt 0.5641394 -0.1149549
vt 0.5779113 -0.1994357
vt 0.5688922 -0.2026424
vt -0.5572594 0.01827335
vt -0.4683541 -0.01333809
vt -0.5713037 -0.2409658
vt -0.5979738 -0.2314849
vt 0.5711769 -0.1149559
vt 0.6012431 -0.125648
vt 0.5664276 -0.2026443
vt 0.5574037 -0.1994367
vt -0.666961 -0.01333761
vt -0.5780538 0.01827335
vt -0.5373411 -0.2314854
vt -0.5640131 -0.2409663
vt 0.6051811 -0.1238756
vt 0.6247928 -0.1526937
vt 0.5552274 -0.1993227
vt 0.5493447 -0.1906781
vt -0.7365764 -0.09328842
vt -0.6786076 -0.00810051
vt -0.513525 -0.2055964
vt -0.5309186 -0.2311521
vt 0.6277176 -0.1491175
vt 0.6342353 -0.1872845
vt 0.548633 -0.1928949
vt 0.5466808 -0.1814446
vt -0.7644888 -0.19556
vt -0.7452192 -0.08272457
vt -0.5056406 -0.1782932
vt -0.5114207 -0.2121487
vt 0.6342361 -0.1788344
vt 0.6277177 -0.2169981
vt 0.5466813 -0.1846733
vt 0.5486338 -0.1732235
vt -0.7452185 -0.2833934
vt -0.7644887 -0.1705542
vt -0.5114212 -0.1539693
vt -0.5056403 -0.1878176
vt 0.6247944 -0.2134194
vt 0.605184 -0.2422361
vt 0.5493464 -0.1754375
vt 0.5552288 -0.1667924
vt -0.6786077 -0.3580184
vt -0.7365763 -0.27283
vt -0.5309184 -0.1349669
vt -0.513525 -0.1605239
vt 0.6012434 -0.2404652
vt 0.5711784 -0.2511563
vt 0.5574038 -0.1666784
vt 0.5664271 -0.1634688
vt -0.5780556 -0.3843923
vt -0.6669607 -0.3527813
vt -0.5640121 -0.1251526
vt -0.5373411 -0.1346359
vt 0.56414 -0.2511549
vt 0.534072 -0.2404623
vt 0.5688925 -0.1634669
vt 0.5779116 -0.1666765
vt -0.4683542 -0.3527808
vt -0.5572587 -0.3843923
vt -0.5979738 -0.1346364
vt -0.571304 -0.1251531
vt 0.5301301 -0.2422347
vt 0.510519 -0.2134209
vt 0.5800804 -0.1667895
vt 0.5859681 -0.1754346
vt -0.3987385 -0.2728295
vt -0.4567077 -0.3580179
vt -0.6217898 -0.1605229
vt -0.6044003 -0.1349669
vt 0.5075978 -0.2169971
vt 0.5010793 -0.1788344
vt 0.5866816 -0.173223
vt 0.5886341 -0.1846728
vt -0.3708231 -0.1705627
vt -0.3900956 -0.2833939
vt -0.6296732 -0.1878147
vt -0.6238904 -0.1539688
vt -0.6581037 0.288984
vt -0.5505805 0.2869811
vt -0.6391237 0.1515536
vt -0.5648677 0.1501712
vt -0.515399 0.1793318
vt -0.487686 0.1781096
vt -0.5140807 0.05169439
vt -0.4949391 0.05084944
vt -0.6089438 0.2192798
vt -0.5812309 0.2205019
vt -0.6016909 0.09201956
vt -0.5825492 0.09286451
vt -0.5882745 0.1538861
vt -0.4807138 0.1559784
vt -0.5690303 0.01695174
vt -0.4947424 0.0183965
vt -0.5448095 0.2596807
vt -0.5198048 0.2634625
vt -0.5349151 0.1325932
vt -0.5176452 0.1352081
vt -0.372407 0.05776
vt -0.2787786 0.06596351
vt -0.3476024 -0.08445525
vt -0.2829409 -0.07879329
vt -0.3384571 0.2910864
vt -0.3142099 0.2964683
vt -0.327404 0.1632369
vt -0.3106604 0.16695
vt -0.07504559 0.02012157
vt 0.004311562 0.02837586
vt -0.0413332 -0.1212728
vt 0.0134716 -0.1155701
vt -0.045156 0.304117
vt -0.01863146 0.3092242
vt -0.03530884 0.1763625
vt -0.01698971 0.1798933
vt 0.2255402 0.04294872
vt 0.3135556 0.05440044
vt 0.255246 -0.09277344
vt 0.3160342 -0.08486843
vt 0.2520247 0.2929552
vt 0.2873726 0.2966842
vt 0.2609482 0.1689157
vt 0.2853589 0.1714867
vt 0.4544247 0.1377392
vt 0.5548369 0.1414204
vt 0.4778132 0.0004930496
vt 0.5471586 0.003044128
vt 0.4773685 0.2673867
vt 0.5147892 0.2674541
vt 0.4878474 0.1420715
vt 0.5136942 0.1421192
vt 0.5417933 0.2667828
vt 0.6422052 0.2631025
vt 0.5494715 0.1284084
vt 0.6188195 0.1258583
vt 0.581841 0.2262819
vt 0.6192625 0.2262146
vt 0.5829356 0.1009471
vt 0.6087825 0.1008992
vt 0.4892313 0.3969021
vt 0.5772486 0.3854513
vt 0.4867547 0.2576342
vt 0.5475447 0.2497292
vt 0.5154147 0.1842048
vt 0.5507669 0.1804765
vt 0.5174284 0.05901111
vt 0.5418429 0.05644023
vt 0.2895298 0.4962535
vt 0.3688869 0.4879985
vt 0.2803693 0.3523099
vt 0.3351741 0.3466058
vt 0.3124743 0.1555629
vt 0.3389988 0.1504552
vt 0.3108339 0.0262289
vt 0.3291512 0.02270007
vt -0.01506567 0.5338497
vt 0.07856655 0.5256455
vt -0.01089954 0.3890927
vt 0.05376244 0.3834319
vt 0.02036762 0.1428052
vt 0.04461575 0.1374241
vt 0.01681995 0.0132854
vt 0.03356171 0.009573221
vt -0.3220754 0.4984916
vt -0.2145123 0.496397
vt -0.308048 0.3609098
vt -0.2337584 0.3594639
vt -0.2829866 0.1509886
vt -0.2579799 0.1472068
vt -0.2851445 0.02273607
vt -0.2678722 0.02012062
vt -0.5460497 0.4123557
vt -0.4385263 0.4143576
vt -0.5317657 0.2755455
vt -0.4575067 0.276927
vt 0.5314567 -0.3876859
vt 0.4660923 -0.3624153
vt 0.5467801 -0.2970117
vt 0.5147679 -0.2846351
vt -0.5115891 -0.004143715
vt -0.4927551 -0.005062103
vt -0.5090257 -0.06756878
vt -0.4997993 -0.06802559
vt -0.6038822 0.08938169
vt -0.5850482 0.09030008
vt -0.5968342 0.02641821
vt -0.5876118 0.02687407
vt 0.3736942 -0.431257
vt 0.3347316 -0.374187
vt 0.43887 -0.3638585
vt 0.4197841 -0.3359075
vt -0.5395247 0.1846991
vt -0.522817 0.1875525
vt -0.5311502 0.1221361
vt -0.5229634 0.1235332
vt 0.2827702 -0.3118217
vt 0.2693853 -0.2493596
vt 0.3719006 -0.2734673
vt 0.365345 -0.242877
vt -0.3323545 0.2586837
vt -0.3171568 0.2616329
vt -0.3233843 0.1951814
vt -0.3159409 0.1966288
vt 0.2650757 -0.112617
vt 0.2781792 -0.04744768
vt 0.3617535 -0.09030771
vt 0.3681741 -0.05839109
vt -0.0398221 0.2883703
vt -0.02116299 0.2911125
vt -0.03221416 0.2248932
vt -0.02307796 0.2262319
vt 0.337533 0.05329037
vt 0.3657166 0.1062994
vt 0.4232672 0.02211094
vt 0.4370646 0.0480814
vt 0.2588873 0.2667075
vt 0.282207 0.2679685
vt 0.2660506 0.2046549
vt 0.2774787 0.2052771
vt 0.461504 0.08045197
vt 0.5281236 0.1071787
vt 0.5152858 0.005489349
vt 0.547914 0.01857567
vt 0.4856164 0.2024969
vt 0.5093802 0.2022582
vt 0.4931425 0.1398283
vt 0.5047783 0.1397102
vt 0.5786154 -0.05472088
vt 0.6452347 -0.08144855
vt 0.5588243 -0.1433249
vt 0.5914482 -0.1564093
vt 0.5872462 0.1077878
vt 0.6110096 0.1080265
vt 0.5918436 0.04524076
vt 0.6034839 0.04535842
vt 0.5970905 -0.175396
vt 0.6252735 -0.2284021
vt 0.5257401 -0.2336149
vt 0.539541 -0.2595844
vt 0.5205731 0.009885609
vt 0.5438972 0.008625805
vt 0.5253081 -0.05280709
vt 0.5367312 -0.05342531
vt 0.5853043 -0.1737485
vt 0.5984082 -0.2389188
vt 0.4953094 -0.1846924
vt 0.5017309 -0.21661
vt 0.3147297 -0.06140971
vt 0.3333845 -0.06415272
vt 0.3166409 -0.1262903
vt 0.3257761 -0.1276307
vt 0.5941045 -0.1230428
vt 0.5807199 -0.1855052
vt 0.4981441 -0.1165617
vt 0.49159 -0.1471519
vt 0.0235548 -0.09088182
vt 0.03875256 -0.09382772
vt 0.02233982 -0.155887
vt 0.02978325 -0.1573312
vt 0.6280919 -0.09248233
vt 0.5891311 -0.1495516
vt 0.5430433 -0.05420184
vt 0.5239539 -0.08215332
vt -0.2799599 -0.07052422
vt -0.2632506 -0.07337761
vt -0.2798122 -0.1345425
vt -0.2716286 -0.1359396
vt 0.6406343 -0.200479
vt 0.57527 -0.2257497
vt 0.5919541 -0.1226996
vt 0.5599462 -0.1350756
vt -0.1184999 -0.1917175
vt 0.8596984 -0.1841883
vt 0.845371 0.2280958
vt -0.4602327 -0.2110601
vt -0.4002352 -0.2110601
vt -0.4602327 0.2013991
vt -0.4002352 0.2013991
vt -0.8133059 -0.3133715
vt 0.1473886 -0.1834807
vt -0.874459 0.2214259
vt -0.183876 -0.3820028
vt -0.1852326 -0.4602138
vt 0.8681731 -0.4002525
vt 0.8668165 -0.4784634
vt 0.1201158 -0.4602319
vt -0.8581405 -0.4602319
vt 0.1201158 -0.4002343
vt -0.8581405 -0.4002343
vt 0.5034993 0.2144253
vt 0.4034994 0.2144253
vt 0.5034993 0.264425
vt 0.4034994 0.264425
vt -0.4034994 0.2144251
vt -0.5034993 0.2144253
vt -0.4034994 0.264425
vt -0.5034993 0.2644253
vt -0.5034993 0.3553855
vt -0.4034994 0.3553855
vt -0.5034993 0.3053856
vt -0.4034994 0.3053856
vt 0.5034993 0.3053856
vt 0.4034994 0.3053856
vt 0.5034993 0.3553855
vt 0.4034994 0.3553855
vt 0.3317441 0.05132151
vt 0.3217441 0.05132151
vt 0.3317441 0.1513214
vt 0.3217441 0.1513214
vt -1.026328 0.05132151
vt -1.036328 0.05132151
vt -1.026328 0.1513214
vt -1.036328 0.1513214
vt -0.3217441 0.05132151
vt -0.3317441 0.05132151
vt -0.3217441 0.1513214
vt -0.3317441 0.1513214
vt 1.036328 0.05132151
vt 1.026328 0.05132151
vt 1.036328 0.1513214
vt 1.026328 0.1513214
vt -0.3317441 -1.026328
vt -0.3217441 -1.026328
vt -0.3317441 -1.036328
vt -0.3217441 -1.036328
vt 0.3317441 -1.036328
vt 0.3217441 -1.036328
vt 0.3317441 -1.026328
vt 0.3217441 -1.026328
vt 0.705513 0.04431939
vt -0.05202484 0.04431939
vt 0.705513 0.09938574
vt -0.05202484 0.09938574
vt -0.5313292 0.01471674
vt -1.531568 0.07888877
vt -0.5307822 0.123752
vt -1.531312 0.1288875
vt 0.4232559 0.07632124
vt -1.076744 0.07632124
vt 0.4232559 0.1263212
vt -1.076744 0.1263212
vt 1.531568 0.07888889
vt 0.531329 0.01471663
vt 1.531312 0.1288877
vt 0.5307822 0.1237519
vt -1.076744 -0.531325
vt 0.4232559 -0.531325
vt -1.076744 -1.531325
vt 0.4232559 -1.531325
vt 1.076744 -1.533161
vt -0.4232559 -1.533161
vt 1.076744 -0.5314111
vt -0.4232559 -0.5314111
vt 1.076744 -0.4916075
vt -0.4232559 -0.4916075
vt 0.5313249 0.1263212
vt 0.531312 0.01728308
vt 0.4916139 0.126321
vt 0.4916075 0.01728308
vt -0.531312 0.01728308
vt -0.5313249 0.1263212
vt -0.4916075 0.01728308
vt -0.4916139 0.126321
vt 0.4232559 -0.4916147
vt -1.076744 -0.4916147
vt 1.076744 -0.4394576
vt -0.4232559 -0.4394576
vt 0.705513 -0.3748457
vt -0.05202484 -0.3748457
vt 1.140316 0.1263394
vt 1.140315 0.01730156
vt 0.7644714 0.09935391
vt 0.7644707 0.04428744
vt -0.4948515 0.0173074
vt -0.4948522 0.1263453
vt -0.1190068 0.04429328
vt -0.1190076 0.09935975
vt 0.4232559 -0.4994416
vt -1.076744 -0.4994416
vt 0.05202484 -0.4348297
vt -0.705513 -0.4348297
vt -0.5299741 -1.790141
vt -0.540327 -1.790141
vt -0.5299741 3.109859
vt -0.5403268 3.109859
vt 0.5377403 -1.790141
vt 0.5325637 -1.790141
vt 0.5377406 3.109859
vt 0.532564 3.109859
vt -0.1519198 -1.790141
vt -0.1622727 -1.790141
vt -0.1519198 3.109859
vt -0.1622726 3.109859
vt 0.1596845 -1.790141
vt 0.1545079 -1.790141
vt 0.1596848 3.109859
vt 0.1545081 3.109859
vt 0.26823 -1.790141
vt 0.2578772 -1.790141
vt 0.2682303 3.109859
vt 0.2578774 3.109859
vt -0.2604655 -1.790141
vt -0.265642 -1.790141
vt -0.2604654 3.109859
vt -0.265642 3.109859
vt 0.6178914 -1.790141
vt 0.6075383 -1.790141
vt 0.6178917 3.109859
vt 0.6075386 3.109859
vt -0.6101267 -1.790141
vt -0.6153032 -1.790141
vt -0.6101267 3.109859
vt -0.6153032 3.109859
vt 0.8033795 -1.790141
vt 0.7930264 -1.790141
vt 0.8033798 3.109859
vt 0.7930267 3.109859
vt -0.795615 -1.790141
vt -0.8007913 -1.790141
vt -0.7956148 3.109859
vt -0.8007913 3.109859
vt 0.774989 -1.790141
vt 0.7646359 -1.790141
vt 0.7749892 3.109859
vt 0.7646362 3.109859
vt -0.7672236 -1.790141
vt -0.7724 -1.790141
vt -0.7672235 3.109859
vt -0.7723999 3.109859
vt 0.540327 -1.790141
vt 0.5299739 -1.790141
vt 0.5403272 3.109859
vt 0.5299741 3.109859
vt -0.532564 -1.790141
vt -0.5377404 -1.790141
vt -0.532564 3.109859
vt -0.5377403 3.109859
vt 0.1622727 -1.790141
vt 0.1519197 -1.790141
vt 0.1622729 3.109859
vt 0.1519199 3.109859
vt -0.1545082 -1.790141
vt -0.1596846 -1.790141
vt -0.1545081 3.109859
vt -0.1596846 3.109859
vt -0.2578774 -1.790142
vt -0.2682301 -1.790142
vt -0.2578773 3.109859
vt -0.2682301 3.109859
vt 0.2656418 -1.790141
vt 0.2604653 -1.790141
vt 0.265642 3.109859
vt 0.2604655 3.109859
vt -0.6075385 -1.790141
vt -0.6178913 -1.790141
vt -0.6075385 3.109859
vt -0.6178913 3.109859
vt 0.615303 -1.790141
vt 0.6101265 -1.790141
vt 0.6153033 3.109859
vt 0.6101267 3.109859
vt -0.7930268 -1.790141
vt -0.8033795 -1.790141
vt -0.7930267 3.109859
vt -0.8033795 3.109859
vt 0.8007913 -1.790141
vt 0.7956147 -1.790141
vt 0.8007915 3.109859
vt 0.7956149 3.109859
vt -0.7646362 -1.790141
vt -0.7749889 -1.790141
vt -0.7646362 3.109859
vt -0.7749889 3.109859
vt 0.7724 -1.790141
vt 0.7672235 -1.790141
vt 0.7724003 3.109859
vt 0.7672237 3.109859
vt 0.4331731 -0.6751727
vt 0.4364889 -0.665219
vt 0.442799 -0.6758718
vt 0.4444603 -0.6708951
vt -0.4364889 -0.665219
vt -0.4331731 -0.6751727
vt -0.4444603 -0.6708951
vt -0.442799 -0.6758718
vt 0.4358834 -0.6644334
vt 0.4442937 -0.6586422
vt 0.443668 -0.6706362
vt 0.4478769 -0.6677414
vt -0.4442937 -0.6586422
vt -0.4358834 -0.6644334
vt -0.4478769 -0.6677414
vt -0.443668 -0.6706362
vt 0.4433254 -0.6575662
vt 0.4542022 -0.6558249
vt 0.4477683 -0.6670259
vt 0.4532027 -0.6661549
vt -0.4542022 -0.6558249
vt -0.4433254 -0.6575662
vt -0.4532027 -0.6661549
vt -0.4477683 -0.6670259
vt 0.4524598 -0.6558249
vt 0.4633366 -0.6575662
vt 0.4588937 -0.6670259
vt -0.4633366 -0.6575662
vt -0.4524598 -0.6558249
vt -0.4588937 -0.6670259
vt 0.4623682 -0.6586422
vt 0.4707786 -0.6644334
vt 0.4587851 -0.6677414
vt 0.4629937 -0.6706362
vt -0.4707786 -0.6644334
vt -0.4623682 -0.6586422
vt -0.4629937 -0.6706362
vt -0.4587851 -0.6677414
vt 0.4701731 -0.665219
vt 0.4734888 -0.6751727
vt 0.4622016 -0.6708951
vt 0.463863 -0.6758718
vt -0.4734888 -0.6751727
vt -0.4701731 -0.665219
vt -0.463863 -0.6758718
vt -0.4622016 -0.6708951
vt 0.4734888 -0.6758247
vt 0.4701731 -0.6857784
vt 0.463863 -0.6751256
vt 0.4622016 -0.6801023
vt -0.4701731 -0.6857784
vt -0.4734888 -0.6758247
vt -0.4622016 -0.6801023
vt -0.463863 -0.6751256
vt 0.4707786 -0.6865641
vt 0.4623682 -0.6923553
vt 0.4629937 -0.6803612
vt 0.4587851 -0.6832561
vt -0.4623682 -0.6923553
vt -0.4707786 -0.6865641
vt -0.4587851 -0.6832561
vt -0.4629937 -0.6803612
vt 0.4633366 -0.6934313
vt 0.4524598 -0.6951725
vt 0.4588937 -0.6839715
vt 0.4534593 -0.6848425
vt -0.4524598 -0.6951725
vt -0.4633366 -0.6934313
vt -0.4534593 -0.6848425
vt -0.4588937 -0.6839715
vt 0.4542022 -0.6951725
vt 0.4433254 -0.6934313
vt 0.4477683 -0.6839715
vt -0.4433254 -0.6934313
vt -0.4542022 -0.6951725
vt -0.4477683 -0.6839715
vt 0.4442937 -0.6923553
vt 0.4358834 -0.6865641
vt 0.4478769 -0.6832561
vt 0.443668 -0.6803613
vt -0.4358834 -0.6865641
vt -0.4442937 -0.6923553
vt -0.443668 -0.6803613
vt -0.4478769 -0.6832561
vt 0.4364889 -0.6857784
vt 0.4331731 -0.6758247
vt 0.4444603 -0.6801023
vt 0.442799 -0.6751256
vt -0.4331731 -0.6758247
vt -0.4364889 -0.6857784
vt -0.442799 -0.6751256
vt -0.4444603 -0.6801023
vt 0.3517442 -0.1486714
vt 0.301744 -0.1486714
vt 0.3517442 0.3513286
vt 0.301744 0.3513286
vt -0.9860493 -0.1248692
vt -1.058797 -0.1465808
vt -1.003894 0.3492382
vt -1.076641 0.3275265
vt -0.301744 -0.1486714
vt -0.3517442 -0.1486714
vt -0.301744 0.3513286
vt -0.3517442 0.3513286
vt 1.058797 -0.1465809
vt 0.9860493 -0.1248692
vt 1.076641 0.3275265
vt 1.003894 0.3492382
vt -0.3517442 -1.006345
vt -0.301744 -1.006345
vt -0.3517442 -1.056345
vt -0.301744 -1.056345
vt 0.3517442 -1.056345
vt 0.301744 -1.056345
vt 0.3517442 -1.006345
vt 0.301744 -1.006345
vt 0.3317364 0.06132841
vt 0.3217365 0.06132841
vt 0.3317364 0.1413283
vt 0.3217365 0.1413283
vt -0.6213934 0.06382084
vt -1.432537 0.06613934
vt -0.6301236 0.1365174
vt -1.441267 0.1388359
vt -0.3217365 0.06132841
vt -0.3317364 0.06132841
vt -0.3217365 0.1413283
vt -0.3317364 0.1413283
vt 1.432537 0.06613934
vt 0.6213934 0.06382084
vt 1.441267 0.1388358
vt 0.6301236 0.1365174
vt -0.3317364 -0.6313303
vt -0.3217365 -0.6313303
vt -0.3317364 -1.43133
vt -0.3217365 -1.43133
vt 0.3317364 -1.43133
vt 0.3217365 -1.43133
vt 0.3317364 -0.6313303
vt 0.3217365 -0.6313303
vt 0.376744 0.07632852
vt 0.2767441 0.07632852
vt 0.376744 0.1263285
vt 0.2767441 0.1263285
vt -0.8863285 0.07632852
vt -1.176328 0.07632852
vt -0.8863285 0.1263285
vt -1.176328 0.1263285
vt -0.2767441 0.07632852
vt -0.376744 0.07632852
vt -0.2767441 0.1263285
vt -0.376744 0.1263285
vt 1.176328 0.07632852
vt 0.8863285 0.07632852
vt 1.176328 0.1263285
vt 0.8863285 0.1263285
vt -0.376744 -0.8863285
vt -0.2767441 -0.8863285
vt -0.376744 -1.176328
vt -0.2767441 -1.176328
vt 0.376744 -1.176328
vt 0.2767441 -1.176328
vt 0.376744 -0.8863285
vt 0.2767441 -0.8863285
vt 0.02186155 -2.381149
vt -0.08166552 -2.381149
vt 0.02186251 3.118851
vt -0.08166409 3.118851
vt 0.03249121 -2.381149
vt 0.02731514 -2.381149
vt 0.03249025 3.11885
vt 0.02731466 3.11885
vt 0.3237151 -2.381149
vt 0.2201878 -2.381149
vt 0.3237154 3.118851
vt 0.2201882 3.118851
vt -0.2693635 -2.381149
vt -0.2745395 -2.381149
vt -0.2693638 3.118851
vt -0.2745399 3.118851
vt 0.5526993 -2.381149
vt 0.4491719 -2.381149
vt 0.5526994 3.118851
vt 0.449172 3.118851
vt -0.4983472 -2.381149
vt -0.5035235 -2.381149
vt -0.4983473 3.118851
vt -0.5035236 3.118851
vt 0.6474581 -2.381149
vt 0.5439304 -2.381149
vt 0.647458 3.118851
vt 0.5439304 3.118851
vt -0.5931063 -2.381149
vt -0.5982826 -2.381149
vt -0.5931062 3.118851
vt -0.5982825 3.118851
vt 0.5826013 -2.381149
vt 0.4790742 -2.381149
vt 0.5826008 3.118851
vt 0.4790738 3.118851
vt -0.5282488 -2.381149
vt -0.5334249 -2.381149
vt -0.5282485 3.118851
vt -0.5334246 3.118851
vt 0.3755064 -2.381149
vt 0.2719789 -2.381149
vt 0.3755059 3.118851
vt 0.2719789 3.118851
vt -0.3211536 -2.381149
vt -0.3263297 -2.381149
vt -0.3211532 3.118851
vt -0.3263283 3.118851
vt 0.08166504 -2.381149
vt -0.02186155 -2.381149
vt 0.08166456 3.118851
vt -0.02186203 3.118851
vt -0.02731657 -2.381149
vt -0.03249121 -2.381149
vt -0.02731466 3.11885
vt -0.03249025 3.11885
vt -0.220188 -2.381149
vt -0.3237153 -2.381149
vt -0.2201883 3.118851
vt -0.3237156 3.118851
vt 0.2745396 -2.381149
vt 0.2693635 -2.381149
vt 0.2745399 3.118851
vt 0.2693638 3.118851
vt -0.4491719 -2.38115
vt -0.5526994 -2.38115
vt -0.449172 3.11885
vt -0.5526995 3.11885
vt 0.5035235 -2.381149
vt 0.4983472 -2.381149
vt 0.5035236 3.118851
vt 0.4983473 3.118851
vt -0.5439306 -2.381149
vt -0.6474582 -2.381149
vt -0.5439305 3.118851
vt -0.6474581 3.118851
vt 0.5982827 -2.381149
vt 0.5931064 -2.381149
vt 0.5982826 3.118851
vt 0.5931063 3.118851
vt -0.4790742 -2.381149
vt -0.5826013 -2.381149
vt -0.4790735 3.11885
vt -0.5826011 3.11885
vt 0.5334256 -2.381149
vt 0.5282495 -2.381149
vt 0.5334251 3.118851
vt 0.528249 3.118851
vt -0.2719808 -2.381149
vt -0.3755069 -2.381149
vt -0.2719789 3.118851
vt -0.3755059 3.118851
vt 0.3263302 -2.381149
vt 0.3211546 -2.381149
vt 0.3263297 3.118851
vt 0.3211536 3.118851
vt 0.3718556 -0.1952353
vt 0.390763 -0.08242393
vt 0.5612644 -0.1819108
vt 0.5622128 -0.1762695
vt -0.3907628 -0.08242393
vt -0.3718556 -0.1952355
vt -0.5622128 -0.1762702
vt -0.5612644 -0.1819105
vt 0.3999581 -0.09217691
vt 0.4574654 -0.006771088
vt 0.5634522 -0.1731389
vt 0.5663257 -0.168869
vt -0.4574654 -0.006771088
vt -0.3999581 -0.09217691
vt -0.5663257 -0.168869
vt -0.5634522 -0.1731389
vt 0.4631834 -0.01303768
vt 0.5628666 0.01935625
vt 0.5685794 -0.1713774
vt 0.5735646 -0.1697574
vt -0.5628666 0.01935625
vt -0.4631834 -0.01303768
vt -0.5735646 -0.1697574
vt -0.5685794 -0.1713774
vt 0.5724483 0.01935625
vt 0.6721314 -0.01303768
vt 0.5617502 -0.1697574
vt 0.5667354 -0.1713774
vt -0.6721314 -0.01303768
vt -0.5724483 0.01935625
vt -0.5667354 -0.1713774
vt -0.5617502 -0.1697574
vt 0.6778495 -0.006771088
vt 0.7353568 -0.09217691
vt 0.5689893 -0.168869
vt 0.5718627 -0.1731389
vt -0.7353568 -0.09217691
vt -0.6778495 -0.006771088
vt -0.5718627 -0.1731389
vt -0.5689893 -0.168869
vt 0.744552 -0.08242393
vt 0.7634594 -0.1952353
vt 0.5731022 -0.1762695
vt 0.5740507 -0.1819108
vt -0.7634594 -0.1952353
vt -0.744552 -0.08242393
vt -0.5740507 -0.18191
vt -0.5731022 -0.1762695
vt 0.7634592 -0.1708839
vt 0.744552 -0.2836955
vt 0.5740504 -0.1842089
vt 0.573102 -0.1898491
vt -0.744552 -0.2836955
vt -0.7634592 -0.1708846
vt -0.573102 -0.1898499
vt -0.5740504 -0.1842089
vt 0.7353568 -0.2739425
vt 0.6778495 -0.3593483
vt 0.5718627 -0.1929805
vt 0.5689893 -0.1972504
vt -0.6778495 -0.3593483
vt -0.7353568 -0.2739425
vt -0.5689893 -0.1972504
vt -0.5718627 -0.1929805
vt 0.6721313 -0.3530817
vt 0.5724481 -0.3854756
vt 0.5667353 -0.194742
vt 0.5617501 -0.196362
vt -0.5724481 -0.3854759
vt -0.6721313 -0.3530819
vt -0.5617501 -0.1963623
vt -0.5667353 -0.1947422
vt 0.5628666 -0.3854756
vt 0.4631834 -0.3530817
vt 0.5735646 -0.196362
vt 0.5685794 -0.194742
vt -0.4631834 -0.3530819
vt -0.5628666 -0.3854759
vt -0.5685794 -0.1947422
vt -0.5735646 -0.1963623
vt 0.4574654 -0.3593483
vt 0.399958 -0.2739425
vt 0.5663258 -0.1972504
vt 0.5634524 -0.1929803
vt -0.399958 -0.2739425
vt -0.4574654 -0.3593483
vt -0.5634524 -0.1929803
vt -0.5663258 -0.1972504
vt 0.3907628 -0.2836957
vt 0.3718556 -0.1708841
vt 0.5622128 -0.1898494
vt 0.5612644 -0.1842091
vt -0.3718556 -0.1708844
vt -0.390763 -0.2836957
vt -0.5612644 -0.1842089
vt -0.5622128 -0.1898501
vt -0.731334 0.07632881
vt -1.331334 0.07632881
vt -0.731334 0.1263285
vt -1.331334 0.1263285
vt 1.331334 0.07632881
vt 0.731334 0.07632881
vt 1.331334 0.1263285
vt 0.731334 0.1263285
vt -0.376744 -0.731334
vt -0.2767441 -0.731334
vt -0.376744 -1.331334
vt -0.2767441 -1.331334
vt 0.376744 -1.331334
vt 0.2767441 -1.331334
vt 0.376744 -0.731334
vt 0.2767441 -0.731334
vt 0.7710342 0.05726576
vt -0.1175461 0.05726576
vt 0.7710342 0.1046748
vt -0.1175461 0.1046748
vt -0.3313285 0.03562975
vt -1.731329 0.03562975
vt -0.3313285 0.1263299
vt -1.731329 0.1263299
vt 0.5232559 0.0356369
vt -1.176744 0.0356369
vt 0.5232559 0.1263371
vt -1.176744 0.1263371
vt 1.731329 0.03564095
vt 0.3313285 0.03564095
vt 1.731329 0.1263411
vt 0.3313285 0.1263411
vt -1.176744 -0.3313285
vt 0.5232559 -0.3313285
vt -1.176744 -1.731329
vt 0.5232559 -1.731329
vt 1.176743 -1.731328
vt -0.5232544 -1.731328
vt 1.176743 -0.3313326
vt -0.5232544 -0.3313326
vt 1.176743 -0.2895718
vt -0.5232544 -0.2895718
vt 0.7710342 -0.2353471
vt -0.1175461 -0.2353471
vt 1.208333 0.1262419
vt 1.208302 0.03554177
vt 0.7995588 0.104737
vt 0.7995424 0.05732775
vt -0.5596668 0.0355382
vt -0.5596981 0.1262383
vt -0.1509073 0.05732417
vt -0.1509236 0.1047335
vt 0.5232559 -0.35421
vt -1.176744 -0.35421
vt 0.1175469 -0.2999885
vt -0.7710351 -0.2999885
vt -0.02928548 2.087482
vt -0.02857837 2.086775
vt -0.04041747 1.192093E-07
vt -2.012805 1.192093E-07
vt -2.012805 0.2899345
vt -2.012798 2.087482
vt -2.332736 1.192093E-07
vt -2.343868 2.087482
vt -2.344575 2.086775
vt 2.895333 2.086775
vt 2.845827 1.192093E-07
vt 2.845827 2.058193
vt 2.902168 1.192093E-07
vt -3.708293 1.192093E-07
vt -3.651129 2.058193
vt -3.651129 1.192093E-07
vt -3.699922 2.086775
vt -2.409089 -0.02250044
vt -2.40846 -0.0232782
vt -2.655376 -0.2051397
vt -2.654847 -0.2057938
vt -0.0404278 -2.414744
vt -0.02928548 -2.414744
vt -0.04145851 -2.416145
vt -0.2134094 -2.659923
vt -0.2208033 -2.659923
vt -0.02928547 -3.043747
vt -0.03954162 -3.042662
vt -0.03389715 -3.03576
vt -0.04042783 -3.043747
vt -1.455359 -5.163466
vt -1.49578 -5.203888
vt -1.49678 -5.203888
vt -1.503307 -5.197361
vt -3.670485 2.101438
vt -3.678924 0.01464715
vt -3.928323 1.935492
vt -3.934014 0.5282134
vt -3.935419 0.1807059
vt 0.04041747 -3.828579
vt 1.881355 -3.828579
vt 1.881355 -3.881029
vt 0.2227707 -4.073758
vt 1.881353 -4.073758
vt 2.281352 -3.828579
vt 2.332736 -3.828579
vt 2.281353 -3.83455
vt 2.281349 -3.89767
vt 2.150383 -4.073758
vt -1.881349 -2.414744
vt -1.881354 -2.627884
vt -1.881353 -2.659923
vt -2.281349 -2.497998
vt -2.343868 -2.414744
vt -2.281346 -2.414744
vt 0.3832513 -0.5384583
vt 0.2986995 -0.4758244
vt 0.2993282 -0.4750467
vt 0.3830499 -0.5374894
vt 0.382961 -0.5370692
vt -2.159752 -2.659923
vt 0.5450853 -0.6583412
vt 0.5456074 -0.6576886
vt -2.281348 -3.043747
vt -2.343868 -3.043747
vt -2.281346 -3.037131
vt 2.059731 0.0680657
vt 1.987452 0.02127125
vt 1.979014 2.108063
vt 2.065274 1.482686
vt 2.067499 2.051113
vt 2.243948 0.18733
vt 2.236851 1.942116
vt -1.186577 -2.921273
vt -0.09999619 -2.921273
vt -1.881354 -3.043747
vt -1.88135 -2.9948
vt -1.881354 -2.921273
vt -2.281352 -2.935465
vt -2.273158 -2.921273
vt -1.186577 2.158179
vt -1.881358 2.158179
vt -1.881353 2.319546
vt -1.186577 2.703753
vt -1.881352 2.703753
vt -0.1999962 2.158179
vt -0.1999983 2.703753
vt -1.881353 2.629308
vt -2.173156 2.629309
vt -2.173156 2.703753
vt -1.881356 2.229308
vt -2.173158 2.158179
vt -2.044533 2.229308
vt -2.173157 2.229308
vt -0.09999619 -2.651944
vt -0.09999619 -5.103888
vt -1.186577 -5.103888
vt -1.186577 -2.551944
vt -0.1999962 -2.551944
vt -1.881354 -3.536075
vt -1.881357 -5.103889
vt -1.881354 -2.615885
vt -1.881353 -2.551944
vt -0.09999618 -2.551942
vt -2.273158 -5.103888
vt -2.273158 -2.651944
vt -2.173158 -2.551944
vt -2.273158 -2.551939
vt -0.09288129 -5.115362
vt -0.1812925 -5.203888
vt -0.1822925 -5.203888
vt -0.09288129 -2.944755
vt -0.09288446 -2.76779
vt -0.2227137 -5.163466
vt -0.09288598 -2.67423
vt -0.09287263 -2.673975
vt -0.2227137 -2.551937
vt -0.09287709 -2.551944
vt -0.0812925 -5.103888
vt -0.0812925 -2.651944
vt -0.08496253 -2.551941
vt -0.0812925 -2.551942
vt -0.0865078 -2.551939
vt -1.59678 -5.103888
vt -1.59678 -2.651944
vt -1.591447 -2.551937
vt -1.455359 -2.55194
vt -1.59678 -2.551939
vt 4.761909 1.192093E-07
vt 4.67382 0.3561103
vt 4.747948 0.1678587
vt 4.554077 0.5099508
vt 4.395134 0.6319698
vt 3.367096 0.3579762
vt 3.835991 0.7132705
vt 3.489838 0.5205802
vt 3.645866 0.6397043
vt 4.019058 0.7332257
vt 4.23098 0.7073425
vt 3.267967 1.192093E-07
vt 3.290611 0.1852366
vt 2.55194 2.058193
vt 5.163466 2.058193
vt 2.551935 1.300227
vt 2.551936 1.18376
vt 2.55194 0.8390517
vt 5.163466 2.007941E-07
vt 2.551943 0.7485512
vt 2.551939 0.7206798
vt 2.551936 0.5943806
vt 2.551939 0.557101
vt 2.55194 0.4963973
vt 2.551944 0.3476939
vt 2.551946 0.2899499
vt 2.551944 0.1496673
vt 2.551943 0.08877497
vt 2.551942 2.007941E-07
vt 1.881354 -1.381131
vt 1.881356 -1.425392
vt 1.743637 -1.381131
vt 1.881356 -1.583451
vt 1.743637 -1.583451
vt 2.281351 -1.381131
vt 2.373157 -1.381131
vt 2.373158 -1.583452
vt 2.281353 -1.553947
vt 2.281353 -1.583452
vt 1.881376 -0.2262206
vt 1.881378 -0.2630697
vt 1.743659 -0.2262206
vt 1.881378 -0.3946588
vt 1.743659 -0.3946589
vt 2.281372 -0.2262206
vt 2.373179 -0.2262206
vt 2.373179 -0.3946587
vt 2.281374 -0.3700948
vt 2.281374 -0.3946587
vt 2.281351 -4.761225
vt 2.373158 -4.76191
vt 2.281353 -4.76191
vt 1.881326 -2.394888
vt 1.881329 -2.437538
vt 1.743609 -2.394888
vt 1.881328 -2.589839
vt 1.743608 -2.589838
vt 2.281323 -2.394888
vt 2.373129 -2.394888
vt 2.373129 -2.58984
vt 2.281324 -2.56141
vt 2.281324 -2.58984
vt 1.881352 -3.101439
vt 1.881354 -3.145276
vt 1.743634 -3.10144
vt 1.881355 -3.301818
vt 1.743635 -3.301819
vt 2.281348 -3.101437
vt 2.373155 -3.101436
vt 2.373155 -3.301814
vt 2.28135 -3.272593
vt 2.28135 -3.301815
vt -1.881353 2.314324
vt -1.881355 2.358894
vt -1.743636 2.314324
vt -1.881355 2.518054
vt -1.743636 2.518053
vt -2.281349 2.314324
vt -2.373156 2.314324
vt -2.373156 2.518054
vt -2.281351 2.488344
vt -2.281351 2.518054
vt 1.881353 -3.089729
vt 1.881355 -3.132674
vt 1.743636 -3.089729
vt 1.881355 -3.286034
vt 1.743636 -3.286033
vt 2.281349 -3.08973
vt 2.373156 -3.089731
vt 2.373156 -3.286035
vt 2.281351 -3.257407
vt 2.281351 -3.286035
vt 1.881354 -3.631047
vt 1.881356 -3.675645
vt 1.743637 -3.631047
vt 1.881356 -3.834908
vt 1.743637 -3.834908
vt 2.28135 -3.631048
vt 2.373157 -3.631048
vt 2.373157 -3.834908
vt 2.281352 -3.805178
vt 1.881354 -3.890693
vt 1.881357 -3.930981
vt 1.743637 -3.890693
vt 1.881357 -4.074846
vt 1.743637 -4.074845
vt 2.281351 -3.890693
vt 2.373158 -3.890693
vt 2.373158 -4.074848
vt 2.281353 -4.047992
vt 2.281353 -4.074848
vt 1.881355 -3.900519
vt 1.881357 -3.947225
vt 1.743637 -3.900519
vt 1.881357 -4.114015
vt 1.743637 -4.114015
vt 2.281351 -3.900521
vt 2.373158 -3.900522
vt 2.373157 -4.114015
vt 2.281352 -4.08288
vt 2.281352 -4.114015
vt 1.881354 -3.549859
vt 1.881356 -3.589375
vt 1.743637 -3.549859
vt 1.881356 -3.730489
vt 1.743637 -3.73049
vt 2.28135 -3.549859
vt 2.373157 -3.549859
vt 2.373158 -3.730487
vt 2.281353 -3.704145
vt 2.281353 -3.730487
vt -1.881357 0.3965744
vt -1.881359 0.4374002
vt -1.74364 0.3965744
vt -1.881359 0.5831898
vt -1.74364 0.5831898
vt -2.281353 0.3965744
vt -2.37316 0.3965744
vt -2.37316 0.5831901
vt -2.281355 0.5559753
vt -2.281355 0.58319
vt 1.74364 -3.267315
vt 1.745013 -3.267325
vt 1.745013 -3.267963
vt 1.74364 -3.267967
vt -1.881368 1.501579
vt -1.88137 1.542908
vt -1.743651 1.501579
vt -1.881371 1.690494
vt -1.743651 1.690494
vt -2.281364 1.501579
vt -2.373171 1.501579
vt -2.373171 1.690493
vt -2.281366 1.662943
vt -2.281366 1.690493
vt 1.745452 -4.75722
vt 1.743636 -4.754826
vt 1.743636 -4.757234
vt 1.743636 -4.757696
vt 1.75161 -4.761904
vt 1.74364 -4.761913
vt 1.881353 -4.758235
vt 1.881355 -4.76191
vt 1.743641 -3.266128
vt 1.743641 -3.096864
vt 1.768983 -3.096873
vt 1.881361 -3.267465
vt 1.881366 -3.096875
vt 2.281354 -3.267874
vt 2.281357 -3.096874
vt 2.298886 -3.096874
vt 2.373158 -3.267968
vt 2.373158 -3.096872
vt 1.743641 -2.551938
vt 1.845614 -2.551937
vt 1.881356 -2.551936
vt 2.281357 -3.056495
vt 2.281352 -2.551943
vt 2.373158 -2.551944
vt 2.062328 -2.551938
vt 1.820194 -4.814066
vt 1.74364 -4.814069
vt 1.881353 -4.814067
vt 2.368388 -4.814065
vt 2.281358 -4.814065
vt 2.373157 -4.814065
vt 1.88135 -4.86058
vt 1.881358 -5.203888
vt 1.743639 -5.203888
vt 2.28135 -5.164805
vt 2.332736 -5.203888
vt 2.281353 -5.203888
vt 2.373158 -5.163466
vt -3.262543 -3.075461E-06
vt -4.765038 -3.075461E-06
vt -3.288506 0.1557885
vt -3.363144 0.346383
vt -3.634781 0.6308112
vt -3.479385 0.5066032
vt -4.548027 0.5137048
vt -4.40123 0.6308641
vt -4.203697 0.7130194
vt -4.015572 0.7354541
vt -3.811287 0.7087638
vt -4.670021 0.3559085
vt -4.74649 0.1789724
vt 1.409861E-05 0.6942649
vt 1.413569E-05 0.5363249
vt -0.6060534 0.694265
vt -0.6060535 0.536325
vt 1.156881E-05 1.548882
vt 1.139408E-05 1.344194
vt -0.606056 1.548882
vt -0.6060562 1.344194
vt -1.55377E-06 -3.233145
vt -2.14163E-06 -3.034205
vt 0.6060586 -3.233141
vt 0.6060581 -3.034206
vt -1.286848E-05 2.453236
vt -1.26608E-05 2.255293
vt -0.6060731 2.453236
vt -0.6060802 2.25529
vt -1.574732E-06 -3.234173
vt -1.036684E-06 -3.04636
vt 0.6060586 -3.234177
vt 0.6060591 -3.046359
vt -5.461311E-06 -3.821512
vt -5.4218E-06 -3.607574
vt 0.6060547 -3.821507
vt 0.6060621 -3.607571
vt -3.82124E-06 -4.07701
vt -3.821002E-06 -3.870992
vt 0.6060638 -4.077011
vt 0.6060638 -3.87099
vt -2.829584E-06 -3.772753
vt -3.05714E-06 -3.579801
vt 0.6060649 -3.772751
vt 0.6060571 -3.579798
vt -4.170224E-06 -4.089695
vt -4.304371E-06 -3.900233
vt 0.6060634 -4.089693
vt 0.6060634 -3.900234
vt -1.465988E-05 -2.574861
vt -1.449578E-05 -2.375403
vt 0.606053 -2.574861
vt 0.6060457 -2.375406
vt -2.610194E-05 -1.718775
vt -2.586016E-05 -1.526021
vt 0.6060414 -1.718775
vt 0.6060418 -1.526022
vt 7.432297E-06 -0.4910533
vt 7.507739E-06 -0.3111199
vt 0.6060751 -0.4910533
vt 0.606075 -0.3111194
vt 0.6039655 -4.765025
vt 0.6060591 -4.206041
vt 0.6060585 -4.765029
vt -4.823838 1.192096E-07
vt 0.6039634 -4.765605
vt 0.6060585 -4.76559
vt 0.529095 -4.823832
vt 0.606057 -4.823843
vt 0.005412104 -4.823836
vt -3.814697E-06 -4.765036
vt -3.814697E-06 -4.823834
vt -4.945202 1.192096E-07
vt -4.83679 0.140218
vt 0.3730446 -4.945196
vt 0.6060562 -4.945199
vt 0.01659083 -4.945204
vt -3.814697E-06 -4.945198
vt -5.163466 1.192096E-07
vt -4.684247 0.404982
vt -5.163466 0.02249054
vt 0.0561587 -5.191646
vt 0.6060553 -5.055708
vt 0.0871253 -5.191652
vt 0.6060595 -5.191659
vt 0.03928985 -5.191646
vt 0.02817467 -5.191645
vt -3.814697E-06 -5.163466
vt -4.117682 0.7487985
vt -3.716879 0.6964323
vt -3.736282 0.7119408
vt -3.741407 0.716037
vt -3.743666 0.7178417
vt -3.79659 0.76015
vt -4.051159 0.7764661
vt -3.897138 0.840521
vt -4.238026 0.7611332
vt -4.119761 0.8555176
vt -4.017758 0.936932
vt -5.085935 1.790724
vt -5.163466 1.852699
vt -5.04331 1.756653
vt -4.971994 1.699651
vt -4.822253 1.579962
vt -4.58134 1.387401
vt 0.04041747 -5.203888
vt 0.6060596 -5.203888
vt -3.401516 0.4443662
vt -3.427239 0.5100493
vt -3.473254 0.6275488
vt -3.480122 0.6450883
vt -3.510056 0.7215129
vt -3.517056 0.7393769
vt -3.520356 0.7478091
vt -3.536659 0.7894604
vt -5.163466 2.058193
vt -3.892838 1.698993
vt -4.033503 2.058193
vt -3.320456 0.347506
vt -3.321628 0.3545413
vt -3.348408 0.5152543
vt -3.366776 0.6253962
vt -3.371726 0.6550923
vt -3.383685 0.7268599
vt -3.388008 0.7528021
vt -3.390088 0.7652904
vt -3.396743 0.8052377
vt -3.528514 1.596
vt -3.60554 2.058193
vt -2.551944 1.192096E-07
vt -2.551939 0.08729087
vt -2.551942 0.1387664
vt -2.551944 0.3017013
vt -2.55194 0.367664
vt -2.551937 0.5057279
vt -2.55194 0.5678418
vt -2.551944 0.6089229
vt -2.551947 0.7307502
vt -2.551946 0.7620525
vt -2.551945 0.83978
vt -2.551943 0.8777663
vt -2.551938 0.9004998
vt -2.551936 1.319927
vt -2.551936 0.9005001
vt -2.551937 2.058193
vt 0.606061 -3.222814
vt 0.5404842 -2.551941
vt 0.6060621 -2.551942
vt 0.606061 -3.259096
vt -3.814697E-06 -3.262544
vt 0.333135 -2.551941
vt -3.814697E-06 -2.55194
vt 0.9244801 -2.55194
vt 0.6096056 -3.259076
vt 1.186577 2.158193
vt 0.1999962 2.158193
vt 1.186577 2.703767
vt 0.1999983 2.703767
vt 2.173158 2.158193
vt 2.173156 2.703767
vt 2.373158 1.192093E-07
vt -3.814697E-06 1.192093E-07
vt -3.814697E-06 1.114483
vt 2.373158 1.12044
vt 0.2709579 2.087482
vt 0.4060211 2.158193
vt 1.967133 2.158193
vt 2.102203 2.087482
vt 2.125366 2.058193
vt 2.125366 1.12044
vt 0.2477875 1.114483
vt 0.2477875 2.058193
vt -0.8259006 -0.8846059
vt -1.010677 -0.8846059
vt -1.049177 -0.6841477
vt -1.201019 -0.6904415
vt -0.1999962 0
vt -0.4332446 0.171646
vt -0.4060211 0.1778488
vt -0.4416733 0.1778488
vt -1.186577 0
vt -1.186577 0.1778488
vt -2.173158 0
vt -1.967133 0.1778488
vt -1.181831 -1.145117
vt -1.366607 -1.145117
vt -0.9914885 -0.9505756
vt -1.143337 -0.9450482
vt 1.887766 1.087373
vt 1.911355 1.053325
vt 1.587712 1.087373
vt 1.606367 1.055177
vt 1.927966 2.058193
vt 1.927966 1.12044
vt 1.622957 2.058193
vt 1.622957 1.12044
vt 2.375962 0.003898018
vt 0.002793425 0.003898018
vt 2.128172 0.1817479
vt 0.2505839 0.1817436
vt 0.3046047 1.115726
vt 0.3050063 1.114483
vt 0.3050063 1.115727
vt -3.099081E-06 2.058193
vt 0.3050063 2.058193
vt -3.099081E-06 1.778008
vt 0.02379168 1.811912
vt 0.3050063 1.778008
vt 0.3238301 1.810115
vt 0.5062473 2.158184
vt 0.1 2.158184
vt 0.5062468 2.25242
vt 0.1 2.703758
vt 0.5062468 2.703758
vt 2.451942 2.629313
vt 2.131015 2.629313
vt 2.451941 2.703758
vt 0.5062468 2.629313
vt 2.451944 2.229312
vt 2.451944 2.158184
vt 0.5062469 2.229313
vt -0.2227137 -0.5062467
vt -0.2227137 0
vt -0.1935149 -0.5062461
vt -0.0812925 -0.5062473
vt -0.0812925 -0.1
vt -0.1812925 0
vt -0.09288143 -2.251017
vt -0.09288143 -0.5062474
vt -0.0812925 -2.451944
vt -1.366607 -1.009867
vt -1.290063 -1.009867
vt -1.274219 -1.116939
vt 0.5062467 1.705653
vt 0.506244 2.058193
vt 0.5062475 1.663339
vt 0.5062485 1.576489
vt 0.5062479 1.391406
vt 0.5062479 1.004986
vt -3.570931E-08 1.12044
vt 0.5062451 0.8593597
vt 0.506246 0.5784577
vt 0.5062451 0.5598003
vt 0.4272716 0.3689325
vt 0.3954193 0.1425669
vt 0.4213071 2.007941E-07
vt -2.373159 0.5042555
vt -2.37316 0.7108106
vt -2.342791 0.7108272
vt -2.273163 0.6787688
vt -2.27316 0.5042555
vt -2.273162 0.710827
vt -2.37316 0.1962715
vt -2.37316 0.424867
vt -2.273163 0.3771472
vt -2.27316 0.1962715
vt -2.273163 0.424867
vt -2.373155 -0.07527468
vt -2.373155 0.06962343
vt -2.273158 0.03937566
vt -2.273155 -0.07527468
vt -2.273158 0.06962365
vt 2.273161 -0.02206962
vt 2.273161 8.30255E-16
vt 2.273161 -0.08942146
vt 2.373158 -0.4213071
vt 2.273161 -0.4222329
vt 1.518964 1.000419
vt 1.755461 0.9170719
vt 1.95315 0.7650037
vt 2.088094 0.5751627
vt 2.177891 0.3429756
vt 2.198198 0.1326332
vt 2.185296 2.007941E-07
vt 1.307068 1.03873
vt 1.096735 1.014631
vt 0.8610694 0.9240659
vt 0.6663176 0.7768074
vt 0.5115952 0.5727309
vt 2.28134 -0.2167548
vt 2.373147 -0.2167548
vt 2.373146 -0.4657013
vt 2.281344 -0.4179919
vt 2.281343 -0.4657014
vt 2.281335 0.1320998
vt 2.373142 0.1320998
vt 2.373143 -0.07922056
vt 2.28134 -0.038722
vt 2.28134 -0.07922046
vt 2.281361 0.3448405
vt 2.373167 0.3448406
vt 2.373166 0.2115814
vt 2.281363 0.2371203
vt 2.281363 0.2115814
vt 2.281355 -0.999992
vt 2.373162 -0.9999912
vt 2.373163 -1.24415
vt 2.28136 -1.197358
vt 2.28136 -1.24415
vt 2.281352 -1.135241
vt 2.373157 -1.135241
vt 2.373157 -1.38771
vt 2.281354 -1.339325
vt 2.281354 -1.38771
vt 2.281351 -1.101406
vt 2.373158 -1.101406
vt 2.373158 -1.316738
vt 2.281355 -1.275471
vt 2.281355 -1.316739
vt 2.28135 -1.205104
vt 2.373157 -1.205105
vt 2.373157 -1.416813
vt 2.281355 -1.37624
vt 2.281355 -1.416813
vt 2.281361 -0.5080609
vt 2.373168 -0.5080608
vt 2.373168 -0.740976
vt 2.281366 -0.696339
vt 2.281366 -0.7409766
vt 2.281349 -1.100075
vt 2.373156 -1.100075
vt 2.373156 -1.350829
vt 2.281353 -1.302774
vt 2.281353 -1.350829
vt 2.281351 -0.8322712
vt 2.373156 -0.8322709
vt 2.373156 -1.081681
vt 2.281354 -1.033882
vt 2.281354 -1.081681
vt -2.281349 0.7654768
vt -2.373156 0.7654768
vt -2.373156 1.021575
vt -2.281353 0.9724949
vt -2.281353 1.021575
vt -2.37316 0.72481
vt -2.281356 0.7108255
vt -2.281357 0.7248104
vt 2.281352 -2.183278
vt 2.373158 -2.185296
vt 2.273149 -0.4137332
vt 2.273147 -0.2167548
vt 2.273149 -0.4657014
vt 2.273146 -0.03510701
vt 2.273142 0.1320998
vt 2.273146 -0.07922046
vt 2.273169 0.2394
vt 2.273169 0.3448405
vt 2.273169 0.2115815
vt 2.273165 -1.193182
vt 2.273162 -0.999992
vt 2.273165 -1.24415
vt 2.27316 -1.335006
vt 2.273159 -1.135241
vt 2.27316 -1.38771
vt 2.273161 -1.271787
vt 2.273158 -1.101406
vt 2.273161 -1.316739
vt 2.27316 -1.372618
vt 2.273157 -1.205104
vt 2.27316 -1.416813
vt 2.273171 -0.6923546
vt 2.273168 -0.5080609
vt 2.273171 -0.7409766
vt 2.273159 -1.298484
vt 2.273156 -1.100075
vt 2.273159 -1.350829
vt 2.273159 -1.029616
vt 2.273158 -0.8322712
vt 2.273159 -1.081681
vt -2.273159 0.9681139
vt -2.273156 0.7654768
vt -2.273159 1.021575
vt -2.273163 0.7248104
vt 2.273159 -2.183097
vt 2.273161 -2.551943
vt -0.1 2.158193
vt -0.5062473 2.158193
vt -0.5062473 2.609531
vt -0.1 2.703767
vt -0.5062469 2.703767
vt -2.451944 2.158193
vt -2.451941 2.703767
vt -1.482356 -0.5062466
vt -1.455359 3.11843E-09
vt -1.455359 -0.506244
vt -1.484558 -0.5062478
vt -1.59678 -0.5062473
vt -1.59678 -0.1
vt -1.49678 3.11843E-09
vt -1.59678 -2.451944
vt -0.8259007 -0.6852825
vt -0.9182886 -0.7923547
vt -0.9024444 -0.6852825
vt -0.4136428 1.192096E-07
vt -0.3993577 0.1242287
vt -0.4182746 0.3471462
vt -0.506246 0.6023265
vt -0.5062449 0.5595096
vt -0.5062463 0.8301244
vt -0.5062466 0.9887059
vt -0.5062466 1.359568
vt -0.5062483 1.548597
vt -0.5062472 1.659344
vt -0.5062468 1.705799
vt -0.5062467 2.058193
vt -0.5187439 0.5896826
vt -0.6432099 0.7531918
vt -0.8339906 0.9072778
vt -1.049791 1.001459
vt -1.294013 1.0387
vt -1.491323 1.020097
vt -2.187662 1.192096E-07
vt -2.199258 0.1306144
vt -2.168141 0.377731
vt -2.075599 0.5992927
vt -1.925632 0.7885532
vt -1.734194 0.9248528
vt -5.541892E-06 -1.27683
vt -5.456793E-06 -1.015952
vt 0.09999751 -1.067953
vt 0.09999595 -1.27683
vt 0.09999748 -1.015952
vt -3.449045E-06 -1.388984
vt -3.680795E-06 -1.190799
vt 0.0999993 -1.230304
vt 0.09999967 -1.388985
vt 0.09999929 -1.190799
vt -3.994483E-06 -1.435806
vt -3.758167E-06 -1.18876
vt 0.09999917 -1.238004
vt 0.09999751 -1.435806
vt 0.09999918 -1.18876
vt -2.12281E-06 -1.36273
vt -2.997178E-06 -1.127273
vt 0.1000045 -1.174209
vt 0.100001 -1.36273
vt 0.1000045 -1.127274
vt -1.050973E-06 -0.8193396
vt -1.250659E-06 -0.5778656
vt 0.1000017 -0.6259984
vt 0.1000021 -0.8193396
vt 0.1000017 -0.5778652
vt -7.470544E-06 -1.111307
vt -8.340867E-06 -0.8763045
vt 0.09999478 -0.9231465
vt 0.09999565 -1.111306
vt 0.09999464 -0.8763039
vt 1.050264E-05 -0.4870787
vt 9.89154E-06 -0.246967
vt 0.100013 -0.2948283
vt 0.1000136 -0.4870787
vt 0.1000128 -0.2469669
vt 2.201102E-06 0.7106564
vt 2.481495E-06 0.4807946
vt -0.1000005 0.533123
vt -0.1000009 0.7106605
vt -0.1000004 0.4807945
vt 2.161261E-06 0.7433169
vt -0.100001 0.7433169
vt 4.406802E-06 0.381271
vt 4.141605E-06 0.1575522
vt -0.09999874 0.2021458
vt -0.09999871 0.381271
vt -0.09999876 0.1575522
vt 1.20943E-06 0.07779364
vt 1.363186E-06 -0.04725354
vt -0.1000016 -0.02232801
vt -0.1000019 0.07779362
vt -0.1000016 -0.04725347
vt 1.904268E-06 0.9889016
vt 2.273951E-06 0.7834093
vt -0.1000007 0.8243699
vt -0.1000012 0.9889016
vt -0.1000007 0.7834093
vt -6.640098E-06 -1.218868
vt -5.566469E-06 -0.9736342
vt 0.0999973 -1.022518
vt 0.1000011 -1.218869
vt 0.09999738 -0.9736346
vt -6.695248E-06 -0.145168
vt -6.889537E-06 0.1039001
vt 0.09999605 0.05425356
vt 0.09999638 -0.145168
vt 0.09999605 0.1039
vt -1.213173E-05 0.1934525
vt -1.193739E-05 0.3245804
vt 0.09999096 0.2984428
vt 0.09999098 0.1934525
vt 0.09999096 0.3245805
vt -3.814697E-06 -2.187662
vt 0.0999997 -2.187325
vt 0.09999922 -2.215717
vt -3.814697E-06 -2.215706
vt 0.09999735 -2.325902
vt -3.814697E-06 -2.325897
vt 0.09999749 -0.4135916
vt -3.814697E-06 -0.4136428
vt -3.814697E-06 -0.3888204
vt 0.09999762 -0.3888263
vt -3.814697E-06 -0.274475
vt 0.09999823 -0.2744644
vt 0.09999749 -0.08265748
vt 0.09999844 8.258202E-16
vt 0.09999353 -2.55049
vt -3.814697E-06 -2.550479
vt 0.0999935 -2.551941
vt -1.804493 2.703756
vt -1.945915 2.158182
vt -1.945914 2.703756
vt -1.804493 2.158182
vt -0.09999619 -2.451944
vt 0.2000019 -2.551942
vt 0.09999521 -2.45194
vt 0.2485448 2.629301
vt 0.2678419 2.703745
vt 0.267842 2.6293
vt 0.1264208 2.629301
vt 0.1264207 2.703745
vt 0.1264212 2.158171
vt 0.1448588 2.2293
vt 0.2678423 2.2293
vt 0.2678424 2.158171
vt 0.1264211 2.2293
vt -2.273158 -2.451944
vt 2.273161 -2.451938
vt 2.173158 -2.551941
vt 1.536654 2.158188
vt 1.678073 2.703763
vt 1.678075 2.158188
vt 1.536652 2.703763
vt -1.181831 -1.009867
vt 2.209323 -0.03615906
vt 2.173162 8.300509E-16
vt 2.267569 -0.09442229
vt 2.273157 -0.1000006
vt -2.697398E-06 2.158193
vt 0.1414201 2.703767
vt 0.1414187 2.158193
vt -1.215797E-06 2.703767
vt -1.010677 -0.6852825
vt 0.1094916 -0.09050494
vt 0.1999964 8.260243E-16
vt 0.09999916 -0.1000008
vt -2.23785 -0.5062475
vt -2.237808 -0.1146446
vt -2.068788 -0.5062458
vt -1.186548 -0.5062453
vt -1.186547 -0.001728745
vt -2.158514 -0.03535451
vt -0.9687673 -0.5062435
vt -0.1353036 -0.5062439
vt -0.1353461 -0.1146447
vt -0.2146138 -0.03371094
vt -1.881357 -2.4758
vt -1.18655 -2.550296
vt -1.881356 -2.527379
vt -1.881358 -0.9405006
vt -1.881357 -0.5062472
vt -0.2146136 -2.518237
vt -0.1350941 -2.437555
vt -2.23806 -2.437555
vt -2.15854 -2.518237
vt -1.881352 0.8584995
vt -1.186577 0.8153954
vt -1.881356 0.8153954
vt -2.158538 0.8756962
vt -2.173156 0.8153954
vt -1.881356 0.8705858
vt -1.18655 0.8577756
vt -1.18655 2.668238
vt -0.1999983 2.618211
vt -1.186577 2.618211
vt -0.2146159 2.669294
vt 0.141064 0.3604283
vt 0.2678419 0.2993997
vt 0.1264206 0.2993997
vt 0.2543434 0.3599571
vt 0.1146446 0.9566815
vt 0.5062437 0.9464221
vt 0.5062469 0.8954473
vt 0.1 0.8954473
vt 2.451941 0.8954473
vt 0.5062434 0.956657
vt 2.437552 0.956536
vt 1.551297 1.381706
vt 1.678074 1.32047
vt 1.536652 1.32047
vt 1.663433 1.381705
vt 1.186547 2.752182
vt 2.173156 2.702152
vt 1.186577 2.702152
vt 2.158512 2.753344
vt -1.932416 1.354455
vt -1.804493 1.293894
vt -1.945914 1.293894
vt -1.819136 1.354919
vt -0.5062467 2.28104
vt -0.1 2.270423
vt -0.5062468 2.270423
vt -2.437552 2.331512
vt -2.451941 2.270423
vt -0.506247 2.331633
vt -0.1146447 2.331657
vt 0.2146161 2.302127
vt 1.186577 2.241825
vt 0.1999983 2.241825
vt 0.01463974 2.350571
vt 0.1414201 2.289336
vt -1.222951E-06 2.289336
vt 0.1279193 2.349891
vt 0.5062455 0.02931095
vt 0.5062497 2.687847E-06
vt 0.5062457 0.269286
vt 0.5062456 0.5387794
vt 1.894377 -0.4256909
vt 1.897096 -0.4257149
vt 1.89437 -0.4291603
vt 1.897167 -0.5062475
vt 1.894364 -0.5062445
vt 1.897173 -2.185292
vt 1.894153 -2.206768
vt 1.894156 -2.185295
vt 1.894124 -0.2167547
vt 1.894123 -0.4657017
vt 1.894119 0.1320998
vt 1.894127 -0.07922011
vt 1.894151 0.3448405
vt 1.894143 0.2115815
vt 1.894139 -0.9999951
vt 1.894147 -1.244151
vt 1.894141 -1.135241
vt 1.894134 -1.387708
vt 1.894135 -1.101406
vt 1.894135 -1.316741
vt 1.894134 -1.205102
vt 1.894134 -1.416813
vt 1.894145 -0.508061
vt 1.894145 -0.7409788
vt 1.894132 -1.100077
vt 1.89414 -1.350831
vt 1.894141 -0.8322724
vt 1.894133 -1.08168
vt -1.894133 0.7654769
vt -1.894133 1.021576
vt -1.894137 0.5042555
vt -1.894137 0.7108178
vt -1.894137 0.7248116
vt -1.894137 0.1962714
vt -1.894137 0.4248671
vt -1.894132 -0.07527468
vt -1.894132 0.06962448
vt 1.902016 -0.421315
vt 1.894372 -0.4213138
vt 2.273161 -0.4213103
vt 1.89864 -2.174863
vt 1.894157 -2.174898
vt 1.903166 -2.18529
vt 2.273159 -2.185291
vt 1.953408 -0.375358
vt 1.894379 -0.3753553
vt 2.27316 -0.3753577
vt 2.066072 -0.274609
vt 1.894395 -0.2746088
vt 2.273159 -0.2746027
vt 2.022615 -0.07736609
vt 1.894406 -0.1056624
vt 1.894411 -0.07736415
vt 2.250513 -0.07736246
vt 1.894425 8.294821E-16
vt 0.5185477 0.2931252
vt 0.1396447 -0.08577768
vt 0.1396428 -0.09867831
vt 0.5185506 -0.09867831
vt 0.5185477 0.3013217
vt 0.1396285 0.3013217
vt -0.5185521 0.4053134
vt -0.1830798 0.405318
vt -0.1396065 0.8400511
vt -0.139626 0.9686751
vt -0.5185506 0.9686751
vt -0.1395266 0.4053176
vt 0.5185503 0.294631
vt 0.51855 0.8867344
vt 0.4593401 0.2946355
vt 0.1395283 0.294632
vt 0.5185477 0.9686751
vt 0.1396453 0.9686751
vt 1.914328 -2.211001
vt 1.894151 -2.211003
vt 2.273159 -2.210998
vt 1.914327 -2.210999
vt 1.957538 -2.31054
vt 1.894138 -2.310534
vt 2.27316 -2.310541
vt 1.894108 -2.551936
vt -0.5185541 -0.4233981
vt -0.4185582 -0.4949376
vt -0.2731052 -0.4949363
vt -0.1393682 -0.4949347
vt 0.4185561 -0.4949386
vt 0.5185508 -0.4234043
vt 0.3803827 -0.4949384
vt 0.1393911 -0.4949384
vt -0.5062461 0.5409485
vt -0.5062461 0.5195526
vt -0.5062438 0.3038128
vt -0.5062451 0.1998698
vt -0.5062473 0.01993501
vt -0.5062484 -2.019635E-06
vt 0.5016846 -1.276828
vt 0.5016921 -1.015953
vt 0.5016941 -1.388986
vt 0.5016865 -1.1908
vt 0.5016862 -1.435806
vt 0.5016938 -1.188759
vt 0.5016954 -1.362729
vt 0.5016876 -1.127274
vt 0.5016965 -0.8193398
vt 0.5016963 -0.5778634
vt 0.5016901 -1.111303
vt 0.5016818 -0.8763016
vt 0.501708 -0.4870787
vt 0.5017074 -0.2469661
vt -0.4392868 0.7106604
vt -0.501695 0.4807937
vt -0.5016954 0.7106572
vt -0.5016954 0.7433168
vt -0.5016932 0.1575525
vt -0.5016931 0.3812709
vt -0.5016961 0.07779357
vt -0.5016962 -0.04725321
vt -0.5016956 0.9889016
vt -0.5016953 0.7834092
vt 0.501684 -1.21887
vt 0.501692 -0.9736362
vt 0.5016906 -0.1451679
vt 0.5016906 0.1038995
vt 0.5016854 0.1934525
vt 0.5016854 0.3245806
vt 0.5013837 -0.4136603
vt 0.5013897 -0.5062466
vt 0.5003631 -0.5062556
vt 0.5001234 -0.4136595
vt 0.501416 -0.913097
vt 0.5014964 -2.185973
vt 0.5014961 -2.187659
vt 0.4907668 -2.215704
vt 0.5014934 -2.192824
vt 0.5014949 -2.215707
vt 0.0999997 -2.187656
vt 0.4390876 -2.325939
vt 0.5015022 -2.325938
vt 0.5013893 -0.413107
vt 0.5001227 -0.4133866
vt 0.4704234 -0.3888382
vt 0.5013877 -0.3888327
vt 0.3320321 -0.2744489
vt 0.5013799 -0.2744449
vt 0.5013613 8.266393E-16
vt 0.3338328 -2.550453
vt 0.501517 -2.550459
vt 0.1985135 -2.550454
vt 0.5015171 -2.551942
vt 1.833395 -0.5062453
vt 0.5047103 -2.185962
vt 1.881358 -0.5062438
vt 1.881364 -2.175
vt 1.881364 -2.175
vt 1.881361 -2.297733
vt 0.1267441 -0.09867831
vt 0.1267441 0.3013217
vt 0.9686751 0.3013217
vt -0.4949349 0.1549607
vt -0.4949377 -0.09867831
vt 0.9686751 -0.09867831
vt -0.4949343 0.3013217
vt -0.1267441 0.9686751
vt -0.1267441 -0.4949344
vt 0.1267441 0.9686751
vt 0.1267441 -0.4949384
vt -0.03132844 0.06132889
vt -2.031328 0.06132889
vt -0.03132844 0.1413288
vt -2.031328 0.1413288
vt 2.031328 0.06132889
vt 0.03132844 0.06132889
vt 2.031328 0.1413288
vt 0.03132844 0.1413288
vt -0.3317364 -0.03132844
vt -0.3217364 -0.03132844
vt -0.3317364 -2.031328
vt -0.3217364 -2.031328
vt 0.3317364 -2.031328
vt 0.3217364 -2.031328
vt 0.3317364 -0.03132844
vt 0.3217364 -0.03132844
vt 0.4784988 -0.5605752
vt 0.4284989 -0.5605752
vt 0.4784988 1.039425
vt 0.4284989 1.039425
vt 0.3553836 -0.5605752
vt 0.3053834 -0.5605752
vt 0.3553836 1.039425
vt 0.3053834 1.039425
vt -0.4284989 -0.5605752
vt -0.4784988 -0.5605752
vt -0.4284989 1.039425
vt -0.4784988 1.039425
vt -0.3053834 -0.5605752
vt -0.3553836 -0.5605752
vt -0.3053834 1.039425
vt -0.3553836 1.039425
vt -0.4784988 0.3553836
vt -0.4284989 0.3553836
vt -0.4784988 0.3053834
vt -0.4284989 0.3053834
vt 0.4784988 0.3053834
vt 0.4284989 0.3053834
vt 0.4784988 0.3553836
vt 0.4284989 0.3553836
vt -1.006345 -0.1486714
vt -1.056345 -0.1486714
vt -1.006345 0.3513286
vt -1.056345 0.3513286
vt 1.056345 -0.1486714
vt 1.006345 -0.1486714
vt 1.056345 0.3513287
vt 1.006345 0.3513287
vt 0.4785004 0.03945041
vt 0.4285011 0.03945041
vt 0.4785004 0.2366595
vt 0.4284973 0.2366595
vt 0.5303867 0.03942144
vt 0.1303856 0.03942144
vt 0.5303953 0.2366308
vt 0.1303856 0.4394215
vt -0.4284988 0.03942466
vt -0.4784988 0.03942466
vt -0.4284988 0.4394248
vt -0.4784988 0.4394248
vt -0.1303856 0.03942466
vt -0.5303867 0.03942466
vt -0.1303856 0.4394248
vt -0.5303953 0.236634
vt -0.4785004 0.3660743
vt -0.4284973 0.3660743
vt -0.4785004 -0.08240294
vt -0.4285011 -0.08240294
vt 0.4784988 0.1303854
vt 0.4284988 0.1303854
vt 0.4784988 0.530386
vt 0.4284988 0.530386
vt 0.3741896 -0.5582756
vt 0.3055425 -0.5618738
vt 0.3552248 1.040723
vt 0.2865772 1.037125
vt -0.3055422 -0.5618738
vt -0.3741899 -0.5582755
vt -0.2865767 1.037125
vt -0.3552246 1.040723
vt 1.397987 -0.02351956
vt 0.9193192 -0.02351956
vt 1.397987 0.1606464
vt 0.9193192 0.1606464
vt 0.002739906 0.01020467
vt -0.6063037 -0.03640687
vt -0.0554769 0.689201
vt -0.5868666 0.7629201
vt -0.4086533 -0.05594957
vt -1.908653 -0.05594957
vt -0.4086533 0.7440505
vt -1.908653 0.7440505
vt 1.057173 -0.04833436
vt 0.4481413 -0.001740277
vt 1.03775 0.7511938
vt 0.5062945 0.6768942
vt -1.793549 -0.2611918
vt -0.5237579 -0.2611918
vt -1.908653 -0.7649431
vt -0.4086533 -0.7649431
vt 1.908653 -0.6814444
vt 0.4086533 -0.6814444
vt 1.793549 -0.09957862
vt 0.5237579 -0.09957862
vt 1.793549 -0.1008375
vt 0.5237579 -0.1008375
vt 1.664474 0.05783534
vt 0.652832 0.05783534
vt 1.268421 0.587498
vt 1.207717 -0.09858012
vt 1.050352 0.4431077
vt 1.003143 -0.1034215
vt 0.2546886 0.03284103
vt 0.1943634 0.7189499
vt 0.4592578 0.02788156
vt 0.4123385 0.5744334
vt -0.5237579 -0.5780611
vt -1.793549 -0.5780611
vt -0.652832 -0.3465199
vt -1.664474 -0.3465199
vt 0.652832 0.4290483
vt 1.664474 0.4290483
vt 0.8406067 0.1581947
vt 1.4767 0.1581947
vt 0.8406067 0.1346277
vt 1.4767 0.1346277
vt 0.9193192 0.02350223
vt 1.397987 0.02350223
vt 1.397987 0.2318674
vt 0.9193192 0.2318674
vt 1.397987 0.3039919
vt 0.9193192 0.3039919
vt -0.9193192 0.2318666
vt -1.397987 0.2318666
vt -0.9193192 0.2328666
vt -1.397987 0.2328666
vt -1.397987 -0.0235194
vt -0.9193192 -0.0235194
vt -1.397987 -0.1676313
vt -0.9193192 -0.1676313
vt -0.3039916 -0.02351958
vt -0.2318671 -0.0235194
vt -0.3039916 -0.1676315
vt -0.2318671 -0.1676313
vt 0.2318671 -0.02351946
vt 0.3039918 -0.02351958
vt 0.2318671 -0.1676313
vt 0.3039918 -0.1676315
vt 0.9193192 -0.1676314
vt 1.397987 -0.1676314
vt -1.3767 -0.02345743
vt -0.9406067 -0.02345743
vt -1.3767 -0.1719381
vt -0.9406067 -0.1719381
vt 0.8694585 -0.0235194
vt 0.8766246 -0.02351526
vt 0.8694585 -0.172
vt 0.8766246 -0.1719959
vt 0.8254142 -0.02351526
vt 0.8325803 -0.0235194
vt 0.8254142 -0.1719959
vt 0.8325803 -0.172
vt 0.9193192 -0.1720001
vt 1.397987 -0.1720001
vt 0.913154 -0.1009808
vt 1.396182 -0.1306992
vt 0.9211243 0.02856445
vt 1.404153 -0.001153946
vt 0.2318671 0.2317711
vt 0.2328619 0.2317711
vt 0.3039916 0.1606463
vt -0.3039916 0.1606463
vt -0.2328619 0.2317711
vt -0.2318671 0.2317711
vt -0.652844 0.000980258
vt -0.5858917 0.1579303
vt -0.7308663 0.009563088
vt -0.7133861 0.1672901
vt 1.358351 -0.05417103
vt 1.234002 -0.05903155
vt 1.137717 0.03711015
vt 1.145286 0.2778503
vt 1.391091 0.4899374
vt 0.9766246 0.07654262
vt 0.8694584 0.2317712
vt 0.9766246 0.3157947
vt 1.300378 0.2747631
vt 1.330933 0.1975908
vt 1.249974 0.1521723
vt 1.382911 0.03122342
vt 1.438353 0.1236477
vt 1.551943 0.04474998
vt 1.205497 0.1655593
vt 1.079004 0.1876438
vt 1.106152 0.2602719
vt 0.621793 0.4392614
vt 0.6065608 0.3694147
vt 0.5258439 0.3353126
vt -0.09373283 -0.09461093
vt -0.04424071 -0.2507355
vt 0.04530454 -0.1029209
vt 0.03634024 -0.2539879
vt 0.5363874 0.546783
vt 0.7821921 0.3346969
vt 0.7897617 0.09395659
vt 0.6934779 -0.002185702
vt 0.5691299 0.00267446
vt 0.7254142 0.3157946
vt 0.8325803 0.2317711
vt 0.7254142 0.07654256
vt 1.551523 0.0644803
vt 1.660531 0.007483959
vt 0.6520325 0.06379032
vt 0.7667077 0.1082978
vt 0.9436541 0.1327195
vt 1.378395 0.1084471
vt 1.407848 0.2150149
vt 1.344695 0.06083298
vt 0.9318663 0.1588364
vt 0.944751 0.3249516
vt 0.9524608 0.3352528
vt 1.405591 0.2276821
vt 0.8669751 0.06638575
vt 0.7899204 0.1412075
vt 0.863203 0.1904869
vt 0.66419 -0.2036186
vt 0.589214 -0.1761051
vt 0.5682409 -0.09966978
vt 0.7721393 0.008378357
vt 0.7882274 -0.07702485
vt 0.6629035 -0.08614686
vt 0.7748338 0.07391942
vt 0.8545581 0.1725509
vt 0.9425321 0.1279534
vt 0.3639212 -0.07062951
vt 0.2839212 -0.07062951
vt 0.3639212 0.2293705
vt 0.2839212 0.2293705
vt -0.5881967 -0.07062951
vt -0.6681967 -0.07062951
vt -0.5881967 0.2293705
vt -0.6681967 0.2293705
vt -0.2839212 -0.07062951
vt -0.3639212 -0.07062951
vt -0.2839212 0.2293705
vt -0.3639212 0.2293705
vt 0.6681967 -0.07062951
vt 0.5881967 -0.07062951
vt 0.6681967 0.2293705
vt 0.5881967 0.2293705
vt -0.2071577 -0.07062662
vt -0.2080843 0.2294141
vt -0.2222262 -0.07067311
vt -0.2231528 0.2293676
vt 0.2231528 -0.07062662
vt 0.2222262 0.2294141
vt 0.2080843 -0.07067311
vt 0.2071577 0.2293676
vt 0.6652516 0.2293676
vt 0.6661782 -0.07067311
vt 0.6803199 0.2294141
vt 0.6812465 -0.07062662
vt -0.6652515 -0.07062662
vt -0.6661781 0.2294141
vt -0.6803198 -0.07067311
vt -0.6812464 0.2293676
vt 0.2855594 -0.6836708
vt 0.2743193 -0.6738963
vt 0.2684473 -0.5898373
vt 0.2782191 -0.5785949
vt 0.362283 -0.5727227
vt 0.3735231 -0.5824971
vt 0.3793952 -0.6665561
vt 0.3696232 -0.6777985
vt -0.2651184 -0.5827618
vt -0.256581 -0.5967782
vt -0.2784857 -0.6869962
vt -0.2925 -0.6955376
vt -0.3827239 -0.6736314
vt -0.3912613 -0.6596148
vt -0.3693566 -0.5693967
vt -0.5183276 -1.790141
vt -0.5519742 -1.790141
vt -0.5183275 3.109859
vt -0.5519741 3.109859
vt 0.5493854 -1.790141
vt 0.5209151 -1.790141
vt 0.5493857 3.109859
vt 0.5209153 3.109859
vt -0.1402726 -1.790141
vt -0.1739192 -1.790141
vt -0.1402725 3.109859
vt -0.1739191 3.109859
vt 0.1713319 -1.790141
vt 0.1428616 -1.790141
vt 0.1713322 3.109859
vt 0.1428619 3.109859
vt 0.2798753 -1.790141
vt 0.2462285 -1.790141
vt 0.2798755 3.109859
vt 0.2462287 3.109859
vt -0.2488165 -1.790141
vt -0.2772867 -1.790141
vt -0.2488164 3.109859
vt -0.2772867 3.109859
vt 0.6295394 -1.790141
vt 0.5958927 -1.790141
vt 0.6295397 3.109859
vt 0.595893 3.109859
vt -0.5984814 -1.790141
vt -0.6269516 -1.790141
vt -0.5984814 3.109859
vt -0.6269515 3.109859
vt 0.8150263 -1.790141
vt 0.7813796 -1.790141
vt 0.8150265 3.109859
vt 0.7813798 3.109859
vt -0.7839682 -1.790141
vt -0.8124383 -1.790141
vt -0.7839682 3.109859
vt -0.8124382 3.109859
vt 0.7866356 -1.790141
vt 0.7529888 -1.790141
vt 0.7866359 3.109859
vt 0.7529891 3.109859
vt -0.7555777 -1.790141
vt -0.7840477 -1.790141
vt -0.7555776 3.109859
vt -0.7840477 3.109859
vt 0.5519738 -1.790141
vt 0.5183272 -1.790141
vt 0.5519741 3.109859
vt 0.5183274 3.109859
vt -0.5209153 -1.790141
vt -0.5493854 -1.790141
vt -0.5209152 3.109859
vt -0.5493853 3.109859
vt 0.17392 -1.790141
vt 0.1402734 -1.790141
vt 0.1739203 3.109859
vt 0.1402737 3.109859
vt -0.142862 -1.790141
vt -0.171332 -1.790141
vt -0.1428619 3.109859
vt -0.1713319 3.109859
vt -0.2462287 -1.790142
vt -0.2798753 -1.790142
vt -0.2462287 3.109859
vt -0.2798752 3.109859
vt 0.2772866 -1.790141
vt 0.2488164 -1.790141
vt 0.2772869 3.109859
vt 0.2488166 3.109859
vt -0.595893 -1.790141
vt -0.6295396 -1.790141
vt -0.5958929 3.109859
vt -0.6295395 3.109859
vt 0.6269515 -1.790141
vt 0.5984812 -1.790141
vt 0.6269517 3.109859
vt 0.5984814 3.109859
vt -0.7813798 -1.790141
vt -0.8150263 -1.790141
vt -0.7813797 3.109859
vt -0.8150262 3.109859
vt 0.8124381 -1.790141
vt 0.7839678 -1.790141
vt 0.8124383 3.109859
vt 0.783968 3.109859
vt -0.7529891 -1.790141
vt -0.7866356 -1.790141
vt -0.7529891 3.109859
vt -0.7866356 3.109859
vt 0.7840476 -1.790141
vt 0.7555771 -1.790141
vt 0.7840478 3.109859
vt 0.7555774 3.109859
vt 0.3881733 -0.6751736
vt 0.3982322 -0.6427715
vt 0.3969806 -0.6758115
vt 0.4054899 -0.6483943
vt -0.3982322 -0.6427715
vt -0.3881733 -0.6751736
vt -0.4054899 -0.6483943
vt -0.3969806 -0.6758115
vt 0.3969973 -0.6414223
vt 0.4223053 -0.6197554
vt 0.4038114 -0.6479891
vt 0.4252304 -0.6296563
vt -0.4223053 -0.6197554
vt -0.3969973 -0.6414223
vt -0.4252304 -0.6296563
vt -0.4038114 -0.6479891
vt 0.4209175 -0.6176456
vt 0.4542029 -0.6108253
vt 0.4249365 -0.6280228
vt 0.4530965 -0.6222512
vt -0.4542029 -0.6108253
vt -0.4209175 -0.6176456
vt -0.4530965 -0.6222512
vt -0.4249365 -0.6280228
vt 0.4524591 -0.6108253
vt 0.4857445 -0.6176456
vt 0.4535655 -0.6222512
vt 0.4817255 -0.6280228
vt -0.4857445 -0.6176456
vt -0.4524591 -0.6108253
vt -0.4817255 -0.6280228
vt -0.4535655 -0.6222512
vt 0.4843569 -0.6197553
vt 0.5096647 -0.6414223
vt 0.4814317 -0.6296563
vt 0.5028506 -0.6479891
vt -0.5096647 -0.6414223
vt -0.4843569 -0.6197553
vt -0.5028506 -0.6479891
vt -0.4814317 -0.6296563
vt 0.5084298 -0.6427715
vt 0.5184885 -0.6751736
vt 0.5011721 -0.6483943
vt 0.5096812 -0.6758115
vt -0.5184885 -0.6751736
vt -0.5084298 -0.6427715
vt -0.5096812 -0.6758115
vt -0.5011721 -0.6483943
vt 0.5184885 -0.6758237
vt 0.5084298 -0.7082259
vt 0.5096812 -0.6751859
vt 0.5011721 -0.7026032
vt -0.5084298 -0.7082259
vt -0.5184885 -0.6758237
vt -0.5011721 -0.7026032
vt -0.5096812 -0.6751859
vt 0.5096647 -0.7095751
vt 0.4843569 -0.7312421
vt 0.5028506 -0.7030084
vt 0.4814317 -0.7213411
vt -0.4843569 -0.7312421
vt -0.5096647 -0.7095751
vt -0.4814317 -0.7213411
vt -0.5028506 -0.7030084
vt 0.4857445 -0.7333519
vt 0.4524591 -0.7401722
vt 0.4817255 -0.7229747
vt 0.4535655 -0.7287463
vt -0.4524591 -0.7401722
vt -0.4857445 -0.7333519
vt -0.4535655 -0.7287463
vt -0.4817255 -0.7229747
vt 0.4542029 -0.7401722
vt 0.4209175 -0.7333519
vt 0.4530965 -0.7287463
vt 0.4249365 -0.7229747
vt -0.4209175 -0.7333519
vt -0.4542029 -0.7401722
vt -0.4249365 -0.7229747
vt -0.4530965 -0.7287463
vt 0.422305 -0.7312421
vt 0.3969973 -0.709575
vt 0.4252303 -0.7213411
vt 0.4038114 -0.7030084
vt -0.3969973 -0.709575
vt -0.422305 -0.7312421
vt -0.4038114 -0.7030084
vt -0.4252303 -0.7213411
vt 0.3982322 -0.7082259
vt 0.3881733 -0.6758237
vt 0.4054899 -0.7026033
vt 0.3969806 -0.6751858
vt -0.3881733 -0.6758237
vt -0.3982322 -0.7082259
vt -0.3969806 -0.6751858
vt -0.4054899 -0.7026033
vt 0.5054548 -0.5572793
vt 0.4285572 -0.5610512
vt 0.4784405 1.039901
vt 0.4015546 1.03613
vt 1.150386 -0.5605752
vt -0.4896143 -0.5605752
vt 1.150386 1.039425
vt -0.4896143 1.039425
vt -0.428557 -0.5610511
vt -0.5054547 -0.5572793
vt -0.4015547 1.03613
vt -0.4784406 1.039901
vt 0.4896143 -0.5605752
vt -1.150386 -0.5605752
vt 0.4896143 1.039425
vt -1.150386 1.039425
vt -0.478499 1.150386
vt -0.428499 1.150386
vt -0.478499 -0.4896142
vt -0.428499 -0.4896142
vt 0.4784988 -0.4896142
vt 0.4284988 -0.4896142
vt 0.478499 1.150386
vt 0.4284989 1.150386
vt 0.5767441 0.07632148
vt 0.07674408 0.07632148
vt 0.5767441 0.1263214
vt 0.07674408 0.1263214
vt -0.8313284 0.07632148
vt -1.231328 0.07632148
vt -0.8313284 0.1263214
vt -1.231328 0.1263214
vt -0.07674408 0.07632148
vt -0.5767441 0.07632148
vt -0.07674408 0.1263214
vt -0.5767441 0.1263214
vt 1.231328 0.07632148
vt 0.8313284 0.07632148
vt 1.231328 0.1263214
vt 0.8313284 0.1263214
vt -0.5767441 -0.8313284
vt -0.07674408 -0.8313284
vt -0.5767441 -1.231328
vt -0.07674408 -1.231328
vt 0.5767441 -1.231328
vt 0.07674408 -1.231328
vt 0.5767441 -0.8313284
vt 0.07674408 -0.8313284
vt 0.5239212 0.0693705
vt 0.1239212 0.0693705
vt 0.5239212 0.0793705
vt 0.1239212 0.0793705
vt -0.4781967 0.0693705
vt -0.7781967 0.0693705
vt -0.4781967 0.0793705
vt -0.7781967 0.0793705
vt -0.1239212 0.0693705
vt -0.5239212 0.0693705
vt -0.1239212 0.0793705
vt -0.5239212 0.0793705
vt 0.7781967 0.0693705
vt 0.4781967 0.0693705
vt 0.7781967 0.0793705
vt 0.4781967 0.0793705
vt -0.5139212 -0.4881967
vt -0.1339212 -0.4881967
vt -0.5139212 -0.7681967
vt -0.1339212 -0.7681967
vt 0.5239212 -0.7781968
vt 0.1239212 -0.7781968
vt 0.5239212 -0.4781966
vt 0.1239212 -0.4781966
vt 0.1238208 0.3943326
vt 0.5237385 0.3885958
vt 0.1341017 0.4139221
vt 0.5140238 0.4084721
vt -0.3262027 -0.4789593
vt -0.314132 -0.7784734
vt -0.3000128 -0.4879053
vt -0.2887468 -0.7674489
vt -0.1318909 -0.7774336
vt -0.1439615 -0.4779205
vt -0.1580809 -0.7684882
vt -0.1693468 -0.4889445
vt -0.5240216 -0.4940714
vt -0.1241039 -0.4998084
vt -0.5137407 -0.4744821
vt -0.1338187 -0.4799322
vt 0.4785004 -0.4814487
vt 0.4284973 -0.4814487
vt 0.4785004 1.124573
vt 0.4284973 1.124573
vt 0.890317 -0.5605755
vt -0.2696152 -0.5605751
vt 1.029261 1.039425
vt -0.2696147 1.039425
vt 0.2696137 -0.5605752
vt -0.8903183 -0.5605755
vt 0.2696137 1.039425
vt -1.029262 1.039425
vt -0.4785004 1.029261
vt -0.4284973 1.029261
vt -0.4785004 -0.2696145
vt -0.4284973 -0.2696145
vt 0.4785004 -0.2696137
vt 0.4284973 -0.2696137
vt 0.4785004 0.8903178
vt 0.4284973 0.8903178
vt 0.4284973 0.03945041
vt -0.4284973 -0.08240294
vt 0.5703704 0.07097316
vt 0.08286786 0.06902337
vt 0.5706205 0.1336188
vt 0.08311808 0.1316695
vt -0.08286762 0.06902337
vt -0.5703704 0.07097316
vt -0.08311808 0.1316698
vt -0.5706205 0.1336191
vt 1.516744 0.07632124
vt -0.863256 0.07632124
vt 1.516744 0.1263212
vt -0.863256 0.1263212
vt 0.863256 0.07632124
vt -1.516744 0.07632124
vt 0.863256 0.1263212
vt -1.516744 0.1263212
vt -1.516744 -0.7313249
vt 0.863256 -0.7313249
vt -1.516744 -1.331325
vt 0.863256 -1.331325
vt 1.516744 -1.331325
vt -0.863256 -1.331325
vt 1.516744 -0.7313249
vt -0.863256 -0.7313249
vt 0.08508742 -0.6614715
vt 0.2995969 -0.3636036
vt 0.4290349 -0.7070975
vt -0.2995969 -0.3636036
vt -0.08508742 -0.6614715
vt -0.4290349 -0.7070975
vt 0.453331 -0.6754987
vt -0.453331 -0.6754987
vt 0.6070651 -0.3636037
vt 0.8215745 -0.6614715
vt 0.4776269 -0.7070974
vt -0.8215744 -0.6614715
vt -0.6070651 -0.3636037
vt -0.4776269 -0.7070974
vt 0.8215745 -0.6895261
vt 0.607065 -0.9873939
vt 0.477627 -0.6439001
vt -0.607065 -0.9873939
vt -0.8215745 -0.6895261
vt -0.477627 -0.6439001
vt 0.2995968 -0.9873939
vt 0.08508742 -0.689526
vt 0.4290349 -0.6439002
vt -0.08508754 -0.689526
vt -0.2995968 -0.9873939
vt -0.4290349 -0.6439002
vt -0.2168029 -1.965141
vt -0.3807389 -1.965141
vt -0.2168028 3.284859
vt -0.3807388 3.284859
vt -0.3736303 -1.965141
vt -0.4852953 -1.965141
vt -0.3736303 3.284859
vt -0.4852953 3.284859
vt 0.553331 -1.965141
vt 0.3533307 -1.965141
vt 0.5533313 3.284859
vt 0.353331 3.284859
vt -0.4526708 -1.965141
vt -0.4539912 -1.965141
vt -0.4526708 3.284859
vt -0.4539911 3.284859
vt 0.9337975 -1.965141
vt 0.7698613 -1.965141
vt 0.9337977 3.284859
vt 0.7698616 3.284859
vt 0.896629 -1.965141
vt 0.7849637 -1.965141
vt 0.8966292 3.284859
vt 0.784964 3.284859
vt 0.3006769 -1.965141
vt 0.1367408 -1.965141
vt 0.3006772 3.284859
vt 0.136741 3.284859
vt 0.4189982 -1.965141
vt 0.307333 -1.965141
vt 0.4189984 3.284859
vt 0.3073333 3.284859
vt -0.353331 -1.965141
vt -0.553331 -1.965141
vt -0.3533309 3.284859
vt -0.553331 3.284859
vt 0.4539911 -1.965141
vt 0.4526707 -1.965141
vt 0.4539913 3.284859
vt 0.4526709 3.284859
vt -0.6897998 -1.965141
vt -0.8537358 -1.965141
vt -0.6897997 3.284859
vt -0.8537357 3.284859
vt -0.718667 -1.965141
vt -0.830332 -1.965141
vt -0.7186669 3.284859
vt -0.8303319 3.284859
vt 0.254089 -0.6553748
vt 0.3699965 -0.5519537
vt 0.4983101 -0.692943
vt 0.4348567 -0.7760654
vt -0.3699965 -0.5519537
vt -0.254089 -0.6553748
vt -0.4348567 -0.7760654
vt -0.4983101 -0.692943
vt 0.353331 -0.5455952
vt 0.553331 -0.5455952
vt 0.4526671 -0.7750108
vt 0.4539949 -0.7750108
vt -0.553331 -0.5455952
vt -0.353331 -0.5455952
vt -0.4539949 -0.7750108
vt -0.4526671 -0.7750108
vt 0.5366654 -0.5519537
vt 0.6525729 -0.6553749
vt 0.4718055 -0.7760654
vt 0.4083519 -0.6929429
vt -0.6525729 -0.6553749
vt -0.5366654 -0.5519537
vt -0.4083519 -0.6929429
vt -0.4718055 -0.7760654
vt 0.652573 -0.6956231
vt 0.5366656 -0.7990441
vt 0.408352 -0.6580549
vt 0.4718056 -0.5749325
vt -0.5366656 -0.7990441
vt -0.652573 -0.6956231
vt -0.4718056 -0.5749325
vt -0.408352 -0.6580549
vt 0.553331 -0.8054028
vt 0.353331 -0.8054028
vt 0.4539949 -0.5759871
vt 0.4526671 -0.5759871
vt -0.353331 -0.8054028
vt -0.553331 -0.8054028
vt -0.4526671 -0.5759871
vt -0.4539949 -0.5759871
vt 0.3699965 -0.7990441
vt 0.254089 -0.6956231
vt 0.4348567 -0.5749325
vt 0.4983101 -0.6580549
vt -0.254089 -0.6956231
vt -0.3699965 -0.7990441
vt -0.4983101 -0.6580549
vt -0.4348567 -0.5749325
vt 0.5239212 0.0893705
vt 0.1239212 0.0893705
vt -0.4281967 0.0793705
vt -0.8281967 0.0793705
vt -0.4281967 0.0893705
vt -0.8281967 0.0893705
vt -0.1239212 0.0893705
vt -0.5239212 0.0893705
vt 0.8281967 0.0793705
vt 0.4281967 0.0793705
vt 0.8281967 0.0893705
vt 0.4281967 0.0893705
vt -0.5239213 -0.4281967
vt -0.1239212 -0.4281967
vt -0.5239213 -0.8281968
vt -0.1239212 -0.8281968
vt 0.5139212 -0.8181967
vt 0.1339212 -0.8181967
vt 0.5139212 -0.4381967
vt 0.1339212 -0.4381967
vt -0.1238165 0.6416712
vt -0.5237272 0.6476502
vt -0.1341129 0.621851
vt -0.5140281 0.6275315
vt 0.4264721 -0.8283575
vt 0.4261832 -0.4283509
vt 0.4125924 -0.8188516
vt 0.4123187 -0.4388456
vt 0.0301615 -0.4284544
vt 0.03166175 -0.8284086
vt 0.04581571 -0.4387901
vt 0.04724181 -0.8187464
vt 0.5240176 -0.2467276
vt 0.1240932 -0.2412266
vt 0.5137513 -0.2660928
vt 0.1338229 -0.2608668
vt 0.4739212 0.0293705
vt 0.1739212 0.0293705
vt 0.4739212 0.0793705
vt 0.1739212 0.0793705
vt -0.4781967 0.0293705
vt -0.7781967 0.0293705
vt -0.1739212 0.0293705
vt -0.4739212 0.0293705
vt -0.1739212 0.0793705
vt -0.4739212 0.0793705
vt 0.7781967 0.0293705
vt 0.4781967 0.0293705
vt -0.4239212 -0.5281967
vt -0.2239212 -0.5281967
vt -0.4239212 -0.7281967
vt -0.2239212 -0.7281967
vt 0.4739212 -0.7781968
vt 0.1739212 -0.7781968
vt 0.4739212 -0.4781966
vt 0.1739212 -0.4781966
vt -0.3107702 -0.4861875
vt -0.2755616 -0.781997
vt -0.2058388 -0.5236967
vt -0.1823661 -0.7209058
vt 0.1712434 0.3964977
vt 0.4692948 0.3723977
vt 0.2282255 0.4828155
vt 0.4269213 0.4667492
vt -0.1473237 -0.770206
vt -0.1825324 -0.4743965
vt -0.2522551 -0.7326968
vt -0.2757279 -0.5354877
vt -0.476599 -0.4919068
vt -0.1785478 -0.5160072
vt -0.4196168 -0.4055887
vt -0.2209211 -0.4216552
vt -0.8813285 0.07632148
vt -1.181328 0.07632148
vt -0.8813285 0.1263214
vt -1.181328 0.1263214
vt 1.181328 0.07632148
vt 0.8813285 0.07632148
vt 1.181328 0.1263214
vt 0.8813285 0.1263214
vt -0.5767441 -0.8813285
vt -0.07674408 -0.8813285
vt -0.5767441 -1.181328
vt -0.07674408 -1.181328
vt 0.5767441 -1.181328
vt 0.07674408 -1.181328
vt 0.5767441 -0.8813285
vt 0.07674408 -0.8813285
vt 0.566011 0.06987596
vt 0.07252598 0.08334875
vt 0.5809646 0.1192923
vt 0.08747959 0.1327643
vt -0.3313248 0.07632014
vt -1.731325 0.07632014
vt -0.07252598 0.08334875
vt -0.566011 0.06987596
vt -0.08747959 0.1327643
vt -0.5809646 0.1192923
vt 1.731325 0.07632011
vt 0.3313248 0.07632011
vt -0.5767449 -0.3313246
vt -0.07674491 -0.3313251
vt -0.576745 -1.731325
vt -0.07674491 -1.731325
vt 0.5767454 -1.731325
vt 0.07674539 -1.731325
vt 0.5767455 -0.3313246
vt 0.07674545 -0.3313246
vt 0.5809646 0.08334827
vt 0.08747935 0.06987619
vt 0.5660112 0.1327639
vt 0.07252574 0.1192918
vt -0.08747935 0.06987572
vt -0.5809648 0.08334827
vt -0.07252574 0.1192915
vt -0.5660117 0.1327643

vn 0 0 1
vn -1 0 0
vn 0 0 -1
vn 1 0 0
vn 0 1 0
vn 0 -1 0
vn -0.6428185 0.7660185 0
vn 0.6428185 -0.7660185 0
vn 0.766045 0.642787 0
vn -0.766045 -0.642787 0
vn -0.7535968 -0.6573369 0
vn 0.7121553 0.702022 0
vn -0.2590354 -0.9658678 0
vn 0.2470311 0.9690076 0
vn 0.2590282 -0.9658698 0
vn -0.2470311 0.9690076 0
vn 0.7536024 -0.6573305 0
vn -0.7121553 0.702022 0
vn 0.7536024 0.6573305 0
vn -0.7121553 -0.702022 0
vn 0.2590282 0.9658698 0
vn -0.2470311 -0.9690076 0
vn -0.2590354 0.9658678 0
vn 0.2470311 -0.9690076 0
vn -0.7535968 0.6573368 0
vn 0.7121553 -0.702022 0
vn 0 -0.8311961 -0.5559794
vn 0 0.8311979 0.5559767
vn 0 -0.8311961 0.5559794
vn 0 0.8311979 -0.5559767
vn -0.8062744 -0.4603474 0.3714861
vn -0.4102959 -0.7097024 0.5726952
vn 5.260013E-06 -0.7782235 0.6279874
vn 0.4103056 -0.7096967 0.5726953
vn 0.8062517 -0.4603704 0.3715068
vn 0.80626 0.4603647 -0.3714957
vn 0.8062361 0.4603867 -0.3715203
vn 0.4103065 0.7096919 -0.5727005
vn 1.461715E-05 0.778221 -0.6279905
vn -0.4103205 0.7096865 -0.5726973
vn -0.8062703 0.4603562 -0.371484
vn 0 -0.3817705 -0.9242572
vn 4.400032E-06 -1.205504E-05 4.976988E-06
vn 8.800064E-06 0.3817464 0.9242671
vn 0 -0.3820334 -0.9241485
vn 0.00041614 0.3820656 0.9241351
vn -0.1616242 0.4716462 -0.8668492
vn 0.2042574 0.8436878 -0.4964573
vn -0.2042572 0.8436846 -0.4964627
vn -0.4862941 0.3358618 -0.8066691
vn -0.6168299 0.6995643 -0.3607364
vn -0.7701697 0.02053935 -0.6375083
vn -0.7701734 0.02049066 -0.6375054
vn -0.9427136 0.3312765 -0.03933016
vn -0.8384258 -0.4412158 -0.3199543
vn -0.9112694 -0.1836744 0.3685808
vn -0.588717 -0.8083297 0.00392141
vn -0.5743934 -0.5338493 0.6205459
vn -0.2016038 -0.9643285 0.1715412
vn -0.1887235 -0.6739835 0.7142336
vn 0.2016131 -0.9643233 0.1715594
vn 0.1887238 -0.6739856 0.7142316
vn 0.5887185 -0.8083286 0.003929079
vn 0.5743239 -0.5339041 0.620563
vn 0.8384453 -0.4412392 -0.319871
vn 0.8384341 -0.4411661 -0.3200012
vn 0.9112527 -0.1836451 0.3686368
vn 0.9113349 -0.1835204 0.3684955
vn 0.9114171 -0.1833958 0.3683542
vn 0.7701432 0.02056308 -0.6375396
vn 0.7702068 0.0205203 -0.637464
vn 0.9427146 0.3312723 -0.0393412
vn 0.486312 0.3358969 -0.8066436
vn 0.6167524 0.6996039 -0.3607921
vn 0.1616296 0.4716356 -0.866854
vn -0.1146086 0.1849763 -0.9760371
vn -0.1145751 0.18501 -0.9760348
vn 0.2056088 0.9298579 -0.3051054
vn -0.2056083 0.9298697 -0.30507
vn -0.3339609 0.0713563 -0.9398822
vn -0.3340127 0.07122833 -0.9398735
vn -0.6099616 0.7789958 -0.1453009
vn -0.6098001 0.7791147 -0.1453412
vn -0.506031 -0.1633476 -0.8469062
vn -0.8933559 0.4074695 0.1894303
vn -0.8934194 0.4072917 0.1895133
vn -0.5527846 -0.4839429 -0.6784014
vn -0.8326667 -0.08042672 0.5479031
vn -0.4172912 -0.7720817 -0.4793307
vn -0.5230251 -0.4113222 0.7464977
vn -0.5229716 -0.411375 0.7465061
vn -0.1518312 -0.9243007 -0.3501651
vn -0.1727666 -0.5494397 0.8174764
vn 0.1518329 -0.9243048 -0.3501533
vn 0.1727692 -0.5494584 0.8174633
vn 0.4172488 -0.7720558 -0.4794092
vn 0.522927 -0.4113798 0.7465346
vn 0.5230227 -0.4113451 0.7464868
vn 0.5527678 -0.4839425 -0.6784154
vn 0.8327398 -0.08024642 0.5478184
vn 0.5061057 -0.1633067 -0.8468695
vn 0.5059979 -0.1632203 -0.8469506
vn 0.50589 -0.1631339 -0.8470317
vn 0.8933991 0.4072958 0.1896005
vn 0.3339158 0.07128436 -0.9399036
vn 0.3340125 0.07126945 -0.9398704
vn 0.6098524 0.7790757 -0.1453307
vn 0.1146133 0.1850025 -0.9760317
vn 0.1145789 0.1849901 -0.9760381
vn 0 0.01935166 -0.9998128
vn 0 0.8590478 0.5118954
vn 0 -0.9985511 -0.05381215
vn 0 -0.9221143 0.3869177
vn 0.1334215 6.41374E-05 0.9910594
vn -0.1334284 6.413733E-05 0.9910585
vn 0 0.922116 0.3869135
vn 0 -0.3940478 -0.91909
vn 0 0.3945235 0.9188858
vn 0 -0.793569 -0.6084803
vn 0 0.7936478 0.6083775
vn 0 -0.7935706 0.6084782
vn 0 0.7936462 -0.6083795
vn 0 -0.3940502 0.9190889
vn 0 0.3945186 -0.918888
vn 0 0.3940502 0.9190889
vn 0 -0.3945186 -0.918888
vn 0 0.3940478 -0.91909
vn 0 -0.3945235 0.9188858
vn 0 -0.5147116 0.8573634
vn 0 0.5147115 -0.8573635
vn 0 0.6488404 0.7609246
vn 0 -0.6488378 -0.7609268
vn 0 -0.1274106 0.9918501
vn 0 0.1274067 -0.9918505
vn 0 0.9699524 0.2432947
vn 0 -0.9699524 -0.2432947
vn -0.8132322 -0.5819393 -8.283301E-08
vn 0.8131047 0.5821174 9.498223E-08
vn -0.4195488 -0.9077328 -1.292063E-07
vn 0.4196756 0.9076742 1.29198E-07
vn 0.4195488 -0.9077328 -1.292063E-07
vn -0.4196756 0.9076742 1.29198E-07
vn 0.8132322 -0.5819393 -8.283301E-08
vn -0.8131102 0.5821097 8.285728E-08
vn 0.8132316 0.5819402 8.283313E-08
vn -0.8131047 -0.5821174 -9.498356E-08
vn -0.8132319 0.5819398 9.493472E-08
vn 0.8130991 -0.5821252 -8.285947E-08
vn 0 -0.9293054 0.3693121
vn 0.1037618 0 0.9946022
vn -0.1037618 0 0.9946022
vn 0 0.9292982 0.3693302
vn 0.5863962 -0.00189903 -0.8058673
vn 0.6526353 0 -0.7576723
vn 0.520157 -0.00379806 -0.8540623
vn -0.5853335 -0.002374919 -0.8067772
vn -0.5201608 0 -0.8540683
vn -0.6505063 -0.004749838 -0.7594861
vn -0.2803439 0.3582172 -0.8905547
vn -0.2797877 0.3589233 -0.8904449
vn -0.2792315 0.3596295 -0.890335
vn 0 0.6515992 -0.7585635
vn -5.86045E-06 0.6499325 -0.7599919
vn 0 0.6482728 -0.7614082
vn -3.07831E-06 0.7425732 -0.6697649
vn 0 0.7428702 -0.6694355
vn -0.6143027 0.7890696 -0.00118834
vn -0.6163006 0.7874953 -0.004979291
vn -0.6149766 0.7885416 -0.002437049
vn -0.613644 0.7895828 0.0001129743
vn -0.5141262 -0.003754024 -0.8577063
vn -1.18372E-07 -0.6482765 -0.7614051
vn 4.109983E-05 -0.6485226 -0.7611954
vn 4.757494E-07 0.6493888 -0.7604566
vn 0.2781263 0.3610185 -0.8901188
vn 0.2803684 0.3582485 -0.8905345
vn 0.277777 0.3614697 -0.8900447
vn 0.2775758 0.3617032 -0.8900126
vn 0.2766789 0.3628426 -0.8898281
vn 0.2792122 0.3596363 -0.8903383
vn 0.2788671 0.3600874 -0.8902641
vn 0.5140892 -0.003753318 -0.8577285
vn -1.047516E-06 0.7424791 -0.6698693
vn 0.6145253 0.7888952 0.001700439
vn 0.6163003 0.7874948 0.005101866
vn 0.6136779 0.7895564 3.385321E-06
vn 0.6133605 0.789803 -2.491418E-05
vn 0.6139064 0.7893788 -1.034811E-05
vn 0.6140373 0.789277 1.141009E-05
vn 0.6148763 0.7886236 7.083145E-09
vn -0.6134295 0.7897495 7.912721E-06
vn 9.712655E-06 -0.2948505 0.9555434
vn -4.897713E-06 -0.2949993 0.9554974
vn -5.712586E-06 -0.2950285 0.9554884
vn 2.938992E-05 -0.06492656 0.99789
vn -6.54285E-06 -0.06504697 0.9978822
vn -1.002572E-05 -0.5208924 0.8536224
vn -7.290989E-06 -0.7144783 0.6996577
vn -4.264561E-06 -0.5091727 -0.8606644
vn 2.248829E-06 -0.7163383 -0.6977532
vn -6.663949E-07 -0.8966802 -0.442679
vn -1.584348E-06 -0.9904655 -0.1377613
vn 4.802785E-07 -0.9880751 0.1539731
vn 6.360156E-06 -0.8627945 0.5055548
vn 0 -0.8628467 0.5054657
vn -9.335059E-06 -0.09527628 -0.9954509
vn 2.976125E-05 -0.327968 -0.9446889
vn 2.54757E-08 -0.1295193 -0.9915769
vn 0 -0.293412 -0.9559861
vn 0 -0.7001511 -0.7139947
vn 0 -0.4943237 -0.8692779
vn 6.450742E-06 -0.7006539 0.7135013
vn 3.363192E-06 -0.7006644 0.713491
vn 3.475017E-07 -0.8833439 0.4687256
vn 1.940172E-07 -0.9863898 -0.1644238
vn 0 -0.8712121 -0.4909068
vn 0 -0.9886227 0.1504165
vn 0 -0.5182746 0.8552142
vn 0 -0.3208096 0.9471437
vn 0 -0.0809771 0.996716
vn -0.2529463 0.7858416 0.5643325
vn -0.2796232 0.7693542 0.5734444
vn -0.3063 0.7528669 0.5825563
vn 0.2647282 0.8224453 0.5034904
vn 0.2765854 0.7657298 0.5734981
vn 0.2884426 0.7090143 0.6435058
vn 0.3619689 0.4656789 0.8075405
vn 0.3664482 0.4215826 0.8280098
vn 0.3709276 0.3774863 0.8484792
vn 0.4005632 0 0.9162691
vn 0.001950301 -0.9999881 0.004463422
vn 0.002207804 -0.9999846 -0.0005890261
vn 0.002465307 -0.999981 -0.005641474
vn -0.4005653 -0.0006837017 0.916268
vn -0.3923784 0.00294982 0.9197992
vn -0.4005628 -0.001367403 0.9162683
vn -0.3923768 0.003291682 0.9197987
vn -0.3964768 0.001645823 0.9180433
vn -0.4005632 0 0.9162692
vn -0.3560644 0.4580827 0.8144804
vn -0.3668273 0.421238 0.828449
vn -0.3775901 0.3843933 0.8424177
vn 0.2736961 0.8503624 0.4494155
vn -8.177099E-05 -0.3084823 -0.9512301
vn 1.78409E-06 -0.3085411 -0.951211
vn -2.370765E-05 -0.1096312 -0.9939723
vn -2.322521E-06 0.1409221 -0.9900207
vn -7.290228E-05 -0.2901047 0.9569949
vn -4.818064E-06 -0.290069 0.9570057
vn 0.0002008737 -0.07545034 0.9971495
vn -5.855364E-05 0.07603271 0.9971054
vn -1.948249E-05 -0.7196947 -0.6942908
vn -1.512133E-05 -0.8978764 -0.4402478
vn 2.065562E-05 -0.9744106 0.2247755
vn 3.264812E-05 -0.9894842 -0.1446411
vn -8.335961E-05 -0.4867083 0.8735645
vn -2.608741E-05 -0.4868451 0.8734883
vn -2.329173E-05 -0.9120467 0.4100864
vn -3.15297E-05 -0.7136819 0.7004699
vn -7.964032E-05 -0.5108688 -0.8596587
vn -0.2736961 0.8503624 0.4494155
vn 9.119121E-07 -0.8943015 0.447465
vn 1.572144E-06 -0.9928426 0.1194305
vn 2.591432E-07 -0.9815964 -0.1909675
vn -1.923511E-06 -0.87368 -0.4865011
vn 1.029784E-05 -0.527587 0.849501
vn -1.053087E-06 -0.7402121 0.6723735
vn -6.333742E-06 -0.3111237 0.9503694
vn -5.911344E-07 -0.2295242 -0.973303
vn -3.704909E-06 -0.2194355 -0.975627
vn -6.044607E-05 -0.06630883 -0.9977992
vn 3.461981E-05 0.08979003 -0.9959607
vn 5.346609E-05 -0.5123608 -0.8587703
vn -8.475096E-06 -0.696434 -0.7176208
vn -9.823434E-07 -0.09817927 0.9951687
vn -2.938309E-05 0.06945255 0.9975853
vn 2.531688E-05 0.06956589 0.9975774
vn 0.5201712 -2.015263E-05 -0.8540621
vn 0.5201823 0 0.8540552
vn -0.5201823 0 0.8540552
vn 0.01031236 0.253244 -0.9673474
vn 2.430286E-06 0.4671168 -0.8841956
vn 0.02007675 0.02608423 -0.9994581
vn 0.02007554 0.02596554 -0.9994612
vn -0.00909829 0.2559898 -0.9666367
vn 0 0.0258363 -0.9996662
vn -0.01770396 0.472283 -0.8812692
vn 0.4374864 0.5478308 -0.7130575
vn 0.4336433 0.552309 -0.7119749
vn 0.4413295 0.5433527 -0.7141402
vn 0.7410524 0.6714472 6.979518E-05
vn 0.7397017 0.6729349 -1.445783E-06
vn 0.7409092 0.6716052 6.651874E-05
vn 0.7423958 0.6699616 0.000136243
vn 0.7422573 0.6701151 0.0001315208
vn 0.4322647 0.5562701 0.7097258
vn 0.004302017 0.2663467 0.9638677
vn 0.009459552 0.2663291 0.9638358
vn -0.00514177 0.2537898 0.9672457
vn 0.01836479 0.4899464 0.8715591
vn -0.4370727 0.5489655 -0.7124249
vn -0.4367515 0.5431826 -0.717078
vn -0.4373939 0.5547484 -0.7077718
vn -0.7409701 0.671538 6.152452E-05
vn -0.7422493 0.6701239 -3.219815E-06
vn -0.73961 0.6730358 0.0001263013
vn -0.7396543 0.672987 0.0001302958
vn -0.01028366 0.2537872 0.9672054
vn 0 0.4671596 0.884173
vn -0.4378114 0.5498419 0.7112812
vn -0.432276 0.5562596 0.7097273
vn -0.4433468 0.5434242 0.7128351
vn 0.9999996 -0.0001558971 -0.0008445829
vn 0.9999999 -0.0001558974 -0.0004278438
vn 0.9999967 -0.0004676911 -0.002533748
vn 0.9999992 -0.0001558967 -0.001261322
vn -0.9999999 0.000328296 4.760065E-05
vn 0 -0.5275933 0.8494971
vn -6.802024E-06 -0.1276697 -0.9918168
vn 0 0.8396662 0.5431029
vn 0 -0.06247335 0.9980466
vn 0 0.06247332 -0.9980466
vn 0 0.9926048 0.1213912
vn 0 -0.9926066 -0.1213759
vn -0.951324 0.02792837 0.3069245
vn -0.94337 0.01396419 0.3302368
vn -0.935416 0 0.353549
vn 0.9505852 0 0.3104636
vn 0.9419039 0.0162798 0.334142
vn 0.9332226 0.03255961 0.3578204
vn 0 0.9879521 0.1547603
vn 0 -0.9909626 0.1341383
vn 0 -0.9953713 -0.09610387
vn 0.599318 0.07254223 0.7972174
vn 0.5964347 0.07130502 0.7994788
vn 0.5935514 0.07006782 0.8017402
vn -0.5932941 0.07294772 0.8016737
vn -0.5971937 0.07126325 0.7989089
vn -0.6010933 0.06957877 0.7961442
vn 0 0.6791931 0.7339596
vn 0 0.5041817 0.8635976
vn 0 0.5614035 0.8275422
vn 0 -0.3026773 -0.9530931
vn 0.4906209 0 0.8713731
vn -0.4906209 0 0.8713731
vn 0 0.6169128 0.7870315
vn 0.8291509 -0.1692041 -0.5328027
vn 0.8878901 -0.08460206 -0.4275635
vn 0.9466293 0 -0.3223243
vn 0.2897244 -0.1140446 0.9180982
vn 0.149841 -0.4216893 0.8942739
vn 0.2314715 -0.2108447 0.9219967
vn 0.3596661 0.03977774 0.9300103
vn 0.4062301 0.07955547 0.9103011
vn 0.4904948 -8.414642E-05 0.871444
vn 0.3115901 -0.9442139 -0.1066382
vn 0.05104503 -0.9122249 0.4064975
vn 0.4000185 -0.1652336 0.9014893
vn 0.6829883 -0.2884401 0.6710657
vn -0.9416891 -0.1018461 -0.3207007
vn -0.8915277 -0.05092306 -0.4305831
vn -0.8413662 0 -0.5404654
vn -0.4062301 0.07955547 0.9103011
vn -0.3596661 0.03977774 0.9300103
vn -0.2314715 -0.2108447 0.9219967
vn -0.149841 -0.4216893 0.8942739
vn -0.2897244 -0.1140446 0.9180982
vn -0.4904317 0 0.8714796
vn -8.3692E-06 -0.8869623 -0.4618419
vn -5.919768E-07 -0.9999994 -0.001086958
vn -0.3115901 -0.9442139 -0.1066382
vn -0.6829883 -0.2884401 0.6710657
vn -0.4000185 -0.1652336 0.9014893
vn -0.05104503 -0.9122249 0.4064975
vn -0.5203071 0 0.8539792
vn 0.5203071 0 -0.8539792
vn 0.5203071 0 0.8539792
vn -0.5203071 0 -0.8539792
vn 0 0.3942636 0.9189974
vn 0 0.3942636 -0.9189974
vn 0 -0.3942636 -0.9189974
vn 0 -0.3942655 0.9189966
vn 0 0.5548781 0.8319317
vn 0.5793997 0.8150436 0
vn -0.5793997 0.8150436 0
vn 0 0.5548781 -0.8319317
vn 0 -0.06790746 0.9976916
vn -0.642781 -0.7660501 0
vn 0.6427753 0.7660547 0
vn -0.7660445 0.6427876 0
vn 0.766045 -0.642787 0
vn 0 -0.8609371 -0.5087113
vn 0 0.5734646 -0.8192303
vn 0 -0.8609371 0.5087113
vn 0 0.5734642 0.8192306
vn 0 0.8609371 0.5087113
vn 0 -0.5734642 0.8192306
vn 0 0.8609371 -0.5087113
vn 0 -0.5734646 -0.8192303
vn 0 -0.9926119 0.1213327
vn 0 0.992594 -0.1214792
vn 0 -0.06246584 -0.9980471
vn 0 0.06247607 0.9980465
vn 0 0.6219668 0.7830437
vn -0.4290411 0.05643795 0.9015201
vn -0.4289929 0.05643725 0.9015431
vn 0.4289472 0.05644074 0.9015646
vn 0.4290435 0.05643361 0.9015192
vn 0 -0.4876621 0.8730325
vn 0 0.6168705 -0.7870647
vn 0 -0.6488191 0.7609428
vn 0 0.6488229 -0.7609395
vn 0 0.514711 0.8573637
vn 0 -0.5147116 -0.8573634

usemtl Gris_JD
f 3/3/1 4/4/1 2/2/1 1/1/1
f 4/7/2 6/8/2 5/6/2 2/5/2
f 6/11/3 8/12/3 7/10/3 5/9/3
f 8/15/4 3/16/4 1/14/4 7/13/4
f 8/19/5 6/20/5 4/18/5 3/17/5
f 1/23/6 2/24/6 5/22/6 7/21/6
f 99/321/31 100/322/2 98/320/2 97/319/31
f 103/325/2 104/326/31 102/324/31 101/323/2
f 106/329/32 99/330/31 97/328/31 105/327/32
f 104/333/31 108/334/32 107/332/32 102/331/31
f 110/337/33 106/338/32 105/336/32 109/335/33
f 108/341/32 112/342/33 111/340/33 107/339/32
f 114/345/34 110/346/33 109/344/33 113/343/34
f 112/349/33 116/350/34 115/348/34 111/347/33
f 118/353/35 114/354/34 113/352/34 117/351/35
f 116/357/34 120/358/35 119/356/35 115/355/34
f 122/361/4 118/362/35 117/360/35 121/359/4
f 120/365/35 124/366/4 123/364/4 119/363/35
f 126/369/36 122/370/4 121/368/4 125/367/36
f 124/373/4 128/374/37 127/372/37 123/371/4
f 130/377/38 126/378/36 125/376/36 129/375/38
f 128/381/37 132/382/38 131/380/38 127/379/37
f 134/385/39 130/386/38 129/384/38 133/383/39
f 132/389/38 136/390/39 135/388/39 131/387/38
f 138/393/40 134/394/39 133/392/39 137/391/40
f 136/397/39 140/398/40 139/396/40 135/395/39
f 142/401/41 138/402/40 137/400/40 141/399/41
f 140/405/40 144/406/41 143/404/41 139/403/40
f 100/409/2 142/410/41 141/408/41 98/407/2
f 144/413/41 103/414/2 101/412/2 143/411/41
f 147/417/43 148/418/44 146/416/43 145/415/42
f 104/421/43 103/422/45 100/420/43 99/419/44
f 148/425/43 150/426/44 149/424/43 146/423/42
f 108/429/43 104/430/42 99/428/43 106/427/44
f 150/433/43 152/434/44 151/432/43 149/431/42
f 112/437/43 108/438/42 106/436/43 110/435/44
f 152/441/43 154/442/44 153/440/43 151/439/42
f 116/445/43 112/446/42 110/444/43 114/443/44
f 154/449/43 156/450/44 155/448/43 153/447/42
f 120/453/43 116/454/42 114/452/43 118/451/44
f 156/457/43 158/458/44 157/456/43 155/455/42
f 124/461/43 120/462/45 118/460/43 122/459/44
f 158/465/43 160/466/44 159/464/43 157/463/42
f 128/469/43 124/470/42 122/468/43 126/467/44
f 160/473/43 162/474/44 161/472/43 159/471/42
f 132/477/43 128/478/42 126/476/43 130/475/44
f 162/481/43 164/482/44 163/480/43 161/479/42
f 136/485/43 132/486/42 130/484/43 134/483/44
f 164/489/43 166/490/46 165/488/43 163/487/42
f 140/493/43 136/494/42 134/492/43 138/491/44
f 166/497/43 168/498/44 167/496/43 165/495/42
f 144/501/43 140/502/42 138/500/43 142/499/44
f 168/505/43 147/506/44 145/504/43 167/503/42
f 103/509/43 144/510/42 142/508/43 100/507/44
f 169/513/47 170/514/47 137/512/47 133/511/47
f 171/517/48 172/518/48 131/516/48 135/515/48
f 173/521/49 171/522/49 135/520/49 139/519/49
f 170/525/50 174/526/50 141/524/50 137/523/50
f 175/529/51 173/530/51 139/528/51 143/527/51
f 174/533/52 176/534/53 98/532/52 141/531/52
f 177/537/54 175/538/54 143/536/54 101/535/54
f 176/541/55 178/542/55 97/540/55 98/539/55
f 179/545/56 177/546/56 101/544/56 102/543/56
f 178/549/57 180/550/57 105/548/57 97/547/57
f 181/553/58 179/554/58 102/552/58 107/551/58
f 180/557/59 182/558/59 109/556/59 105/555/59
f 183/561/60 181/562/60 107/560/60 111/559/60
f 182/565/61 184/566/61 113/564/61 109/563/61
f 185/569/62 183/570/62 111/568/62 115/567/62
f 184/573/63 186/574/63 117/572/63 113/571/63
f 187/577/64 185/578/64 115/576/64 119/575/64
f 186/581/65 188/582/66 121/580/65 117/579/65
f 189/585/68 187/586/69 119/584/68 123/583/67
f 188/589/70 190/590/71 125/588/70 121/587/70
f 191/593/72 189/594/72 123/592/72 127/591/72
f 190/597/73 192/598/73 129/596/73 125/595/73
f 172/601/74 191/602/74 127/600/74 131/599/74
f 192/605/75 169/606/75 133/604/75 129/603/75
f 163/609/77 165/610/77 170/608/77 169/607/76
f 164/613/78 162/614/78 172/612/78 171/611/78
f 166/617/79 164/618/79 171/616/79 173/615/79
f 165/621/81 167/622/81 174/620/81 170/619/80
f 168/625/83 166/626/83 173/624/83 175/623/82
f 167/629/84 145/630/84 176/628/84 174/627/84
f 147/633/85 168/634/86 175/632/85 177/631/85
f 145/637/87 146/638/87 178/636/87 176/635/87
f 148/641/88 147/642/88 177/640/88 179/639/88
f 146/645/89 149/646/89 180/644/89 178/643/89
f 150/649/91 148/650/91 179/648/91 181/647/90
f 149/653/92 151/654/92 182/652/92 180/651/92
f 152/657/93 150/658/93 181/656/93 183/655/93
f 151/661/94 153/662/94 184/660/94 182/659/94
f 154/665/95 152/666/95 183/664/95 185/663/95
f 153/669/96 155/670/96 186/668/96 184/667/96
f 156/673/98 154/674/98 185/672/98 187/671/97
f 155/677/99 157/678/99 188/676/99 186/675/99
f 158/681/100 156/682/100 187/680/100 189/679/100
f 157/685/102 159/686/103 190/684/102 188/683/101
f 160/689/104 158/690/104 189/688/104 191/687/104
f 159/693/106 161/694/106 192/692/106 190/691/105
f 162/697/107 160/698/107 191/696/107 172/695/107
f 161/701/109 163/702/109 169/700/109 192/699/108

usemtl Verde_JD
f 3/703/4 8/704/4 273/705/4
f 274/710/2 276/711/2 275/712/2
f 502/1323/3 501/1322/3 500/1321/3
f 500/1321/3 505/1326/3 504/1325/3
f 504/1325/3 506/1327/3 503/1324/3
f 506/1327/3 507/1328/3 508/1329/3
f 519/1344/163 517/1343/163 518/1342/162
f 518/1350/166 517/1347/165 521/1348/165
f 517/1353/169 516/1352/168 514/1351/167
f 514/1351/167 522/1354/170 517/1353/169
f 501/1357/171 513/1356/171 516/1355/171
f 502/1363/172 503/1364/172 525/1362/172
f 527/1367/173 512/1366/173 526/1365/132
f 528/1368/172 512/1366/173 527/1367/173
f 527/1367/173 526/1365/132 524/1361/172
f 519/1344/163 518/1342/162 529/1370/174
f 530/1371/164 505/1372/164 520/1346/164
f 533/1375/164 532/1374/164 531/1373/164
f 531/1380/179 532/1378/177 535/1379/178
f 508/1382/180 535/1379/178 534/1376/175
f 536/1386/165 532/1385/165 533/1384/165
f 509/1389/182 512/1388/182 528/1387/182
f 534/1391/182 509/1389/182 538/1390/182
f 540/1395/183 539/1394/183 521/1348/165
f 539/1394/183 541/1397/183 529/1396/165
f 539/1394/183 542/1398/183 541/1397/183
f 543/1399/165 532/1385/165 536/1386/165
f 543/1399/165 536/1386/165 541/1397/183
f 547/1403/3 546/1402/3 545/1401/3
f 558/1414/3 556/1412/3 557/1413/3
f 550/1419/5 545/1418/5 559/1415/5
f 542/1421/5 539/1417/5 560/1420/5
f 545/1418/5 546/1423/5 561/1422/5
f 561/1422/5 563/1426/5 560/1420/5
f 509/1431/184 532/1430/185 565/1429/184
f 566/1432/186 509/1431/184 565/1429/184
f 567/1433/187 568/1435/187 511/1434/187
f 567/1433/187 566/1432/186 563/1440/188
f 567/1433/187 572/1441/189 568/1435/187
f 573/1443/188 571/1438/186 569/1436/186
f 514/1351/167 540/1444/170 522/1354/170
f 575/1447/170 574/1446/191 559/1445/191
f 574/1446/191 562/1448/191 559/1445/191
f 579/1452/4 580/1453/4 576/1449/4
f 582/1455/4 581/1454/4 580/1453/4
f 581/1454/4 588/1461/4 587/1460/4
f 589/1464/4 511/1463/4 570/1462/4
f 589/1464/4 590/1465/4 511/1463/4
f 594/1459/4 595/1453/4 511/1463/4
f 595/1453/4 596/1452/4 511/1463/4
f 596/1452/4 597/1450/4 511/1463/4
f 511/1463/4 597/1450/4 510/1467/4
f 600/1468/4 591/1455/4 592/1466/4
f 607/1472/4 608/1473/4 606/1454/4
f 610/1474/4 611/1475/4 609/1461/4
f 614/1477/4 612/1460/4 613/1476/4
f 577/1480/192 616/1479/192 615/1478/192
f 620/1487/194 598/1485/193 619/1486/192
f 578/1490/195 621/1489/195 617/1488/195
f 624/1497/195 599/1495/195 623/1496/195
f 624/1500/6 599/1499/6 625/1498/6
f 579/1503/197 627/1502/197 626/1501/197
f 618/1510/197 597/1508/197 629/1509/197
f 580/1513/198 631/1512/198 630/1511/198
f 628/1520/198 596/1518/198 633/1519/198
f 581/1523/199 635/1522/199 634/1521/199
f 639/1530/199 604/1528/199 638/1529/199
f 583/1533/200 640/1532/200 636/1531/200
f 643/1540/200 601/1538/200 642/1539/200
f 584/1543/201 644/1542/201 641/1541/201
f 647/1367/201 591/1548/201 646/1549/201
f 582/1552/202 648/1551/202 645/1550/202
f 651/1559/202 593/1557/202 650/1558/202
f 585/1562/203 652/1561/203 649/1560/203
f 655/1569/203 594/1567/203 654/1568/203
f 586/1572/204 656/1571/204 653/1570/204
f 632/1579/205 595/1577/205 657/1578/205
f 587/1582/206 659/1581/206 658/1580/206
f 663/1589/206 609/1587/206 662/1588/206
f 666/1592/6 665/1591/6 664/1590/6
f 587/1593/6 666/1592/6 664/1590/6
f 588/1596/207 667/1595/207 660/1594/207
f 637/1603/207 606/1601/207 668/1602/207
f 671/1606/6 669/1604/6 670/1605/6
f 672/1607/6 669/1604/6 671/1606/6
f 676/1613/6 675/1612/6 665/1591/6
f 677/1614/6 676/1613/6 665/1591/6
f 664/1590/6 665/1591/6 675/1612/6
f 686/1625/6 688/1628/6 680/1618/6
f 576/1609/6 690/1630/6 673/1608/6
f 689/1629/6 691/1631/6 622/1611/6
f 692/1632/6 694/1634/6 599/1499/6
f 524/1636/6 695/1635/6 689/1629/6
f 689/1629/6 695/1635/6 691/1631/6
f 526/1640/6 512/1639/6 697/1638/6
f 700/1644/2 699/1643/2 698/1642/2
f 703/1647/2 702/1646/2 701/1645/2
f 706/1650/2 705/1649/2 704/1648/2
f 704/1648/2 702/1646/2 706/1650/2
f 701/1645/2 702/1646/2 704/1648/2
f 699/1705/6 725/1704/6 724/1703/6
f 699/1705/6 724/1703/6 724/1707/6
f 699/1708/6 699/1705/6 724/1707/6
f 729/1711/6 723/1712/6 726/1713/6
f 731/1715/2 730/1714/2 726/1706/2
f 731/1715/2 515/1720/2 730/1714/2
f 740/1726/6 738/1724/6 739/1725/6
f 741/1727/6 737/1723/6 732/1716/6
f 734/1718/6 741/1727/6 732/1716/6
f 730/1719/6 515/1729/6 742/1728/6
f 743/1730/2 718/1650/2 719/1651/2
f 746/1733/2 720/1652/2 745/1732/2
f 747/1734/2 720/1652/2 746/1733/2
f 749/1736/2 743/1730/2 719/1651/2
f 751/1738/2 717/1649/2 718/1650/2
f 736/1722/2 735/1721/2 754/1741/2
f 753/1740/2 759/1746/2 752/1739/2
f 761/1749/2 715/1647/2 713/1645/2
f 761/1749/2 762/1750/2 715/1647/2
f 763/1751/2 764/1752/2 714/1646/2
f 756/1743/2 514/1757/2 754/1741/2
f 758/1745/2 514/1757/2 757/1744/2
f 759/1746/2 514/1757/2 758/1745/2
f 771/1760/2 713/1645/2 711/1644/2
f 772/1761/2 713/1645/2 771/1760/2
f 783/1772/2 712/1642/2 782/1771/2
f 785/1774/2 711/1644/2 784/1773/2
f 772/1761/2 771/1760/2 786/1775/2
f 775/1764/2 790/1779/2 776/1765/2
f 792/1781/2 777/1766/2 791/1780/2
f 778/1767/2 777/1766/2 792/1781/2
f 794/1783/2 779/1768/2 793/1782/2
f 782/1793/6 712/1791/6 800/1792/6
f 801/1794/6 798/1789/6 802/1795/6
f 664/1590/6 675/1612/6 802/1795/6
f 672/1607/6 671/1606/6 699/1708/6
f 760/1748/6 696/1637/6 738/1724/6
f 815/1807/1 814/1806/1 813/1796/1
f 819/1811/1 816/1808/1 813/1796/1
f 814/1806/1 821/1813/1 820/1812/1
f 823/1819/5 803/1822/5 804/1818/5
f 827/1842/235 820/1843/236 828/1844/237
f 832/1853/4 831/1852/4 830/1851/4
f 837/1858/4 836/1857/4 835/1856/4
f 843/1865/186 826/1864/186 842/1863/186
f 825/1868/186 826/1864/186 831/1867/186
f 844/1869/186 843/1865/186 571/1438/186
f 843/1865/186 844/1869/186 845/1870/186
f 564/1442/190 840/1871/189 572/1441/189
f 842/1876/4 826/1845/4 847/1875/4
f 826/1845/4 849/1878/4 848/1877/4
f 826/1845/4 850/1879/4 849/1878/4
f 812/1881/4 852/1882/4 851/1880/4
f 812/1881/4 853/1883/4 852/1882/4
f 809/1803/4 857/1887/4 856/1886/4
f 859/1891/245 861/1893/245 858/1890/244
f 862/1896/246 860/1898/246 855/1895/246
f 864/1901/247 863/1903/247 856/1900/247
f 867/1905/6 866/1904/6 809/1802/6
f 866/1904/6 868/1906/6 809/1802/6
f 600/1468/4 872/1911/4 602/1469/4
f 607/1472/4 605/1471/4 873/1912/4
f 608/1473/4 874/1913/4 610/1474/4
f 611/1475/4 875/1914/4 613/1476/4
f 877/1916/4 870/1909/4 847/1875/4
f 878/1917/4 877/1916/4 848/1877/4
f 850/1879/4 879/1918/4 849/1878/4
f 852/1882/4 880/1919/4 851/1880/4
f 854/1884/4 881/1920/4 853/1883/4
f 884/1925/249 874/1923/249 883/1924/249
f 886/1930/250 875/1928/250 885/1929/250
f 888/1935/251 876/1933/251 887/1934/251
f 891/1940/252 879/1938/252 890/1939/252
f 893/1945/253 878/1943/253 892/1944/253
f 896/1950/254 870/1948/254 895/1949/254
f 894/1955/255 877/1953/255 897/1954/255
f 882/1960/257 873/1958/256 899/1959/256
f 901/1965/258 871/1963/258 900/1964/258
f 898/1970/259 872/1968/259 902/1969/259
f 889/1975/260 880/1973/260 904/1974/260
f 25/2020/2 935/2021/2 934/2019/2
f 935/2021/2 937/2023/2 934/2019/2
f 939/2026/170 829/2025/170 938/2024/170
f 938/2024/170 829/2025/170 940/2027/170
f 829/2025/170 822/2030/170 932/2029/170
f 940/2027/170 936/2031/170 562/1448/191
f 933/2028/170 936/2031/170 940/2027/170
f 943/2036/2 942/2035/2 810/1803/2
f 944/2037/2 811/1804/2 945/2038/2
f 946/2039/2 944/2037/2 945/2038/2
f 945/2038/2 811/1804/2 947/2040/2
f 947/2040/2 811/1804/2 948/2041/2
f 949/2042/2 829/1845/2 950/2043/2
f 950/2043/2 829/1845/2 951/2044/2
f 952/2045/2 829/1845/2 939/2046/2
f 953/2047/2 946/2039/2 945/2038/2
f 949/2042/2 955/2049/2 948/2041/2
f 955/2049/2 949/2042/2 950/2043/2
f 957/2051/2 956/2050/2 951/2044/2
f 958/2052/2 957/2051/2 952/2045/2
f 784/1773/2 783/1772/2 960/2054/2
f 786/1775/2 785/1774/2 961/2055/2
f 788/1777/2 962/2056/2 789/1778/2
f 790/1779/2 963/2057/2 791/1780/2
f 792/1781/2 791/1780/2 963/2057/2
f 794/1785/2 958/2052/2 795/1784/2
f 795/1784/2 958/2052/2 575/1786/2
f 965/2061/262 967/2063/262 958/2060/262
f 968/2066/263 969/2068/263 957/2065/263
f 970/2071/264 971/2073/264 956/2070/264
f 972/2076/265 973/2078/265 955/2075/265
f 974/2081/266 976/2083/266 963/2080/266
f 977/2086/267 966/2088/267 964/2085/267
f 978/2091/268 975/2093/268 962/2090/268
f 984/2103/271 985/2105/271 943/2102/271
f 986/2108/272 987/2110/272 942/2107/272
f 988/2113/273 983/2115/273 953/2112/273
f 990/2118/274 989/2120/274 954/2117/274
f 991/2123/275 979/2125/275 961/2122/275
f 993/2128/277 992/2130/277 960/2127/277
f 1004/2144/6 810/1803/6 1003/2143/6
f 1009/2154/6 1007/2147/6 1008/2153/6
f 553/2157/278 554/2156/278 1010/2155/278
f 839/2164/278 840/2160/278 1011/2161/278
f 1017/2176/6 868/1906/6 1016/2175/6
f 1018/2182/6 1003/2143/6 1020/2184/6
f 549/2206/282 548/2205/281 1040/2204/281
f 1033/2209/283 1039/2207/281 1040/2204/281
f 548/2213/286 551/2212/285 1032/2211/285
f 551/2212/285 1036/2214/287 1032/2211/285
f 1021/2224/294 1022/2219/291 1041/2220/291
f 1038/2225/295 1021/2224/294 1041/2220/291
f 808/2231/298 1026/2233/300 1025/2230/297
f 806/2247/309 805/2246/299 1030/2245/308
f 1045/1887/4 1044/2253/4 1043/2252/4
f 1045/1887/4 1048/1885/314 1050/1886/4
f 1056/1909/4 1057/1918/4 1055/1919/4
f 1062/1920/316 1047/2255/313 1046/2254/4
f 1055/1919/4 1062/1920/316 1046/2254/4
f 1065/2258/6 1064/2257/6 1063/2256/6
f 1054/2263/6 1068/2262/6 1067/2261/6
f 908/1982/248 1051/2264/248 907/1981/248
f 909/1985/250 1052/2266/250 910/1984/250
f 911/1988/251 1053/2268/251 912/1987/251
f 915/1991/252 1055/2270/252 914/1990/252
f 916/1994/253 1057/2272/253 917/1993/253
f 920/1997/254 1059/2274/254 919/1996/254
f 918/2000/255 1058/2276/255 922/1999/255
f 924/2003/256 1060/2278/256 923/2002/256
f 921/2006/258 1056/2280/258 925/2005/258
f 926/2009/259 1061/2282/259 927/2008/259
f 929/2012/260 1062/2284/260 928/2011/260
f 860/1892/244 1048/2286/245 859/1891/245
f 863/1897/246 1050/2289/246 862/1896/246
f 865/1902/247 1045/2291/247 864/1901/247
f 1072/2298/6 1070/2296/6 1067/2261/6
f 1083/2309/6 1080/2306/6 1016/2175/6
f 1091/2319/6 1090/2318/6 1089/2317/6
f 1090/2318/6 1091/2319/6 1092/2322/6
f 1095/2325/5 1094/2324/5 1093/2323/5
f 1094/2324/5 1095/2325/5 1096/2326/5
f 1098/2330/6 1097/2329/6 1068/2262/6
f 688/1628/6 1013/2167/6 1102/2335/6
f 1100/2333/6 688/1628/6 1102/2335/6
f 553/2338/6 835/2337/6 1089/2317/6
f 1093/2323/5 839/2342/5 558/2341/5
f 1117/2350/317 1112/2035/2 1116/2349/317
f 1121/2050/2 1118/2058/2 1122/2049/2
f 1109/2039/2 1126/2047/2 1108/2345/2
f 1108/2345/2 1126/2047/2 1113/2346/2
f 1126/2047/2 1127/2048/2 1113/2346/2
f 1127/2048/2 1122/2049/2 1115/2348/2
f 1128/2053/2 1125/2055/2 1129/2054/2
f 966/2062/262 1118/2351/262 965/2061/262
f 967/2067/263 1119/2353/263 968/2066/263
f 969/2072/264 1120/2355/264 970/2071/264
f 971/2077/265 1121/2357/265 972/2076/265
f 975/2082/266 1123/2359/266 974/2081/266
f 976/2087/267 1124/2361/267 977/2086/267
f 979/2092/268 1125/2363/268 978/2091/268
f 1130/2365/245 980/2096/245 981/2097/245
f 1126/2368/245 1130/2365/245 981/2097/245
f 983/2100/245 1126/2368/245 981/2097/245
f 985/2109/272 1111/2371/272 986/2108/272
f 989/2114/273 1127/2373/273 988/2113/273
f 973/2119/274 1122/2375/274 990/2118/274
f 992/2124/275 1129/2377/275 991/2123/275
f 994/2129/276 1128/2379/277 993/2128/277
f 1137/2387/6 1136/2386/6 994/2132/6
f 1140/2390/6 1139/2389/6 1138/2388/6
f 1138/2388/6 1139/2389/6 1137/2387/6
f 1143/2394/6 1134/2395/6 1131/2394/6
f 1019/2183/6 1018/2182/6 1146/2398/6
f 1151/2403/6 1149/2401/6 1141/2392/6
f 1009/2154/6 1151/2403/6 1141/2392/6
f 997/2135/6 1009/2154/6 1141/2392/6
f 1084/2310/6 1148/2400/6 1081/2307/6
f 1143/2394/6 1131/2394/6 1063/2256/6
f 1065/2258/6 1153/2405/6 1044/2260/6
f 684/1623/6 1157/2410/6 801/1794/6
f 1157/2410/6 684/1623/6 685/1624/6
f 801/1794/6 1154/2406/6 797/1788/6
f 1139/2389/6 1154/2406/6 1136/2386/6
f 1087/2313/3 1158/2411/3 1086/2312/3
f 552/2417/4 1159/2413/4 1160/2414/4
f 1088/2320/6 1159/2418/6 1091/2319/6
f 1322/2566/2 1296/2567/2 1298/2592/2
f 1313/2590/2 1322/2566/2 1298/2592/2
f 1319/2591/2 1313/2590/2 1298/2592/2
f 1297/2593/4 1314/2595/4 1320/2594/4
f 1297/2593/4 1321/2563/4 1314/2595/4
f 1297/2593/4 1295/2562/4 1321/2563/4
f 1307/2600/350 1334/2602/352 1333/2601/351
f 1307/2600/350 1312/2603/353 1334/2602/352
f 1312/2603/353 1307/2600/350 1309/2604/354
f 1334/2605/355 1321/2576/344 1327/2577/344
f 1334/2605/355 1314/2606/355 1321/2576/344
f 1314/2606/355 1334/2605/355 1312/2607/355
f 1323/2610/356 1335/2609/356 1327/2608/356
f 1333/2613/357 1335/2612/357 1323/2611/357
f 1334/2616/358 1335/2615/358 1333/2614/358
f 1327/2619/359 1335/2618/359 1334/2617/359
f 1308/2628/367 1337/2627/366 1336/2626/365
f 1336/2626/365 1311/2625/364 1308/2628/367
f 1311/2625/364 1310/2624/363 1308/2628/367
f 1336/2631/368 1330/2580/345 1322/2581/345
f 1313/2630/368 1336/2631/368 1322/2581/345
f 1311/2629/368 1336/2631/368 1313/2630/368
f 1333/2632/369 1323/2637/369 1307/2633/369
f 1323/2637/369 1308/2634/369 1307/2633/369
f 1324/2636/369 1308/2634/369 1323/2637/369
f 1308/2634/369 1324/2636/369 1337/2635/369
f 1325/2639/370 1329/2638/370 1328/2643/370
f 1326/2640/370 1325/2639/370 1328/2643/370
f 1326/2640/370 1328/2643/370 1332/2642/370
f 1331/2641/370 1326/2640/370 1332/2642/370
f 1330/2646/371 1338/2645/371 1324/2644/371
f 1336/2649/372 1338/2648/372 1330/2647/372
f 1337/2652/373 1338/2651/373 1336/2650/373
f 1324/2655/374 1338/2654/374 1337/2653/374
f 1525/703/4 1526/704/4 1527/705/4
f 6/710/2 4/711/2 1528/712/2
f 12/28/1 10/26/1 9/25/1
f 9/25/1 11/27/1 12/28/1
f 14/32/2 13/30/2 10/29/2
f 10/29/2 12/31/2 14/32/2
f 16/36/3 15/34/3 13/33/3
f 13/33/3 14/35/3 16/36/3
f 11/40/4 9/38/4 15/37/4
f 15/37/4 16/39/4 11/40/4
f 14/44/5 12/42/5 11/41/5
f 11/41/5 16/43/5 14/44/5
f 10/48/6 13/46/6 15/45/6
f 15/45/6 9/47/6 10/48/6
f 28/76/1 26/74/1 25/73/1
f 25/73/1 27/75/1 28/76/1
f 30/80/7 29/78/7 26/77/7
f 26/77/7 28/79/7 30/80/7
f 32/84/3 31/82/3 29/81/3
f 29/81/3 30/83/3 32/84/3
f 27/88/8 25/86/8 31/85/8
f 31/85/8 32/87/8 27/88/8
f 30/92/9 28/90/9 27/89/9
f 27/89/9 32/91/9 30/92/9
f 26/96/10 29/94/10 31/93/10
f 31/93/10 25/95/10 26/96/10
f 273/708/110 8/706/110 274/707/110
f 274/707/110 275/709/110 273/708/110
f 275/715/111 276/713/111 3/714/111
f 3/714/111 273/716/111 275/715/111
f 274/720/6 8/718/6 3/717/6
f 3/717/6 276/719/6 274/720/6
f 278/724/1 10/722/1 277/721/1
f 277/721/1 20/723/1 278/724/1
f 279/32/5 13/30/5 10/29/5
f 10/29/5 278/31/5 279/32/5
f 22/728/3 280/726/3 13/725/3
f 13/725/3 279/727/3 22/728/3
f 20/40/6 277/38/6 280/37/6
f 280/37/6 22/39/6 20/40/6
f 279/732/4 278/730/4 20/729/4
f 20/729/4 22/731/4 279/732/4
f 10/736/2 13/734/2 280/733/2
f 280/733/2 277/735/2 10/736/2
f 292/764/1 290/762/1 289/761/1
f 289/761/1 291/763/1 292/764/1
f 296/768/2 294/766/2 293/765/2
f 293/765/2 295/767/2 296/768/2
f 298/772/3 297/770/3 294/769/3
f 294/769/3 296/771/3 298/772/3
f 300/776/4 299/774/4 297/773/4
f 297/773/4 298/775/4 300/776/4
f 296/780/5 295/778/5 300/777/5
f 300/777/5 298/779/5 296/780/5
f 293/784/112 294/782/112 297/781/112
f 297/781/112 299/783/112 293/784/112
f 302/786/6 293/784/6 299/783/6
f 299/783/6 301/785/6 302/786/6
f 301/790/4 299/788/4 300/787/4
f 300/787/4 303/789/4 301/790/4
f 304/794/2 295/792/2 293/791/2
f 293/791/2 302/793/2 304/794/2
f 303/796/5 300/777/5 295/778/5
f 295/778/5 304/795/5 303/796/5
f 290/800/113 302/798/113 301/797/113
f 301/797/113 289/799/113 290/800/113
f 289/804/114 301/802/114 303/801/114
f 303/801/114 291/803/114 289/804/114
f 292/808/115 304/806/115 302/805/115
f 302/805/115 290/807/115 292/808/115
f 291/812/116 303/810/116 304/809/116
f 304/809/116 292/811/116 291/812/116
f 364/1004/129 362/1002/129 361/1001/129
f 361/1001/129 363/1003/129 364/1004/129
f 366/1008/2 365/1006/2 362/1005/2
f 362/1005/2 364/1007/2 366/1008/2
f 368/1012/130 367/1010/130 365/1009/130
f 365/1009/130 366/1011/130 368/1012/130
f 363/1016/4 361/1014/4 367/1013/4
f 367/1013/4 368/1015/4 363/1016/4
f 366/1020/131 364/1018/131 363/1017/131
f 363/1017/131 368/1019/131 366/1020/131
f 362/1024/132 365/1022/132 367/1021/132
f 367/1021/132 361/1023/132 362/1024/132
f 428/1052/1 426/1050/1 425/1049/1
f 425/1049/1 427/1051/1 428/1052/1
f 430/1056/2 429/1054/2 426/1053/2
f 426/1053/2 428/1055/2 430/1056/2
f 432/1060/3 431/1058/3 429/1057/3
f 429/1057/3 430/1059/3 432/1060/3
f 427/1064/4 425/1062/4 431/1061/4
f 431/1061/4 432/1063/4 427/1064/4
f 430/1068/5 428/1066/5 427/1065/5
f 427/1065/5 432/1067/5 430/1068/5
f 426/1072/6 429/1070/6 431/1069/6
f 431/1069/6 425/1071/6 426/1072/6
f 436/1076/2 434/1074/2 433/1073/137
f 433/1073/137 435/1075/137 436/1076/2
f 440/1080/138 438/1078/138 437/1077/4
f 437/1077/4 439/1079/4 440/1080/138
f 435/1084/137 433/1082/137 441/1081/139
f 441/1081/139 442/1083/139 435/1084/137
f 444/1088/140 443/1086/140 438/1085/138
f 438/1085/138 440/1087/138 444/1088/140
f 442/1092/139 441/1090/139 445/1089/6
f 445/1089/6 446/1091/6 442/1092/139
f 448/1096/5 447/1094/5 443/1093/140
f 443/1093/140 444/1095/140 448/1096/5
f 446/1100/6 445/1098/6 449/1097/141
f 449/1097/141 450/1099/141 446/1100/6
f 452/1104/142 451/1102/142 447/1101/5
f 447/1101/5 448/1103/5 452/1104/142
f 450/1108/141 449/1106/141 453/1105/143
f 453/1105/143 454/1107/143 450/1108/141
f 456/1112/144 455/1110/144 451/1109/142
f 451/1109/142 452/1111/142 456/1112/144
f 454/1116/143 453/1114/143 457/1113/4
f 457/1113/4 458/1115/4 454/1116/143
f 460/1120/2 459/1118/2 455/1117/144
f 455/1117/144 456/1119/144 460/1120/2
f 458/1124/4 457/1122/4 461/1121/145
f 461/1121/145 462/1123/145 458/1124/4
f 464/1128/146 463/1126/146 459/1125/2
f 459/1125/2 460/1127/2 464/1128/146
f 462/1132/145 461/1130/145 465/1129/140
f 465/1129/140 466/1131/140 462/1132/145
f 468/1136/139 467/1134/139 463/1133/146
f 463/1133/146 464/1135/146 468/1136/139
f 466/1140/140 465/1138/140 469/1137/5
f 469/1137/5 470/1139/5 466/1140/140
f 472/1144/6 471/1142/6 467/1141/139
f 467/1141/139 468/1143/139 472/1144/6
f 470/1148/5 469/1146/5 473/1145/142
f 473/1145/142 474/1147/142 470/1148/5
f 476/1152/141 475/1150/141 471/1149/6
f 471/1149/6 472/1151/6 476/1152/141
f 474/1156/142 473/1154/142 477/1153/147
f 477/1153/147 478/1155/147 474/1156/142
f 480/1160/148 479/1158/148 475/1157/141
f 475/1157/141 476/1159/141 480/1160/148
f 478/1164/147 477/1162/147 434/1161/2
f 434/1161/2 436/1163/2 478/1164/147
f 439/1168/4 437/1166/4 479/1165/148
f 479/1165/148 480/1167/148 439/1168/4
f 438/1172/3 433/1170/3 434/1169/3
f 434/1169/3 437/1171/3 438/1172/3
f 439/1176/1 436/1174/1 435/1173/1
f 435/1173/1 440/1175/1 439/1176/1
f 443/1180/3 441/1178/3 433/1177/3
f 433/1177/3 438/1179/3 443/1180/3
f 440/1184/1 435/1182/1 442/1181/1
f 442/1181/1 444/1183/1 440/1184/1
f 447/1188/3 445/1186/3 441/1185/3
f 441/1185/3 443/1187/3 447/1188/3
f 444/1192/1 442/1190/1 446/1189/1
f 446/1189/1 448/1191/1 444/1192/1
f 451/1196/3 449/1194/3 445/1193/3
f 445/1193/3 447/1195/3 451/1196/3
f 448/1200/1 446/1198/1 450/1197/1
f 450/1197/1 452/1199/1 448/1200/1
f 455/1204/3 453/1202/3 449/1201/3
f 449/1201/3 451/1203/3 455/1204/3
f 452/1208/1 450/1206/1 454/1205/1
f 454/1205/1 456/1207/1 452/1208/1
f 459/1212/3 457/1210/3 453/1209/3
f 453/1209/3 455/1211/3 459/1212/3
f 456/1216/1 454/1214/1 458/1213/1
f 458/1213/1 460/1215/1 456/1216/1
f 463/1220/3 461/1218/3 457/1217/3
f 457/1217/3 459/1219/3 463/1220/3
f 460/1224/1 458/1222/1 462/1221/1
f 462/1221/1 464/1223/1 460/1224/1
f 467/1228/3 465/1226/3 461/1225/3
f 461/1225/3 463/1227/3 467/1228/3
f 464/1232/1 462/1230/1 466/1229/1
f 466/1229/1 468/1231/1 464/1232/1
f 471/1236/3 469/1234/3 465/1233/3
f 465/1233/3 467/1235/3 471/1236/3
f 468/1240/1 466/1238/1 470/1237/1
f 470/1237/1 472/1239/1 468/1240/1
f 475/1244/3 473/1242/3 469/1241/3
f 469/1241/3 471/1243/3 475/1244/3
f 472/1248/1 470/1246/1 474/1245/1
f 474/1245/1 476/1247/1 472/1248/1
f 479/1252/3 477/1250/3 473/1249/3
f 473/1249/3 475/1251/3 479/1252/3
f 476/1256/1 474/1254/1 478/1253/1
f 478/1253/1 480/1255/1 476/1256/1
f 437/1260/3 434/1258/3 477/1257/3
f 477/1257/3 479/1259/3 437/1260/3
f 480/1264/1 478/1262/1 436/1261/1
f 436/1261/1 439/1263/1 480/1264/1
f 484/1052/6 482/1050/6 481/1049/6
f 481/1049/6 483/1051/6 484/1052/6
f 486/1268/2 485/1266/2 482/1265/2
f 482/1265/2 484/1267/2 486/1268/2
f 488/1060/5 487/1058/5 485/1057/5
f 485/1057/5 486/1059/5 488/1060/5
f 483/1272/4 481/1270/4 487/1269/4
f 487/1269/4 488/1271/4 483/1272/4
f 486/1276/1 484/1274/1 483/1273/1
f 483/1273/1 488/1275/1 486/1276/1
f 482/1280/3 485/1278/3 487/1277/3
f 487/1277/3 481/1279/3 482/1280/3
f 492/1284/1 490/1282/1 489/1281/1
f 489/1281/1 491/1283/1 492/1284/1
f 495/1288/2 493/1286/2 9/1285/2
f 9/1285/2 494/1287/2 495/1288/2
f 497/1292/3 496/1290/3 493/1289/3
f 493/1289/3 495/1291/3 497/1292/3
f 499/1296/4 498/1294/4 496/1293/4
f 496/1293/4 497/1295/4 499/1296/4
f 495/1300/5 494/1298/5 499/1297/5
f 499/1297/5 497/1299/5 495/1300/5
f 9/1304/6 493/1302/6 496/1301/6
f 496/1301/6 498/1303/6 9/1304/6
f 490/1308/149 9/1306/149 498/1305/149
f 498/1305/149 489/1307/149 490/1308/149
f 489/1312/150 498/1310/150 499/1309/150
f 499/1309/150 491/1311/150 489/1312/150
f 492/1316/151 494/1314/151 9/1313/151
f 9/1313/151 490/1315/151 492/1316/151
f 491/1320/152 499/1318/152 494/1317/152
f 494/1317/152 492/1319/152 491/1320/152
f 500/1321/3 504/1325/3 503/1324/3
f 503/1324/3 502/1323/3 500/1321/3
f 507/1328/3 506/1327/3 504/1325/3
f 504/1325/3 505/1326/3 507/1328/3
f 509/1330/153 511/1332/154 510/1331/153
f 510/1331/153 512/1333/155 509/1330/153
f 513/1334/156 515/1336/157 514/1335/156
f 514/1335/156 516/1337/158 513/1334/156
f 501/1341/161 516/1339/160 517/1338/159
f 517/1338/159 500/1340/160 501/1341/161
f 520/1346/164 500/1345/164 517/1343/163
f 517/1343/163 519/1344/163 520/1346/164
f 540/1395/183 521/1348/165 517/1347/165
f 517/1347/165 522/1349/165 540/1395/183
f 513/1356/171 501/1357/171 523/1358/171
f 523/1358/171 502/1359/171 513/1356/171
f 525/1362/172 524/1361/172 513/1360/172
f 513/1360/172 502/1363/172 525/1362/172
f 528/1368/172 527/1367/173 524/1361/172
f 524/1361/172 525/1362/172 528/1368/172
f 506/1369/172 528/1368/172 525/1362/172
f 525/1362/172 503/1364/172 506/1369/172
f 520/1346/164 519/1344/163 529/1370/174
f 529/1370/174 530/1371/164 520/1346/164
f 532/1378/177 509/1377/176 534/1376/175
f 534/1376/175 535/1379/178 532/1378/177
f 529/1370/174 533/1375/164 531/1373/164
f 531/1373/164 530/1371/164 529/1370/174
f 505/1372/164 530/1371/164 531/1373/164
f 531/1373/164 507/1381/164 505/1372/164
f 507/1383/181 531/1380/179 535/1379/178
f 535/1379/178 508/1382/180 507/1383/181
f 537/1390/182 509/1389/182 528/1387/182
f 528/1387/182 506/1392/182 537/1390/182
f 508/1393/182 534/1391/182 538/1390/182
f 538/1390/182 506/1392/182 508/1393/182
f 521/1348/165 539/1394/183 529/1396/165
f 529/1396/165 518/1350/166 521/1348/165
f 536/1386/165 533/1384/165 529/1396/165
f 529/1396/165 541/1397/183 536/1386/165
f 544/1400/183 543/1399/165 541/1397/183
f 541/1397/183 542/1398/183 544/1400/183
f 549/1405/3 547/1403/3 545/1401/3
f 545/1401/3 548/1404/3 549/1405/3
f 548/1404/3 545/1401/3 550/1406/3
f 550/1406/3 551/1407/3 548/1404/3
f 554/1410/3 553/1409/3 552/1408/3
f 552/1408/3 549/1405/3 554/1410/3
f 556/1412/3 546/1402/3 555/1411/3
f 555/1411/3 557/1413/3 556/1412/3
f 539/1417/5 540/1416/5 559/1415/5
f 559/1415/5 545/1418/5 539/1417/5
f 561/1422/5 560/1420/5 539/1417/5
f 539/1417/5 545/1418/5 561/1422/5
f 550/1419/5 559/1415/5 562/1424/5
f 562/1424/5 936/2152/5 550/1419/5
f 544/1425/5 542/1421/5 560/1420/5
f 560/1420/5 563/1426/5 544/1425/5
f 556/1427/5 563/1426/5 561/1422/5
f 561/1422/5 546/1423/5 556/1427/5
f 840/2165/5 564/1428/5 563/1426/5
f 563/1426/5 556/1427/5 840/2165/5
f 511/1434/187 509/1431/184 566/1432/186
f 566/1432/186 567/1433/187 511/1434/187
f 570/1437/186 511/1434/187 569/1436/186
f 569/1436/186 571/1438/186 570/1437/186
f 566/1432/186 565/1429/184 544/1439/186
f 544/1439/186 563/1440/188 566/1432/186
f 572/1441/189 567/1433/187 563/1440/188
f 563/1440/188 564/1442/190 572/1441/189
f 840/1871/189 573/1443/188 568/1435/187
f 568/1435/187 572/1441/189 840/1871/189
f 575/1447/170 559/1445/191 540/1444/170
f 540/1444/170 514/1351/167 575/1447/170
f 576/1449/4 578/1451/4 577/1450/4
f 577/1450/4 579/1452/4 576/1449/4
f 576/1449/4 580/1453/4 581/1454/4
f 581/1454/4 587/1460/4 576/1449/4
f 584/1457/4 583/1456/4 581/1454/4
f 581/1454/4 582/1455/4 584/1457/4
f 586/1459/4 585/1458/4 582/1455/4
f 582/1455/4 580/1453/4 586/1459/4
f 591/1455/4 511/1463/4 590/1465/4
f 590/1465/4 592/1466/4 591/1455/4
f 511/1463/4 591/1455/4 593/1458/4
f 593/1458/4 594/1459/4 511/1463/4
f 599/1449/4 510/1467/4 597/1450/4
f 597/1450/4 598/1451/4 599/1449/4
f 600/1468/4 602/1469/4 601/1457/4
f 601/1457/4 591/1455/4 600/1468/4
f 604/1456/4 601/1457/4 602/1469/4
f 602/1469/4 603/1470/4 604/1456/4
f 605/1471/4 604/1456/4 603/1470/4
f 603/1470/4 873/1912/4 605/1471/4
f 606/1454/4 604/1456/4 605/1471/4
f 605/1471/4 607/1472/4 606/1454/4
f 610/1474/4 609/1461/4 606/1454/4
f 606/1454/4 608/1473/4 610/1474/4
f 613/1476/4 612/1460/4 609/1461/4
f 609/1461/4 611/1475/4 613/1476/4
f 578/1482/192 617/1481/192 616/1479/192
f 616/1479/192 577/1480/192 578/1482/192
f 598/1485/193 597/1484/192 618/1483/192
f 618/1483/192 619/1486/192 598/1485/193
f 619/1486/192 618/1483/192 615/1478/192
f 615/1478/192 616/1479/192 619/1486/192
f 620/1487/194 619/1486/192 616/1479/192
f 616/1479/192 617/1481/192 620/1487/194
f 576/1492/196 622/1491/196 621/1489/195
f 621/1489/195 578/1490/195 576/1492/196
f 599/1495/195 598/1494/196 620/1493/196
f 620/1493/196 623/1496/195 599/1495/195
f 623/1496/195 620/1493/196 617/1488/195
f 617/1488/195 621/1489/195 623/1496/195
f 624/1497/195 623/1496/195 621/1489/195
f 621/1489/195 622/1491/196 624/1497/195
f 577/1505/197 615/1504/197 627/1502/197
f 627/1502/197 579/1503/197 577/1505/197
f 597/1508/197 596/1507/197 628/1506/197
f 628/1506/197 629/1509/197 597/1508/197
f 629/1509/197 628/1506/197 626/1501/197
f 626/1501/197 627/1502/197 629/1509/197
f 618/1510/197 629/1509/197 627/1502/197
f 627/1502/197 615/1504/197 618/1510/197
f 579/1515/198 626/1514/198 631/1512/198
f 631/1512/198 580/1513/198 579/1515/198
f 596/1518/198 595/1517/198 632/1516/198
f 632/1516/198 633/1519/198 596/1518/198
f 633/1519/198 632/1516/198 630/1511/198
f 630/1511/198 631/1512/198 633/1519/198
f 628/1520/198 633/1519/198 631/1512/198
f 631/1512/198 626/1514/198 628/1520/198
f 583/1525/199 636/1524/199 635/1522/199
f 635/1522/199 581/1523/199 583/1525/199
f 604/1528/199 606/1527/199 637/1526/199
f 637/1526/199 638/1529/199 604/1528/199
f 638/1529/199 637/1526/199 634/1521/199
f 634/1521/199 635/1522/199 638/1529/199
f 639/1530/199 638/1529/199 635/1522/199
f 635/1522/199 636/1524/199 639/1530/199
f 584/1535/200 641/1534/200 640/1532/200
f 640/1532/200 583/1533/200 584/1535/200
f 601/1538/200 604/1537/200 639/1536/200
f 639/1536/200 642/1539/200 601/1538/200
f 642/1539/200 639/1536/200 636/1531/200
f 636/1531/200 640/1532/200 642/1539/200
f 643/1540/200 642/1539/200 640/1532/200
f 640/1532/200 641/1534/200 643/1540/200
f 582/1545/201 645/1544/201 644/1542/201
f 644/1542/201 584/1543/201 582/1545/201
f 591/1548/201 601/1547/201 643/1546/201
f 643/1546/201 646/1549/201 591/1548/201
f 646/1549/201 643/1546/201 641/1541/201
f 641/1541/201 644/1542/201 646/1549/201
f 647/1367/201 646/1549/201 644/1542/201
f 644/1542/201 645/1544/201 647/1367/201
f 585/1554/202 649/1553/202 648/1551/202
f 648/1551/202 582/1552/202 585/1554/202
f 593/1557/202 591/1556/202 647/1555/202
f 647/1555/202 650/1558/202 593/1557/202
f 650/1558/202 647/1555/202 645/1550/202
f 645/1550/202 648/1551/202 650/1558/202
f 651/1559/202 650/1558/202 648/1551/202
f 648/1551/202 649/1553/202 651/1559/202
f 586/1564/203 653/1563/203 652/1561/203
f 652/1561/203 585/1562/203 586/1564/203
f 594/1567/203 593/1566/203 651/1565/203
f 651/1565/203 654/1568/203 594/1567/203
f 654/1568/203 651/1565/203 649/1560/203
f 649/1560/203 652/1561/203 654/1568/203
f 655/1569/203 654/1568/203 652/1561/203
f 652/1561/203 653/1563/203 655/1569/203
f 580/1574/205 630/1573/205 656/1571/204
f 656/1571/204 586/1572/204 580/1574/205
f 595/1577/205 594/1576/205 655/1575/205
f 655/1575/205 657/1578/205 595/1577/205
f 657/1578/205 655/1575/205 653/1570/204
f 653/1570/204 656/1571/204 657/1578/205
f 632/1579/205 657/1578/205 656/1571/204
f 656/1571/204 630/1573/205 632/1579/205
f 588/1584/206 660/1583/206 659/1581/206
f 659/1581/206 587/1582/206 588/1584/206
f 609/1587/206 612/1586/206 661/1585/206
f 661/1585/206 662/1588/206 609/1587/206
f 662/1588/206 661/1585/206 658/1580/206
f 658/1580/206 659/1581/206 662/1588/206
f 663/1589/206 662/1588/206 659/1581/206
f 659/1581/206 660/1583/206 663/1589/206
f 581/1598/207 634/1597/207 667/1595/207
f 667/1595/207 588/1596/207 581/1598/207
f 606/1601/207 609/1600/207 663/1599/207
f 663/1599/207 668/1602/207 606/1601/207
f 668/1602/207 663/1599/207 660/1594/207
f 660/1594/207 667/1595/207 668/1602/207
f 637/1603/207 668/1602/207 667/1595/207
f 667/1595/207 634/1597/207 637/1603/207
f 670/1605/6 669/1604/6 666/1592/6
f 666/1592/6 587/1593/6 670/1605/6
f 673/1608/6 669/1604/6 672/1607/6
f 672/1607/6 576/1609/6 673/1608/6
f 622/1611/6 674/1610/6 669/1604/6
f 669/1604/6 673/1608/6 622/1611/6
f 624/1500/6 625/1498/6 674/1610/6
f 674/1610/6 622/1611/6 624/1500/6
f 677/1614/6 665/1591/6 678/1615/6
f 678/1615/6 679/1616/6 677/1614/6
f 686/1625/6 680/1618/6 661/1617/6
f 661/1617/6 681/1619/6 686/1625/6
f 682/1621/6 681/1619/6 661/1617/6
f 661/1617/6 612/1620/6 682/1621/6
f 679/1616/6 678/1615/6 661/1617/6
f 661/1617/6 680/1618/6 679/1616/6
f 684/1623/6 683/1622/6 676/1613/6
f 676/1613/6 677/1614/6 684/1623/6
f 684/1623/6 677/1614/6 679/1616/6
f 679/1616/6 685/1624/6 684/1623/6
f 682/1621/6 614/1627/6 687/1626/6
f 687/1626/6 681/1619/6 682/1621/6
f 686/1625/6 681/1619/6 687/1626/6
f 687/1626/6 688/1628/6 686/1625/6
f 685/1624/6 679/1616/6 680/1618/6
f 680/1618/6 688/1628/6 685/1624/6
f 673/1608/6 690/1630/6 689/1629/6
f 689/1629/6 622/1611/6 673/1608/6
f 692/1632/6 599/1499/6 624/1500/6
f 624/1500/6 693/1633/6 692/1632/6
f 693/1633/6 624/1500/6 622/1611/6
f 622/1611/6 691/1631/6 693/1633/6
f 696/1637/6 524/1636/6 689/1629/6
f 689/1629/6 690/1630/6 696/1637/6
f 512/1639/6 692/1632/6 693/1633/6
f 693/1633/6 697/1638/6 512/1639/6
f 512/1639/6 510/1641/6 694/1634/6
f 694/1634/6 692/1632/6 512/1639/6
f 526/1640/6 697/1638/6 695/1635/6
f 695/1635/6 524/1636/6 526/1640/6
f 697/1638/6 693/1633/6 691/1631/6
f 691/1631/6 695/1635/6 697/1638/6
f 699/1643/2 700/1644/2 701/1645/2
f 701/1645/2 704/1648/2 699/1643/2
f 702/1646/2 708/1652/2 707/1651/2
f 707/1651/2 706/1650/2 702/1646/2
f 699/1643/2 704/1648/2 709/1653/2
f 709/1653/2 710/1654/2 699/1643/2
f 698/1658/208 712/1656/208 711/1655/208
f 711/1655/208 700/1657/208 698/1658/208
f 700/1662/209 711/1660/209 713/1659/209
f 713/1659/209 701/1661/209 700/1662/209
f 703/1666/210 715/1664/210 714/1663/210
f 714/1663/210 702/1665/210 703/1666/210
f 701/1670/211 713/1668/211 715/1667/211
f 715/1667/211 703/1669/211 701/1670/211
f 705/1674/213 717/1672/213 716/1671/212
f 716/1671/212 704/1673/213 705/1674/213
f 706/1678/214 718/1676/214 717/1675/214
f 717/1675/214 705/1677/214 706/1678/214
f 708/1682/215 720/1680/215 719/1679/215
f 719/1679/215 707/1681/215 708/1682/215
f 702/1686/216 714/1684/216 720/1683/216
f 720/1683/216 708/1685/216 702/1686/216
f 707/1690/217 719/1688/217 718/1687/217
f 718/1687/217 706/1689/217 707/1690/217
f 704/1694/218 716/1692/218 721/1691/218
f 721/1691/218 709/1693/218 704/1694/218
f 709/1698/219 721/1696/219 722/1695/219
f 722/1695/219 710/1697/219 709/1698/219
f 710/1702/220 722/1700/220 723/1699/220
f 723/1699/220 699/1701/220 710/1702/220
f 731/1715/2 726/1706/2 723/1643/2
f 723/1643/2 722/1654/2 731/1715/2
f 699/1708/6 724/1707/6 727/1709/6
f 727/1709/6 728/1710/6 699/1708/6
f 729/1711/6 727/1709/6 724/1707/6
f 724/1707/6 723/1712/6 729/1711/6
f 515/1720/2 731/1715/2 722/1654/2
f 722/1654/2 721/1653/2 515/1720/2
f 728/1710/6 727/1709/6 732/1716/6
f 732/1716/6 733/1717/6 728/1710/6
f 734/1718/6 732/1716/6 727/1709/6
f 727/1709/6 729/1711/6 734/1718/6
f 729/1711/6 726/1713/6 730/1719/6
f 730/1719/6 734/1718/6 729/1711/6
f 515/1720/2 721/1653/2 735/1721/2
f 735/1721/2 736/1722/2 515/1720/2
f 735/1721/2 721/1653/2 716/1648/2
f 716/1648/2 754/1741/2 735/1721/2
f 733/1717/6 732/1716/6 737/1723/6
f 737/1723/6 738/1724/6 733/1717/6
f 739/1725/6 738/1724/6 737/1723/6
f 737/1723/6 513/1747/6 739/1725/6
f 734/1718/6 730/1719/6 742/1728/6
f 742/1728/6 741/1727/6 734/1718/6
f 720/1652/2 714/1646/2 744/1731/2
f 744/1731/2 745/1732/2 720/1652/2
f 719/1651/2 720/1652/2 747/1734/2
f 747/1734/2 748/1735/2 719/1651/2
f 750/1737/2 749/1736/2 719/1651/2
f 719/1651/2 748/1735/2 750/1737/2
f 752/1739/2 751/1738/2 718/1650/2
f 718/1650/2 749/1736/2 752/1739/2
f 753/1740/2 752/1739/2 749/1736/2
f 749/1736/2 750/1737/2 753/1740/2
f 755/1742/2 736/1722/2 754/1741/2
f 754/1741/2 514/1757/2 755/1742/2
f 756/1743/2 754/1741/2 716/1648/2
f 716/1648/2 717/1649/2 756/1743/2
f 514/1757/2 756/1743/2 717/1649/2
f 717/1649/2 757/1744/2 514/1757/2
f 758/1745/2 757/1744/2 717/1649/2
f 717/1649/2 751/1738/2 758/1745/2
f 759/1746/2 758/1745/2 751/1738/2
f 751/1738/2 752/1739/2 759/1746/2
f 740/1726/6 739/1725/6 513/1747/6
f 513/1747/6 760/1748/6 740/1726/6
f 742/1728/6 513/1747/6 737/1723/6
f 737/1723/6 741/1727/6 742/1728/6
f 763/1751/2 714/1646/2 715/1647/2
f 715/1647/2 762/1750/2 763/1751/2
f 764/1752/2 765/1753/2 745/1732/2
f 745/1732/2 714/1646/2 764/1752/2
f 746/1733/2 745/1732/2 765/1753/2
f 765/1753/2 766/1754/2 746/1733/2
f 747/1734/2 746/1733/2 766/1754/2
f 766/1754/2 767/1755/2 747/1734/2
f 748/1735/2 747/1734/2 767/1755/2
f 767/1755/2 768/1756/2 748/1735/2
f 770/1759/2 514/1757/2 759/1746/2
f 759/1746/2 769/1758/2 770/1759/2
f 768/1756/2 769/1758/2 759/1746/2
f 759/1746/2 748/1735/2 768/1756/2
f 773/1762/2 762/1750/2 713/1645/2
f 713/1645/2 772/1761/2 773/1762/2
f 773/1762/2 774/1763/2 763/1751/2
f 763/1751/2 762/1750/2 773/1762/2
f 774/1763/2 775/1764/2 764/1752/2
f 764/1752/2 763/1751/2 774/1763/2
f 775/1764/2 776/1765/2 765/1753/2
f 765/1753/2 764/1752/2 775/1764/2
f 766/1754/2 765/1753/2 776/1765/2
f 776/1765/2 777/1766/2 766/1754/2
f 767/1755/2 766/1754/2 777/1766/2
f 777/1766/2 778/1767/2 767/1755/2
f 768/1756/2 767/1755/2 778/1767/2
f 778/1767/2 779/1768/2 768/1756/2
f 779/1768/2 780/1769/2 769/1758/2
f 769/1758/2 768/1756/2 779/1768/2
f 780/1769/2 781/1770/2 770/1759/2
f 770/1759/2 769/1758/2 780/1769/2
f 711/1644/2 712/1642/2 783/1772/2
f 783/1772/2 784/1773/2 711/1644/2
f 771/1760/2 711/1644/2 785/1774/2
f 785/1774/2 786/1775/2 771/1760/2
f 773/1762/2 772/1761/2 786/1775/2
f 786/1775/2 787/1776/2 773/1762/2
f 962/2056/2 788/1777/2 773/1762/2
f 773/1762/2 787/1776/2 962/2056/2
f 788/1777/2 789/1778/2 774/1763/2
f 774/1763/2 773/1762/2 788/1777/2
f 789/1778/2 790/1779/2 775/1764/2
f 775/1764/2 774/1763/2 789/1778/2
f 776/1765/2 790/1779/2 791/1780/2
f 791/1780/2 777/1766/2 776/1765/2
f 779/1768/2 778/1767/2 792/1781/2
f 792/1781/2 793/1782/2 779/1768/2
f 794/1785/2 795/1784/2 780/1769/2
f 780/1769/2 779/1768/2 794/1785/2
f 795/1784/2 575/1786/2 781/1770/2
f 781/1770/2 780/1769/2 795/1784/2
f 798/1789/6 797/1788/6 796/1787/6
f 796/1787/6 802/1795/6 798/1789/6
f 802/1795/6 796/1787/6 797/1788/6
f 797/1788/6 799/1790/6 802/1795/6
f 712/1791/6 799/1790/6 797/1788/6
f 797/1788/6 800/1792/6 712/1791/6
f 675/1612/6 683/1622/6 801/1794/6
f 801/1794/6 802/1795/6 675/1612/6
f 670/1605/6 664/1590/6 802/1795/6
f 802/1795/6 725/1704/6 670/1605/6
f 671/1606/6 670/1605/6 725/1704/6
f 725/1704/6 699/1708/6 671/1606/6
f 696/1637/6 672/1607/6 699/1708/6
f 699/1708/6 738/1724/6 696/1637/6
f 806/1799/1 804/1797/1 803/1796/1
f 803/1796/1 805/1798/1 806/1799/1
f 805/1798/1 803/1796/1 807/1800/1
f 807/1800/1 808/1801/1 805/1798/1
f 811/1804/1 810/1803/1 809/1802/1
f 809/1802/1 812/1805/1 811/1804/1
f 818/1810/1 817/1809/1 816/1808/1
f 816/1808/1 819/1811/1 818/1810/1
f 820/1812/1 819/1811/1 813/1796/1
f 813/1796/1 814/1806/1 820/1812/1
f 815/1817/223 804/1815/222 822/1814/221
f 822/1814/221 814/1816/222 815/1817/223
f 824/1821/5 823/1819/5 804/1818/5
f 804/1818/5 815/1820/5 824/1821/5
f 824/1821/5 813/1823/5 803/1822/5
f 803/1822/5 823/1819/5 824/1821/5
f 816/1825/5 807/1824/5 803/1822/5
f 803/1822/5 813/1823/5 816/1825/5
f 817/1829/226 825/1827/225 807/1826/224
f 807/1826/224 816/1828/225 817/1829/226
f 818/1833/229 826/1831/228 825/1830/227
f 825/1830/227 817/1832/228 818/1833/229
f 819/1837/230 812/1835/230 826/1834/230
f 826/1834/230 818/1836/230 819/1837/230
f 820/1841/233 811/1839/232 812/1838/231
f 812/1838/231 819/1840/232 820/1841/233
f 811/1804/234 820/1843/236 827/1842/235
f 827/1842/235 829/1845/238 811/1804/234
f 828/1844/237 821/1846/239 829/1845/238
f 829/1845/238 827/1842/235 828/1844/237
f 814/1850/242 822/1848/241 829/1847/240
f 829/1847/240 821/1849/241 814/1850/242
f 833/1854/4 831/1852/4 832/1853/4
f 832/1853/4 834/1855/4 833/1854/4
f 834/1855/4 838/1859/4 836/1857/4
f 836/1857/4 837/1858/4 834/1855/4
f 830/1851/4 840/1861/4 839/1860/4
f 839/1860/4 841/1862/4 830/1851/4
f 826/1864/186 843/1865/186 830/1866/186
f 830/1866/186 831/1867/186 826/1864/186
f 842/1863/186 570/1437/186 571/1438/186
f 571/1438/186 843/1865/186 842/1863/186
f 840/1871/189 844/1869/186 571/1438/186
f 571/1438/186 573/1443/188 840/1871/189
f 840/1871/189 830/1866/186 845/1870/186
f 845/1870/186 844/1869/186 840/1871/189
f 807/2172/243 846/1873/243 825/1872/243
f 825/1872/243 831/1874/243 807/2172/243
f 847/1875/4 826/1845/4 848/1877/4
f 848/1877/4 877/1916/4 847/1875/4
f 851/1880/4 850/1879/4 826/1845/4
f 826/1845/4 812/1881/4 851/1880/4
f 855/1885/4 854/1884/4 853/1883/4
f 853/1883/4 812/1881/4 855/1885/4
f 856/1886/4 855/1885/4 812/1881/4
f 812/1881/4 809/1803/4 856/1886/4
f 881/1976/244 854/1889/244 855/1888/244
f 855/1888/244 858/1890/244 881/1976/244
f 859/1891/245 858/1890/244 855/1888/244
f 855/1888/244 860/1892/244 859/1891/245
f 862/1896/246 855/1895/246 856/1894/246
f 856/1894/246 863/1897/246 862/1896/246
f 864/1901/247 856/1900/247 857/1899/247
f 857/1899/247 865/1902/247 864/1901/247
f 869/1908/6 857/1907/6 809/1802/6
f 809/1802/6 868/1906/6 869/1908/6
f 570/1462/4 842/1876/4 847/1875/4
f 847/1875/4 589/1464/4 570/1462/4
f 590/1465/4 589/1464/4 847/1875/4
f 847/1875/4 870/1909/4 590/1465/4
f 590/1465/4 870/1909/4 871/1910/4
f 871/1910/4 592/1466/4 590/1465/4
f 600/1468/4 592/1466/4 871/1910/4
f 871/1910/4 872/1911/4 600/1468/4
f 602/1469/4 872/1911/4 873/1912/4
f 873/1912/4 603/1470/4 602/1469/4
f 873/1912/4 874/1913/4 608/1473/4
f 608/1473/4 607/1472/4 873/1912/4
f 874/1913/4 875/1914/4 611/1475/4
f 611/1475/4 610/1474/4 874/1913/4
f 614/1477/4 613/1476/4 875/1914/4
f 875/1914/4 876/1915/4 614/1477/4
f 879/1918/4 878/1917/4 848/1877/4
f 848/1877/4 849/1878/4 879/1918/4
f 880/1919/4 879/1918/4 850/1879/4
f 850/1879/4 851/1880/4 880/1919/4
f 881/1920/4 880/1919/4 852/1882/4
f 852/1882/4 853/1883/4 881/1920/4
f 874/1923/249 873/1922/248 882/1921/248
f 882/1921/248 883/1924/249 874/1923/249
f 875/1928/250 874/1927/250 884/1926/250
f 884/1926/250 885/1929/250 875/1928/250
f 876/1933/251 875/1932/251 886/1931/251
f 886/1931/251 887/1934/251 876/1933/251
f 879/1938/252 880/1937/252 889/1936/252
f 889/1936/252 890/1939/252 879/1938/252
f 878/1943/253 879/1942/253 891/1941/253
f 891/1941/253 892/1944/253 878/1943/253
f 870/1948/254 877/1947/254 894/1946/254
f 894/1946/254 895/1949/254 870/1948/254
f 877/1953/255 878/1952/255 893/1951/255
f 893/1951/255 897/1954/255 877/1953/255
f 873/1958/256 872/1957/256 898/1956/256
f 898/1956/256 899/1959/256 873/1958/256
f 871/1963/258 870/1962/258 896/1961/258
f 896/1961/258 900/1964/258 871/1963/258
f 872/1968/259 871/1967/259 901/1966/259
f 901/1966/259 902/1969/259 872/1968/259
f 880/1973/260 881/1972/260 903/1971/260
f 903/1971/260 904/1974/260 880/1973/260
f 881/1976/244 858/1890/244 905/1977/245
f 905/1977/245 903/1978/245 881/1976/244
f 614/1627/6 876/1980/6 906/1979/6
f 906/1979/6 687/1626/6 614/1627/6
f 907/1981/248 883/1924/249 882/1921/248
f 882/1921/248 908/1982/248 907/1981/248
f 909/1983/248 884/1925/249 883/1924/249
f 883/1924/249 907/1981/248 909/1983/248
f 910/1984/250 885/1929/250 884/1926/250
f 884/1926/250 909/1985/250 910/1984/250
f 911/1986/250 886/1930/250 885/1929/250
f 885/1929/250 910/1984/250 911/1986/250
f 912/1987/251 887/1934/251 886/1931/251
f 886/1931/251 911/1988/251 912/1987/251
f 913/1989/251 888/1935/251 887/1934/251
f 887/1934/251 912/1987/251 913/1989/251
f 914/1990/252 890/1939/252 889/1936/252
f 889/1936/252 915/1991/252 914/1990/252
f 916/1992/252 891/1940/252 890/1939/252
f 890/1939/252 914/1990/252 916/1992/252
f 917/1993/253 892/1944/253 891/1941/253
f 891/1941/253 916/1994/253 917/1993/253
f 918/1995/253 893/1945/253 892/1944/253
f 892/1944/253 917/1993/253 918/1995/253
f 919/1996/254 895/1949/254 894/1946/254
f 894/1946/254 920/1997/254 919/1996/254
f 921/1998/254 896/1950/254 895/1949/254
f 895/1949/254 919/1996/254 921/1998/254
f 922/1999/255 897/1954/255 893/1951/255
f 893/1951/255 918/2000/255 922/1999/255
f 920/2001/255 894/1955/255 897/1954/255
f 897/1954/255 922/1999/255 920/2001/255
f 923/2002/256 899/1959/256 898/1956/256
f 898/1956/256 924/2003/256 923/2002/256
f 908/2004/257 882/1960/257 899/1959/256
f 899/1959/256 923/2002/256 908/2004/257
f 925/2005/258 900/1964/258 896/1961/258
f 896/1961/258 921/2006/258 925/2005/258
f 926/2007/258 901/1965/258 900/1964/258
f 900/1964/258 925/2005/258 926/2007/258
f 927/2008/259 902/1969/259 901/1966/259
f 901/1966/259 926/2009/259 927/2008/259
f 924/2010/259 898/1970/259 902/1969/259
f 902/1969/259 927/2008/259 924/2010/259
f 928/2011/260 904/1974/260 903/1971/260
f 903/1971/260 929/2012/260 928/2011/260
f 915/2013/260 889/1975/260 904/1974/260
f 904/1974/260 928/2011/260 915/2013/260
f 929/2014/245 903/1978/245 905/1977/245
f 905/1977/245 861/1893/245 929/2014/245
f 687/1626/6 906/1979/6 930/2015/6
f 930/2015/6 931/2016/6 687/1626/6
f 934/2019/2 933/2018/2 932/2017/2
f 932/2017/2 25/2020/2 934/2019/2
f 937/2023/2 936/2022/2 933/2018/2
f 933/2018/2 934/2019/2 937/2023/2
f 933/2028/170 940/2027/170 829/2025/170
f 829/2025/170 932/2029/170 933/2028/170
f 939/2026/170 938/2024/170 574/1446/191
f 574/1446/191 575/1447/170 939/2026/170
f 938/2024/170 940/2027/170 562/1448/191
f 562/1448/191 574/1446/191 938/2024/170
f 804/2181/261 932/2033/261 822/2032/261
f 822/2032/261 941/2034/261 804/2181/261
f 944/2037/2 943/2036/2 810/1803/2
f 810/1803/2 811/1804/2 944/2037/2
f 949/2042/2 948/2041/2 811/1804/2
f 811/1804/2 829/1845/2 949/2042/2
f 951/2044/2 829/1845/2 952/2045/2
f 952/2045/2 957/2051/2 951/2044/2
f 953/2047/2 945/2038/2 947/2040/2
f 947/2040/2 954/2048/2 953/2047/2
f 954/2048/2 947/2040/2 948/2041/2
f 948/2041/2 955/2049/2 954/2048/2
f 956/2050/2 955/2049/2 950/2043/2
f 950/2043/2 951/2044/2 956/2050/2
f 783/1772/2 782/1771/2 959/2053/2
f 959/2053/2 960/2054/2 783/1772/2
f 785/1774/2 784/1773/2 960/2054/2
f 960/2054/2 961/2055/2 785/1774/2
f 786/1775/2 961/2055/2 962/2056/2
f 962/2056/2 787/1776/2 786/1775/2
f 962/2056/2 963/2057/2 790/1779/2
f 790/1779/2 789/1778/2 962/2056/2
f 793/1782/2 792/1781/2 963/2057/2
f 963/2057/2 964/2058/2 793/1782/2
f 794/1783/2 793/1782/2 964/2058/2
f 964/2058/2 958/2052/2 794/1783/2
f 952/2045/2 939/2046/2 575/1786/2
f 575/1786/2 958/2052/2 952/2045/2
f 965/2061/262 958/2060/262 964/2059/262
f 964/2059/262 966/2062/262 965/2061/262
f 968/2066/263 957/2065/263 958/2064/263
f 958/2064/263 967/2067/263 968/2066/263
f 970/2071/264 956/2070/264 957/2069/264
f 957/2069/264 969/2072/264 970/2071/264
f 972/2076/265 955/2075/265 956/2074/265
f 956/2074/265 971/2077/265 972/2076/265
f 974/2081/266 963/2080/266 962/2079/266
f 962/2079/266 975/2082/266 974/2081/266
f 977/2086/267 964/2085/267 963/2084/267
f 963/2084/267 976/2087/267 977/2086/267
f 978/2091/268 962/2090/268 961/2089/268
f 961/2089/268 979/2092/268 978/2091/268
f 980/2096/245 944/2095/269 946/2094/245
f 946/2094/245 981/2097/245 980/2096/245
f 1130/2365/245 982/2098/270 944/2095/269
f 944/2095/269 980/2096/245 1130/2365/245
f 981/2097/245 946/2094/245 953/2099/245
f 953/2099/245 983/2100/245 981/2097/245
f 984/2103/271 943/2102/271 944/2101/269
f 944/2101/269 982/2104/270 984/2103/271
f 986/2108/272 942/2107/272 943/2106/272
f 943/2106/272 985/2109/272 986/2108/272
f 988/2113/273 953/2112/273 954/2111/273
f 954/2111/273 989/2114/273 988/2113/273
f 990/2118/274 954/2117/274 955/2116/274
f 955/2116/274 973/2119/274 990/2118/274
f 991/2123/275 961/2122/275 960/2121/275
f 960/2121/275 992/2124/275 991/2123/275
f 993/2128/277 960/2127/277 959/2126/276
f 959/2126/276 994/2129/276 993/2128/277
f 995/2133/6 994/2132/6 959/2131/6
f 959/2131/6 996/2134/6 995/2133/6
f 998/2136/6 997/2135/6 995/2133/6
f 995/2133/6 996/2134/6 998/2136/6
f 999/2139/6 942/2138/6 987/2137/6
f 987/2137/6 1000/2140/6 999/2139/6
f 1002/2142/6 1001/2141/6 999/2139/6
f 999/2139/6 1000/2140/6 1002/2142/6
f 1003/2143/6 810/1803/6 1001/2141/6
f 1001/2141/6 1002/2142/6 1003/2143/6
f 1006/2146/6 1005/2145/6 997/2135/6
f 997/2135/6 998/2136/6 1006/2146/6
f 782/1793/6 1007/2147/6 1005/2145/6
f 1005/2145/6 1006/2146/6 782/1793/6
f 937/2148/157 551/2150/157 550/2149/157
f 550/2149/157 936/2151/157 937/2148/157
f 837/2159/278 835/2158/278 1010/2155/278
f 1010/2155/278 554/2156/278 837/2159/278
f 558/2162/278 1011/2161/278 840/2160/278
f 840/2160/278 556/2163/278 558/2162/278
f 1013/2167/6 931/2016/6 1012/2166/6
f 1012/2166/6 1102/2335/6 1013/2167/6
f 807/2168/279 831/2170/279 833/2169/279
f 833/2169/279 808/2171/279 807/2168/279
f 1015/2174/6 1014/2173/6 866/1904/6
f 866/1904/6 867/1905/6 1015/2174/6
f 1014/2173/6 1016/2175/6 868/1906/6
f 868/1906/6 866/1904/6 1014/2173/6
f 932/2177/280 804/2179/280 806/2178/280
f 806/2178/280 25/2180/280 932/2177/280
f 1004/2144/6 1003/2143/6 1018/2182/6
f 1018/2182/6 1019/2183/6 1004/2144/6
f 549/2206/282 1040/2204/281 1039/2207/281
f 1039/2207/281 554/2208/282 549/2206/282
f 1032/2210/284 1033/2209/283 1040/2204/281
f 1040/2204/281 548/2205/281 1032/2210/284
f 1038/2215/288 837/2217/289 554/2216/288
f 554/2216/288 1039/2218/290 1038/2215/288
f 834/2221/292 1041/2220/291 1022/2219/291
f 1022/2219/291 833/2222/292 834/2221/292
f 1041/2220/291 834/2221/292 837/2223/293
f 837/2223/293 1038/2225/295 1041/2220/291
f 1026/2226/296 808/2228/296 833/2227/296
f 833/2227/296 1022/2229/296 1026/2226/296
f 805/2232/299 808/2231/298 1025/2230/297
f 1025/2230/297 1030/2245/308 805/2232/299
f 1036/2234/301 551/2236/302 937/2235/301
f 937/2235/301 1037/2237/303 1036/2234/301
f 1042/2238/304 935/2240/305 25/2239/304
f 25/2239/304 1029/2244/307 1042/2238/304
f 935/2240/305 1042/2238/304 1037/2241/304
f 1037/2241/304 937/2242/305 935/2240/305
f 1042/2238/304 1029/2244/307 1028/2243/306
f 1028/2243/306 1037/2241/304 1042/2238/304
f 1029/2248/310 25/2250/311 806/2249/310
f 806/2249/310 1030/2251/312 1029/2248/310
f 1046/2254/4 1045/1887/4 1043/2252/4
f 1043/2252/4 1055/1919/4 1046/2254/4
f 1048/1885/314 1045/1887/4 1046/2254/4
f 1046/2254/4 1047/2255/313 1048/1885/314
f 1062/1920/316 1049/1884/315 1048/1885/314
f 1048/1885/314 1047/2255/313 1062/1920/316
f 1053/1914/4 1052/1913/4 1051/1912/4
f 1051/1912/4 1054/1915/4 1053/1914/4
f 1054/1915/4 1051/1912/4 1043/2252/4
f 1043/2252/4 1044/2253/4 1054/1915/4
f 1056/1909/4 1055/1919/4 1043/2252/4
f 1043/2252/4 1051/1912/4 1056/1909/4
f 1058/1917/4 1057/1918/4 1056/1909/4
f 1056/1909/4 1059/1916/4 1058/1917/4
f 1056/1909/4 1051/1912/4 1060/1911/4
f 1060/1911/4 1061/1910/4 1056/1909/4
f 1065/2258/6 1044/2260/6 1066/2259/6
f 1066/2259/6 1064/2257/6 1065/2258/6
f 1051/2264/248 1052/2265/248 909/1983/248
f 909/1983/248 907/1981/248 1051/2264/248
f 1052/2266/250 1053/2267/250 911/1986/250
f 911/1986/250 910/1984/250 1052/2266/250
f 1053/2268/251 1054/2269/251 913/1989/251
f 913/1989/251 912/1987/251 1053/2268/251
f 1055/2270/252 1057/2271/252 916/1992/252
f 916/1992/252 914/1990/252 1055/2270/252
f 1057/2272/253 1058/2273/253 918/1995/253
f 918/1995/253 917/1993/253 1057/2272/253
f 1059/2274/254 1056/2275/254 921/1998/254
f 921/1998/254 919/1996/254 1059/2274/254
f 1058/2276/255 1059/2277/255 920/2001/255
f 920/2001/255 922/1999/255 1058/2276/255
f 1060/2278/256 1051/2279/256 908/2004/257
f 908/2004/257 923/2002/256 1060/2278/256
f 1056/2280/258 1061/2281/258 926/2007/258
f 926/2007/258 925/2005/258 1056/2280/258
f 1061/2282/259 1060/2283/259 924/2010/259
f 924/2010/259 927/2008/259 1061/2282/259
f 1062/2284/260 1055/2285/260 915/2013/260
f 915/2013/260 928/2011/260 1062/2284/260
f 1048/2286/245 1049/2287/244 861/1893/245
f 861/1893/245 859/1891/245 1048/2286/245
f 1062/2288/244 929/2014/245 861/1893/245
f 861/1893/245 1049/2287/244 1062/2288/244
f 1050/2289/246 1048/2290/246 860/1898/246
f 860/1898/246 862/1896/246 1050/2289/246
f 1045/2291/247 1050/2292/247 863/1903/247
f 863/1903/247 864/1901/247 1045/2291/247
f 1063/2256/6 1064/2257/6 1069/2293/6
f 1069/2293/6 1045/2294/6 1063/2256/6
f 1069/2293/6 1064/2257/6 869/1908/6
f 869/1908/6 865/2295/6 1069/2293/6
f 1071/2297/6 1070/2296/6 1066/2259/6
f 1066/2259/6 1044/2260/6 1071/2297/6
f 1067/2261/6 1070/2296/6 1071/2297/6
f 1071/2297/6 1054/2263/6 1067/2261/6
f 913/2299/6 930/2015/6 1070/2296/6
f 1070/2296/6 1072/2298/6 913/2299/6
f 1045/2294/6 1069/2293/6 1073/2300/6
f 1073/2300/6 1074/2301/6 1045/2294/6
f 1075/2302/6 1073/2300/6 1069/2293/6
f 1069/2293/6 865/2295/6 1075/2302/6
f 1074/2301/6 1073/2300/6 1076/2303/6
f 1076/2303/6 1077/2304/6 1074/2301/6
f 1079/2305/6 1078/2303/6 1073/2300/6
f 1073/2300/6 1075/2302/6 1079/2305/6
f 1080/2306/6 1082/2308/6 1081/2307/6
f 1081/2307/6 1016/2175/6 1080/2306/6
f 1077/2304/6 1076/2303/6 1016/2175/6
f 1016/2175/6 1081/2307/6 1077/2304/6
f 1017/2176/6 1016/2175/6 1078/2303/6
f 1078/2303/6 1079/2305/6 1017/2176/6
f 1014/2173/6 1082/2308/6 1080/2306/6
f 1080/2306/6 1083/2309/6 1014/2173/6
f 1084/2310/6 1082/2308/6 1014/2173/6
f 1014/2173/6 1015/2174/6 1084/2310/6
f 1087/2313/3 1086/2312/3 1085/2311/3
f 1085/2311/3 841/2314/3 1087/2313/3
f 838/2315/3 1085/2311/3 1086/2312/3
f 1086/2312/3 1088/2316/3 838/2315/3
f 1088/2320/6 1091/2319/6 1089/2317/6
f 1089/2317/6 838/2321/6 1088/2320/6
f 841/2327/5 1094/2324/5 1096/2326/5
f 1096/2326/5 1087/2328/5 841/2327/5
f 1072/2298/6 1067/2261/6 1068/2262/6
f 1068/2262/6 1097/2329/6 1072/2298/6
f 1097/2332/6 1099/2331/6 913/2299/6
f 913/2299/6 1072/2298/6 1097/2332/6
f 1101/2334/6 1100/2333/6 1097/2329/6
f 1097/2329/6 1098/2330/6 1101/2334/6
f 1100/2333/6 1102/2335/6 1099/2331/6
f 1099/2331/6 1097/2332/6 1100/2333/6
f 1103/2336/6 688/1628/6 1100/2333/6
f 1100/2333/6 1101/2334/6 1103/2336/6
f 1104/2339/6 553/2338/6 1089/2317/6
f 1089/2317/6 1090/2318/6 1104/2339/6
f 1104/2339/6 1090/2318/6 1092/2322/6
f 1092/2322/6 1105/2340/6 1104/2339/6
f 1095/2325/5 1093/2323/5 558/2341/5
f 558/2341/5 1106/2343/5 1095/2325/5
f 1106/2343/5 1107/2344/5 1096/2326/5
f 1096/2326/5 1095/2325/5 1106/2343/5
f 1110/2037/2 1109/2039/2 1108/2345/2
f 1108/2345/2 1111/2036/2 1110/2037/2
f 1108/2345/2 1113/2346/2 1112/2035/2
f 1112/2035/2 1111/2036/2 1108/2345/2
f 1114/2347/2 1112/2035/2 1113/2346/2
f 1113/2346/2 1127/2048/2 1114/2347/2
f 1115/2348/2 1112/2035/2 1114/2347/2
f 1114/2347/2 1127/2048/2 1115/2348/2
f 1116/2349/317 1112/2035/2 1115/2348/2
f 1115/2348/2 1125/2055/2 1116/2349/317
f 1120/2051/2 1119/2052/317 1118/2058/2
f 1118/2058/2 1121/2050/2 1120/2051/2
f 1118/2058/2 1124/2057/2 1123/2056/2
f 1123/2056/2 1125/2055/2 1118/2058/2
f 1122/2049/2 1118/2058/2 1125/2055/2
f 1125/2055/2 1115/2348/2 1122/2049/2
f 1117/2350/317 1116/2349/317 1125/2055/2
f 1125/2055/2 1128/2053/2 1117/2350/317
f 1118/2351/262 1119/2352/262 967/2063/262
f 967/2063/262 965/2061/262 1118/2351/262
f 1119/2353/263 1120/2354/263 969/2068/263
f 969/2068/263 968/2066/263 1119/2353/263
f 1120/2355/264 1121/2356/264 971/2073/264
f 971/2073/264 970/2071/264 1120/2355/264
f 1121/2357/265 1122/2358/265 973/2078/265
f 973/2078/265 972/2076/265 1121/2357/265
f 1123/2359/266 1124/2360/318 976/2083/266
f 976/2083/266 974/2081/266 1123/2359/266
f 1124/2361/267 1118/2362/267 966/2088/267
f 966/2088/267 977/2086/267 1124/2361/267
f 1125/2363/268 1123/2364/268 975/2093/268
f 975/2093/268 978/2091/268 1125/2363/268
f 982/2098/270 1109/2367/245 1110/2366/319
f 1110/2366/319 984/2103/271 982/2098/270
f 1126/2368/245 1109/2367/245 982/2098/270
f 982/2098/270 1130/2365/245 1126/2368/245
f 1110/2370/319 1111/2369/271 985/2105/271
f 985/2105/271 984/2103/271 1110/2370/319
f 1111/2371/272 1112/2372/272 987/2110/272
f 987/2110/272 986/2108/272 1111/2371/272
f 1127/2373/273 1126/2374/273 983/2115/273
f 983/2115/273 988/2113/273 1127/2373/273
f 1122/2375/274 1127/2376/274 989/2120/274
f 989/2120/274 990/2118/274 1122/2375/274
f 1129/2377/275 1125/2378/275 979/2125/275
f 979/2125/275 991/2123/275 1129/2377/275
f 1128/2379/277 1129/2380/276 992/2130/277
f 992/2130/277 993/2128/277 1128/2379/277
f 1133/2383/6 1132/2382/6 1131/2381/6
f 1131/2381/6 1134/2384/6 1133/2383/6
f 1132/2382/6 1133/2383/6 1135/2385/6
f 1135/2385/6 1154/2406/6 1132/2382/6
f 995/2133/6 1138/2388/6 1137/2387/6
f 1137/2387/6 994/2391/6 995/2133/6
f 1140/2390/6 1138/2388/6 1141/2392/6
f 1141/2392/6 1142/2393/6 1140/2390/6
f 997/2135/6 1141/2392/6 1138/2388/6
f 1138/2388/6 995/2133/6 997/2135/6
f 1144/2396/6 1134/2395/6 1143/2394/6
f 1143/2394/6 1145/2397/6 1144/2396/6
f 1000/2140/6 987/2137/6 1134/2395/6
f 1134/2395/6 1144/2396/6 1000/2140/6
f 1147/2399/6 1146/2398/6 1144/2396/6
f 1144/2396/6 1145/2397/6 1147/2399/6
f 1146/2398/6 1002/2142/6 1000/2140/6
f 1000/2140/6 1144/2396/6 1146/2398/6
f 1148/2400/6 1019/2183/6 1146/2398/6
f 1146/2398/6 1147/2399/6 1148/2400/6
f 1018/2182/6 1020/2184/6 1002/2142/6
f 1002/2142/6 1146/2398/6 1018/2182/6
f 1142/2393/6 1141/2392/6 1149/2401/6
f 1149/2401/6 1150/2402/6 1142/2393/6
f 1149/2401/6 800/1792/6 1152/2404/6
f 1152/2404/6 1150/2402/6 1149/2401/6
f 1008/2153/6 800/1792/6 1149/2401/6
f 1149/2401/6 1151/2403/6 1008/2153/6
f 1081/2307/6 1148/2400/6 1143/2394/6
f 1143/2394/6 1063/2256/6 1081/2307/6
f 1063/2256/6 1131/2394/6 1132/2382/6
f 1132/2382/6 1065/2258/6 1063/2256/6
f 1153/2405/6 1065/2258/6 1132/2382/6
f 1132/2382/6 1154/2406/6 1153/2405/6
f 1154/2406/6 1156/2408/6 1155/2407/6
f 1155/2407/6 1153/2405/6 1154/2406/6
f 1156/2409/6 1154/2406/6 801/1794/6
f 801/1794/6 1157/2410/6 1156/2409/6
f 1152/2404/6 797/1788/6 1154/2406/6
f 1154/2406/6 1139/2389/6 1152/2404/6
f 1071/2297/6 1044/2260/6 1155/2407/6
f 1155/2407/6 1156/2408/6 1071/2297/6
f 1068/2262/6 1071/2297/6 1156/2409/6
f 1156/2409/6 1157/2410/6 1068/2262/6
f 1068/2262/6 1157/2410/6 685/1624/6
f 685/1624/6 1103/2336/6 1068/2262/6
f 1159/2412/3 1088/2316/3 1086/2312/3
f 1086/2312/3 1158/2411/3 1159/2412/3
f 555/2415/4 1160/2414/4 1159/2413/4
f 1159/2413/4 1158/2416/4 555/2415/4
f 552/2419/6 1105/2340/6 1091/2319/6
f 1091/2319/6 1159/2418/6 552/2419/6
f 1158/2420/5 1087/2328/5 1107/2344/5
f 1107/2344/5 555/2421/5 1158/2420/5
f 1260/1004/6 1258/1002/6 1257/1001/6
f 1257/1001/6 1259/1003/6 1260/1004/6
f 1261/2465/2 366/2463/2 1258/2462/2
f 1258/2462/2 1260/2464/2 1261/2465/2
f 1262/1012/5 368/1010/5 366/1009/5
f 366/1009/5 1261/1011/5 1262/1012/5
f 1259/2469/4 1257/2467/4 368/2466/4
f 368/2466/4 1262/2468/4 1259/2469/4
f 1261/1020/1 1260/1018/1 1259/1017/1
f 1259/1017/1 1262/1019/1 1261/1020/1
f 1258/1024/3 366/1022/3 368/1021/3
f 368/1021/3 1257/1023/3 1258/1024/3
f 1266/2473/1 1264/2471/1 1263/2470/1
f 1263/2470/1 1265/2472/1 1266/2473/1
f 1268/2477/2 1267/2475/2 1264/2474/2
f 1264/2474/2 1266/2476/2 1268/2477/2
f 1270/2481/3 1269/2479/3 1267/2478/3
f 1267/2478/3 1268/2480/3 1270/2481/3
f 1265/2485/4 1263/2483/4 1269/2482/4
f 1269/2482/4 1270/2484/4 1265/2485/4
f 1268/2489/320 1266/2487/320 1265/2486/320
f 1265/2486/320 1270/2488/320 1268/2489/320
f 1264/2493/6 1267/2491/6 1269/2490/6
f 1269/2490/6 1263/2492/6 1264/2493/6
f 1298/2505/1 1296/2503/1 1295/2502/1
f 1295/2502/1 1297/2504/1 1298/2505/1
f 1302/2509/327 1300/2507/326 1299/2506/325
f 1299/2506/325 1301/2508/326 1302/2509/327
f 1304/2513/3 1303/2511/3 1300/2510/3
f 1300/2510/3 1302/2512/3 1304/2513/3
f 1306/2517/330 1305/2515/329 1303/2514/328
f 1303/2514/328 1304/2516/329 1306/2517/330
f 1302/2521/331 1301/2519/331 1306/2518/331
f 1306/2518/331 1304/2520/331 1302/2521/331
f 1299/2525/332 1300/2523/332 1303/2522/332
f 1303/2522/332 1305/2524/332 1299/2525/332
f 1308/2529/333 1299/2527/333 1305/2526/333
f 1305/2526/333 1307/2528/333 1308/2529/333
f 1307/2533/336 1305/2531/335 1306/2530/334
f 1306/2530/334 1309/2532/335 1307/2533/336
f 1310/2537/339 1301/2535/338 1299/2534/337
f 1299/2534/337 1308/2536/338 1310/2537/339
f 1309/2541/340 1306/2539/340 1301/2538/340
f 1301/2538/340 1310/2540/340 1309/2541/340
f 1312/2545/341 1309/2543/341 1310/2542/341
f 1310/2542/341 1311/2544/341 1312/2545/341
f 1314/2549/342 1312/2547/342 1311/2546/342
f 1311/2546/342 1313/2548/342 1314/2549/342
f 1318/2553/6 1316/2551/6 1315/2550/6
f 1315/2550/6 1317/2552/6 1318/2553/6
f 1320/2557/5 1314/2555/5 1313/2554/5
f 1313/2554/5 1319/2556/5 1320/2557/5
f 1316/2561/3 1322/2559/3 1321/2558/3
f 1321/2558/3 1315/2560/3 1316/2561/3
f 1315/2565/4 1321/2563/4 1295/2562/4
f 1295/2562/4 1317/2564/4 1315/2565/4
f 1318/2569/2 1296/2567/2 1322/2566/2
f 1322/2566/2 1316/2568/2 1318/2569/2
f 1317/2571/1 1295/2502/1 1296/2503/1
f 1296/2503/1 1318/2570/1 1317/2571/1
f 1326/2575/343 1324/2573/343 1323/2572/343
f 1323/2572/343 1325/2574/343 1326/2575/343
f 1329/2579/344 1327/2577/344 1321/2576/344
f 1321/2576/344 1328/2578/344 1329/2579/344
f 1332/2583/345 1322/2581/345 1330/2580/345
f 1330/2580/345 1331/2582/345 1332/2583/345
f 1328/2585/1 1321/2502/1 1322/2503/1
f 1322/2503/1 1332/2584/1 1328/2585/1
f 1319/2588/346 1298/2586/346 1297/2587/346
f 1297/2587/346 1320/2589/346 1319/2588/346
f 1329/2598/348 1325/2596/347 1323/2597/348
f 1323/2597/348 1327/2599/349 1329/2598/348
f 1330/2622/361 1324/2620/360 1326/2621/361
f 1326/2621/361 1331/2623/362 1330/2622/361
f 1210/2922/1 1459/2920/1 1458/2919/1
f 1458/2919/1 1460/2921/1 1210/2922/1
f 1462/2926/2 1461/2924/2 1459/2923/2
f 1459/2923/2 1210/2925/2 1462/2926/2
f 1464/2930/3 1463/2928/3 1461/2927/3
f 1461/2927/3 1462/2929/3 1464/2930/3
f 1460/2934/4 1458/2932/4 1463/2931/4
f 1463/2931/4 1464/2933/4 1460/2934/4
f 1462/2938/5 1210/2936/5 1460/2935/5
f 1460/2935/5 1464/2937/5 1462/2938/5
f 1459/2942/6 1461/2940/6 1463/2939/6
f 1463/2939/6 1458/2941/6 1459/2942/6
f 1427/1004/6 1492/1002/6 1491/1001/6
f 1491/1001/6 1493/1003/6 1427/1004/6
f 1495/2465/2 1494/2463/2 1492/2462/2
f 1492/2462/2 1427/2464/2 1495/2465/2
f 1497/1012/5 1496/1010/5 1494/1009/5
f 1494/1009/5 1495/1011/5 1497/1012/5
f 1493/2469/4 1491/2467/4 1496/2466/4
f 1496/2466/4 1497/2468/4 1493/2469/4
f 1495/1020/1 1427/1018/1 1493/1017/1
f 1493/1017/1 1497/1019/1 1495/1020/1
f 1492/1024/3 1494/1022/3 1496/1021/3
f 1496/1021/3 1491/1023/3 1492/1024/3
f 1500/28/1 498/26/1 1498/25/1
f 1498/25/1 1499/27/1 1500/28/1
f 1502/32/2 1501/30/2 498/29/2
f 498/29/2 1500/31/2 1502/32/2
f 1504/36/3 1503/34/3 1501/33/3
f 1501/33/3 1502/35/3 1504/36/3
f 1499/40/4 1498/38/4 1503/37/4
f 1503/37/4 1504/39/4 1499/40/4
f 1502/44/5 1500/42/5 1499/41/5
f 1499/41/5 1504/43/5 1502/44/5
f 498/48/6 1501/46/6 1503/45/6
f 1503/45/6 1498/47/6 498/48/6
f 1498/724/1 1506/722/1 1505/721/1
f 1505/721/1 1507/723/1 1498/724/1
f 1503/32/5 1508/30/5 1506/29/5
f 1506/29/5 1498/31/5 1503/32/5
f 1510/728/3 1509/726/3 1508/725/3
f 1508/725/3 1503/727/3 1510/728/3
f 1507/40/6 1505/38/6 1509/37/6
f 1509/37/6 1510/39/6 1507/40/6
f 1503/732/4 1498/730/4 1507/729/4
f 1507/729/4 1510/731/4 1503/732/4
f 1506/736/2 1508/734/2 1509/733/2
f 1509/733/2 1505/735/2 1506/736/2
f 1514/1052/6 1512/1050/6 1511/1049/6
f 1511/1049/6 1513/1051/6 1514/1052/6
f 1516/1268/2 1515/1266/2 1512/1265/2
f 1512/1265/2 1514/1267/2 1516/1268/2
f 1518/1060/5 1517/1058/5 1515/1057/5
f 1515/1057/5 1516/1059/5 1518/1060/5
f 1513/1272/4 1511/1270/4 1517/1269/4
f 1517/1269/4 1518/1271/4 1513/1272/4
f 1516/1276/1 1514/1274/1 1513/1273/1
f 1513/1273/1 1518/1275/1 1516/1276/1
f 1512/1280/3 1515/1278/3 1517/1277/3
f 1517/1277/3 1511/1279/3 1512/1280/3
f 1527/708/110 1526/706/110 6/707/110
f 6/707/110 1528/709/110 1527/708/110
f 1528/715/111 4/713/111 1525/714/111
f 1525/714/111 1527/716/111 1528/715/111
f 6/720/6 1526/718/6 1525/717/6
f 1525/717/6 4/719/6 6/720/6
f 1634/2473/1 1632/3003/1 1631/2470/1
f 1631/2470/1 1633/2472/1 1634/2473/1
f 1635/2477/2 1250/2475/2 1632/2474/2
f 1632/2474/2 1634/2476/2 1635/2477/2
f 1636/2481/3 1249/2479/3 1250/2478/3
f 1250/2478/3 1635/2480/3 1636/2481/3
f 1633/2485/4 1631/2483/4 1249/2482/4
f 1249/2482/4 1636/2484/4 1633/2485/4
f 1635/3004/320 1634/2487/320 1633/2486/320
f 1633/2486/320 1636/2488/320 1635/3004/320
f 1632/2493/6 1250/2491/6 1249/2490/6
f 1249/2490/6 1631/2492/6 1632/2493/6
f 1640/3008/1 1638/3006/1 1637/3005/1
f 1637/3005/1 1639/3007/1 1640/3008/1
f 1642/80/388 1641/78/388 1638/77/388
f 1638/77/388 1640/79/388 1642/80/388
f 1644/3012/3 1643/3010/3 1641/3009/3
f 1641/3009/3 1642/3011/3 1644/3012/3
f 1639/88/389 1637/86/389 1643/85/389
f 1643/85/389 1644/87/389 1639/88/389
f 1642/92/390 1640/90/390 1639/89/390
f 1639/89/390 1644/91/390 1642/92/390
f 1638/96/391 1641/94/391 1643/93/391
f 1643/93/391 1637/95/391 1638/96/391
f 1648/3016/1 1646/3014/1 1645/3013/1
f 1645/3013/1 1647/3015/1 1648/3016/1
f 1650/1268/2 1649/1266/2 1646/1265/2
f 1646/1265/2 1648/1267/2 1650/1268/2
f 1652/3020/3 1651/3018/3 1649/3017/3
f 1649/3017/3 1650/3019/3 1652/3020/3
f 1647/1272/4 1645/1270/4 1651/1269/4
f 1651/1269/4 1652/1271/4 1647/1272/4
f 1650/3024/5 1648/3022/5 1647/3021/5
f 1647/3021/5 1652/3023/5 1650/3024/5
f 1646/3028/6 1649/3026/6 1651/3025/6
f 1651/3025/6 1645/3027/6 1646/3028/6
f 1656/1052/1 1654/1050/1 1653/1049/1
f 1653/1049/1 1655/1051/1 1656/1052/1
f 1658/1056/2 1657/1054/2 1654/1053/2
f 1654/1053/2 1656/1055/2 1658/1056/2
f 1660/1060/3 1659/1058/3 1657/1057/3
f 1657/1057/3 1658/1059/3 1660/1060/3
f 1655/1064/4 1653/1062/4 1659/1061/4
f 1659/1061/4 1660/1063/4 1655/1064/4
f 1658/1068/5 1656/1066/5 1655/1065/5
f 1655/1065/5 1660/1067/5 1658/1068/5
f 1654/1072/6 1657/1070/6 1659/1069/6
f 1659/1069/6 1653/1071/6 1654/1072/6
f 1684/3058/3 1682/3056/3 1681/3055/392
f 1681/3055/392 1683/3057/392 1684/3058/3
f 1688/3062/393 1686/3060/393 1685/3059/3
f 1685/3059/3 1687/3061/3 1688/3062/393
f 1683/3066/392 1681/3064/392 1689/3063/394
f 1689/3063/394 1690/3065/394 1683/3066/392
f 1692/3070/395 1691/3068/395 1686/3067/393
f 1686/3067/393 1688/3069/393 1692/3070/395
f 1690/3074/394 1689/3072/394 1693/3071/1
f 1693/3071/1 1694/3073/1 1690/3074/394
f 1696/3078/1 1695/3076/1 1691/3075/395
f 1691/3075/395 1692/3077/395 1696/3078/1
f 1694/3082/1 1693/3080/1 1697/3079/396
f 1697/3079/396 1698/3081/396 1694/3082/1
f 1700/3086/397 1699/3084/397 1695/3083/1
f 1695/3083/1 1696/3085/1 1700/3086/397
f 1698/3090/396 1697/3088/396 1701/3087/398
f 1701/3087/398 1702/3089/398 1698/3090/396
f 1704/3094/399 1703/3092/399 1699/3091/397
f 1699/3091/397 1700/3093/397 1704/3094/399
f 1702/3098/398 1701/3096/398 1682/3095/3
f 1682/3095/3 1684/3097/3 1702/3098/398
f 1687/3102/3 1685/3100/3 1703/3099/399
f 1703/3099/399 1704/3101/399 1687/3102/3
f 1686/3106/2 1681/3104/43 1682/3103/4
f 1682/3103/4 1685/3105/43 1686/3106/2
f 1687/3110/4 1684/3108/43 1683/3107/2
f 1683/3107/2 1688/3109/43 1687/3110/4
f 1691/3114/4 1689/3112/4 1681/3111/4
f 1681/3111/4 1686/3113/4 1691/3114/4
f 1688/3118/2 1683/3116/2 1690/3115/2
f 1690/3115/2 1692/3117/2 1688/3118/2
f 1695/3122/2 1693/3120/43 1689/3119/4
f 1689/3119/4 1691/3121/43 1695/3122/2
f 1692/3126/4 1690/3124/43 1694/3123/2
f 1694/3123/2 1696/3125/43 1692/3126/4
f 1699/3130/2 1697/3128/43 1693/3127/4
f 1693/3127/4 1695/3129/43 1699/3130/2
f 1696/3134/4 1694/3132/43 1698/3131/2
f 1698/3131/2 1700/3133/43 1696/3134/4
f 1703/3138/4 1701/3136/4 1697/3135/4
f 1697/3135/4 1699/3137/4 1703/3138/4
f 1700/3142/2 1698/3140/2 1702/3139/2
f 1702/3139/2 1704/3141/2 1700/3142/2
f 1685/3146/2 1682/3144/43 1701/3143/4
f 1701/3143/4 1703/3145/43 1685/3146/2
f 1704/3150/4 1702/3148/43 1684/3147/2
f 1684/3147/2 1687/3149/43 1704/3150/4
f 1708/1004/129 1706/1002/129 1705/1001/129
f 1705/1001/129 1707/1003/129 1708/1004/129
f 1494/1008/2 1709/1006/2 1706/1005/2
f 1706/1005/2 1708/1007/2 1494/1008/2
f 1496/1012/130 1710/1010/130 1709/1009/130
f 1709/1009/130 1494/1011/130 1496/1012/130
f 1707/1016/4 1705/1014/4 1710/1013/4
f 1710/1013/4 1496/1015/4 1707/1016/4
f 1494/1020/131 1708/1018/131 1707/1017/131
f 1707/1017/131 1496/1019/131 1494/1020/131
f 1706/1024/132 1709/1022/132 1710/1021/132
f 1710/1021/132 1705/1023/132 1706/1024/132
f 1740/1052/1 1738/1050/1 1737/1049/1
f 1737/1049/1 1739/1051/1 1740/1052/1
f 1742/1056/2 1741/1054/2 1738/1053/2
f 1738/1053/2 1740/1055/2 1742/1056/2
f 1744/1060/3 1743/1058/3 1741/1057/3
f 1741/1057/3 1742/1059/3 1744/1060/3
f 1739/1064/4 1737/1062/4 1743/1061/4
f 1743/1061/4 1744/1063/4 1739/1064/4
f 1742/1068/5 1740/1066/5 1739/1065/5
f 1739/1065/5 1744/1067/5 1742/1068/5
f 1738/1072/6 1741/1070/6 1743/1069/6
f 1743/1069/6 1737/1071/6 1738/1072/6
f 1760/1052/1 1758/1050/1 1757/1049/1
f 1757/1049/1 1759/1051/1 1760/1052/1
f 1762/1056/2 1761/1054/2 1758/1053/2
f 1758/1053/2 1760/1055/2 1762/1056/2
f 1764/1060/3 1763/1058/3 1761/1057/3
f 1761/1057/3 1762/1059/3 1764/1060/3
f 1759/1064/4 1757/1062/4 1763/1061/4
f 1763/1061/4 1764/1063/4 1759/1064/4
f 1762/1068/5 1760/1066/5 1759/1065/5
f 1759/1065/5 1764/1067/5 1762/1068/5
f 1758/1072/6 1761/1070/6 1763/1069/6
f 1763/1069/6 1757/1071/6 1758/1072/6
f 282/2922/1 1765/2920/1 1518/2919/1
f 1518/2919/1 1766/2921/1 282/2922/1
f 309/3226/2 1767/3224/2 1765/3223/2
f 1765/3223/2 282/3225/2 309/3226/2
f 1768/2930/3 487/2928/3 1767/2927/3
f 1767/2927/3 309/2929/3 1768/2930/3
f 1766/3230/4 1518/3228/4 487/3227/4
f 487/3227/4 1768/3229/4 1766/3230/4
f 309/3234/5 282/3232/5 1766/3231/5
f 1766/3231/5 1768/3233/5 309/3234/5
f 1765/3238/6 1767/3236/6 487/3235/6
f 487/3235/6 1518/3237/6 1765/3238/6
f 1772/3242/4 1770/3240/4 1769/3239/4
f 1769/3239/4 1771/3241/4 1772/3242/4
f 1774/1288/411 1773/3244/411 1770/3243/411
f 1770/3243/411 1772/1287/411 1774/1288/411
f 1776/3248/2 1775/3246/2 1773/3245/2
f 1773/3245/2 1774/3247/2 1776/3248/2
f 1771/1296/412 1769/3250/412 1775/3249/412
f 1775/3249/412 1776/1295/412 1771/1296/412
f 1774/3254/413 1772/3252/413 1771/3251/413
f 1771/3251/413 1776/3253/413 1774/3254/413
f 1770/3258/414 1773/3256/414 1775/3255/414
f 1775/3255/414 1769/3257/414 1770/3258/414
f 1780/3262/4 1778/3260/4 1777/3259/4
f 1777/3259/4 1779/3261/4 1780/3262/4
f 1782/1288/131 1781/3244/131 1778/3243/131
f 1778/3243/131 1780/1287/131 1782/1288/131
f 1784/3266/2 1783/3264/2 1781/3263/2
f 1781/3263/2 1782/3265/2 1784/3266/2
f 1779/1296/132 1777/3250/132 1783/3249/132
f 1783/3249/132 1784/1295/132 1779/1296/132
f 1782/3254/130 1780/3252/130 1779/3251/130
f 1779/3251/130 1784/3253/130 1782/3254/130
f 1778/3258/129 1781/3256/129 1783/3255/129
f 1783/3255/129 1777/3257/129 1778/3258/129

usemtl Negro_JD
f 1023/2187/5 1022/2186/5 1021/2185/5
f 1025/2189/5 1026/2190/5 1022/2186/5
f 1027/2191/5 1025/2189/5 1024/2188/5
f 1030/2194/5 1025/2189/5 1029/2193/5
f 1033/2197/5 1032/2196/5 1031/2195/5
f 1037/2201/5 1032/2196/5 1036/2200/5
f 1027/2191/5 1024/2188/5 1032/2196/5
f 1023/2187/5 1034/2198/5 1035/2199/5
f 1339/2692/6 1348/2695/6 1352/2693/6
f 1347/2688/6 1348/2695/6 1339/2692/6
f 1343/2690/6 1347/2688/6 1339/2692/6
f 1343/2690/6 1344/2689/6 1347/2688/6
f 1343/2690/6 1339/2692/6 1340/2691/6
f 1348/2695/6 1351/2694/6 1352/2693/6
f 1354/2702/5 1353/2701/5 1350/2700/5
f 1342/2696/5 1341/2451/5 1345/2697/5
f 1349/2699/5 1346/2698/5 1345/2697/5
f 1341/2451/5 1349/2699/5 1345/2697/5
f 1341/2451/5 1350/2700/5 1349/2699/5
f 1354/2702/5 1350/2700/5 1341/2451/5
f 1673/3031/4 1661/3030/4 1662/3029/4
f 1674/3034/2 1664/3033/2 1663/3032/2
f 1673/3035/4 1665/280/4 1661/279/4
f 1674/3036/2 1663/284/2 1666/283/2
f 1673/3039/4 1667/3038/4 1665/3037/4
f 1674/3042/2 1666/3041/2 1668/3040/2
f 1673/3045/4 1669/3044/4 1667/3043/4
f 1674/3048/2 1668/3047/2 1670/3046/2
f 1673/3035/4 1671/304/4 1669/303/4
f 1674/3036/2 1670/308/2 1672/307/2
f 1673/3051/4 1662/3050/4 1671/3049/4
f 1674/3054/2 1672/3053/2 1664/3052/2
f 1723/3031/4 1711/3030/4 1712/3029/4
f 1724/3034/2 1714/3033/2 1713/3032/2
f 1723/3035/4 1715/280/4 1711/279/4
f 1724/3036/2 1713/284/2 1716/283/2
f 1723/3039/4 1717/3038/4 1715/3037/4
f 1724/3042/2 1716/3041/2 1718/3040/2
f 1723/3045/4 1719/3044/4 1717/3043/4
f 1724/3048/2 1718/3047/2 1720/3046/2
f 1723/3035/4 1721/304/4 1719/303/4
f 1724/3036/2 1720/308/2 1722/307/2
f 1723/3051/4 1712/3050/4 1721/3049/4
f 1724/3054/2 1722/3053/2 1714/3052/2
f 20/52/1 18/50/1 17/49/1
f 17/49/1 19/51/1 20/52/1
f 22/56/5 21/54/5 18/53/5
f 18/53/5 20/55/5 22/56/5
f 24/60/3 23/58/3 21/57/3
f 21/57/3 22/59/3 24/60/3
f 19/64/6 17/62/6 23/61/6
f 23/61/6 24/63/6 19/64/6
f 22/68/4 20/66/4 19/65/4
f 19/65/4 24/67/4 22/68/4
f 18/72/2 21/70/2 23/69/2
f 23/69/2 17/71/2 18/72/2
f 36/100/2 34/98/2 33/97/11
f 33/97/11 35/99/11 36/100/2
f 40/104/12 38/102/12 37/101/4
f 37/101/4 39/103/4 40/104/12
f 35/108/11 33/106/11 41/105/13
f 41/105/13 42/107/13 35/108/11
f 44/112/14 43/110/14 38/109/12
f 38/109/12 40/111/12 44/112/14
f 42/116/13 41/114/13 45/113/15
f 45/113/15 46/115/15 42/116/13
f 48/120/16 47/118/16 43/117/14
f 43/117/14 44/119/14 48/120/16
f 46/124/15 45/122/15 49/121/17
f 49/121/17 50/123/17 46/124/15
f 52/128/18 51/126/18 47/125/16
f 47/125/16 48/127/16 52/128/18
f 50/132/17 49/130/17 53/129/4
f 53/129/4 54/131/4 50/132/17
f 56/136/2 55/134/2 51/133/18
f 51/133/18 52/135/18 56/136/2
f 54/140/4 53/138/4 57/137/19
f 57/137/19 58/139/19 54/140/4
f 60/144/20 59/142/20 55/141/2
f 55/141/2 56/143/2 60/144/20
f 58/148/19 57/146/19 61/145/21
f 61/145/21 62/147/21 58/148/19
f 64/152/22 63/150/22 59/149/20
f 59/149/20 60/151/20 64/152/22
f 62/156/21 61/154/21 65/153/23
f 65/153/23 66/155/23 62/156/21
f 68/160/24 67/158/24 63/157/22
f 63/157/22 64/159/22 68/160/24
f 66/164/23 65/162/23 69/161/25
f 69/161/25 70/163/25 66/164/23
f 72/168/26 71/166/26 67/165/24
f 67/165/24 68/167/24 72/168/26
f 70/172/25 69/170/25 34/169/2
f 34/169/2 36/171/2 70/172/25
f 39/176/4 37/174/4 71/173/26
f 71/173/26 72/175/26 39/176/4
f 38/180/3 33/178/3 34/177/3
f 34/177/3 37/179/3 38/180/3
f 39/184/1 36/182/1 35/181/1
f 35/181/1 40/183/1 39/184/1
f 43/186/3 41/185/3 33/178/3
f 33/178/3 38/180/3 43/186/3
f 40/183/1 35/181/1 42/187/1
f 42/187/1 44/188/1 40/183/1
f 47/190/3 45/189/3 41/185/3
f 41/185/3 43/186/3 47/190/3
f 44/188/1 42/187/1 46/191/1
f 46/191/1 48/192/1 44/188/1
f 51/194/3 49/193/3 45/189/3
f 45/189/3 47/190/3 51/194/3
f 48/192/1 46/191/1 50/195/1
f 50/195/1 52/196/1 48/192/1
f 55/198/3 53/197/3 49/193/3
f 49/193/3 51/194/3 55/198/3
f 52/196/1 50/195/1 54/199/1
f 54/199/1 56/200/1 52/196/1
f 59/204/3 57/202/3 53/201/3
f 53/201/3 55/203/3 59/204/3
f 56/208/1 54/206/1 58/205/1
f 58/205/1 60/207/1 56/208/1
f 63/210/3 61/209/3 57/202/3
f 57/202/3 59/204/3 63/210/3
f 60/207/1 58/205/1 62/211/1
f 62/211/1 64/212/1 60/207/1
f 67/214/3 65/213/3 61/209/3
f 61/209/3 63/210/3 67/214/3
f 64/212/1 62/211/1 66/215/1
f 66/215/1 68/216/1 64/212/1
f 71/218/3 69/217/3 65/213/3
f 65/213/3 67/214/3 71/218/3
f 68/216/1 66/215/1 70/219/1
f 70/219/1 72/220/1 68/216/1
f 37/222/3 34/221/3 69/217/3
f 69/217/3 71/218/3 37/222/3
f 72/220/1 70/219/1 36/223/1
f 36/223/1 39/224/1 72/220/1
f 76/228/3 74/226/3 73/225/27
f 73/225/27 75/227/27 76/228/3
f 80/232/28 78/230/28 77/229/1
f 77/229/1 79/231/1 80/232/28
f 75/236/27 73/234/27 81/233/29
f 81/233/29 82/235/29 75/236/27
f 84/240/30 83/238/30 78/237/28
f 78/237/28 80/239/28 84/240/30
f 82/244/29 81/242/29 85/241/1
f 85/241/1 86/243/1 82/244/29
f 88/248/3 87/246/3 83/245/30
f 83/245/30 84/247/30 88/248/3
f 86/252/1 85/250/1 89/249/28
f 89/249/28 90/251/28 86/252/1
f 92/256/27 91/254/27 87/253/3
f 87/253/3 88/255/3 92/256/27
f 90/260/28 89/258/28 93/257/30
f 93/257/30 94/259/30 90/260/28
f 96/264/29 95/262/29 91/261/27
f 91/261/27 92/263/27 96/264/29
f 94/268/30 93/266/30 74/265/3
f 74/265/3 76/267/3 94/268/30
f 79/168/1 77/166/1 95/269/29
f 95/269/29 96/270/29 79/168/1
f 78/274/4 73/272/4 74/271/4
f 74/271/4 77/273/4 78/274/4
f 79/278/2 76/276/2 75/275/2
f 75/275/2 80/277/2 79/278/2
f 83/282/4 81/280/4 73/279/4
f 73/279/4 78/281/4 83/282/4
f 80/286/2 75/284/2 82/283/2
f 82/283/2 84/285/2 80/286/2
f 87/290/4 85/288/4 81/287/4
f 81/287/4 83/289/4 87/290/4
f 84/294/2 82/292/2 86/291/2
f 86/291/2 88/293/2 84/294/2
f 91/298/4 89/296/4 85/295/4
f 85/295/4 87/297/4 91/298/4
f 88/302/2 86/300/2 90/299/2
f 90/299/2 92/301/2 88/302/2
f 95/306/4 93/304/4 89/303/4
f 89/303/4 91/305/4 95/306/4
f 92/310/2 90/308/2 94/307/2
f 94/307/2 96/309/2 92/310/2
f 77/314/4 74/312/4 93/311/4
f 93/311/4 95/313/4 77/314/4
f 96/318/2 94/316/2 76/315/2
f 76/315/2 79/317/2 96/318/2
f 196/100/2 194/98/2 193/97/11
f 193/97/11 195/99/11 196/100/2
f 200/104/12 198/102/12 197/101/4
f 197/101/4 199/103/4 200/104/12
f 195/108/11 193/106/11 201/105/13
f 201/105/13 202/107/13 195/108/11
f 204/112/14 203/110/14 198/109/12
f 198/109/12 200/111/12 204/112/14
f 202/116/13 201/114/13 205/113/15
f 205/113/15 206/115/15 202/116/13
f 208/120/16 207/118/16 203/117/14
f 203/117/14 204/119/14 208/120/16
f 206/124/15 205/122/15 209/121/17
f 209/121/17 210/123/17 206/124/15
f 212/128/18 211/126/18 207/125/16
f 207/125/16 208/127/16 212/128/18
f 210/132/17 209/130/17 213/129/4
f 213/129/4 214/131/4 210/132/17
f 216/136/2 215/134/2 211/133/18
f 211/133/18 212/135/18 216/136/2
f 214/140/4 213/138/4 217/137/19
f 217/137/19 218/139/19 214/140/4
f 220/144/20 219/142/20 215/141/2
f 215/141/2 216/143/2 220/144/20
f 218/148/19 217/146/19 221/145/21
f 221/145/21 222/147/21 218/148/19
f 224/152/22 223/150/22 219/149/20
f 219/149/20 220/151/20 224/152/22
f 222/156/21 221/154/21 225/153/23
f 225/153/23 226/155/23 222/156/21
f 228/160/24 227/158/24 223/157/22
f 223/157/22 224/159/22 228/160/24
f 226/164/23 225/162/23 229/161/25
f 229/161/25 230/163/25 226/164/23
f 232/168/26 231/166/26 227/165/24
f 227/165/24 228/167/24 232/168/26
f 230/172/25 229/170/25 194/169/2
f 194/169/2 196/171/2 230/172/25
f 199/176/4 197/174/4 231/173/26
f 231/173/26 232/175/26 199/176/4
f 198/180/3 193/178/3 194/177/3
f 194/177/3 197/179/3 198/180/3
f 199/184/1 196/182/1 195/181/1
f 195/181/1 200/183/1 199/184/1
f 203/186/3 201/185/3 193/178/3
f 193/178/3 198/180/3 203/186/3
f 200/183/1 195/181/1 202/187/1
f 202/187/1 204/188/1 200/183/1
f 207/190/3 205/189/3 201/185/3
f 201/185/3 203/186/3 207/190/3
f 204/188/1 202/187/1 206/191/1
f 206/191/1 208/192/1 204/188/1
f 211/194/3 209/193/3 205/189/3
f 205/189/3 207/190/3 211/194/3
f 208/192/1 206/191/1 210/195/1
f 210/195/1 212/196/1 208/192/1
f 215/198/3 213/197/3 209/193/3
f 209/193/3 211/194/3 215/198/3
f 212/196/1 210/195/1 214/199/1
f 214/199/1 216/200/1 212/196/1
f 219/204/3 217/202/3 213/201/3
f 213/201/3 215/203/3 219/204/3
f 216/208/1 214/206/1 218/205/1
f 218/205/1 220/207/1 216/208/1
f 223/210/3 221/209/3 217/202/3
f 217/202/3 219/204/3 223/210/3
f 220/207/1 218/205/1 222/211/1
f 222/211/1 224/212/1 220/207/1
f 227/214/3 225/213/3 221/209/3
f 221/209/3 223/210/3 227/214/3
f 224/212/1 222/211/1 226/215/1
f 226/215/1 228/216/1 224/212/1
f 231/218/3 229/217/3 225/213/3
f 225/213/3 227/214/3 231/218/3
f 228/216/1 226/215/1 230/219/1
f 230/219/1 232/220/1 228/216/1
f 197/222/3 194/221/3 229/217/3
f 229/217/3 231/218/3 197/222/3
f 232/220/1 230/219/1 196/223/1
f 196/223/1 199/224/1 232/220/1
f 236/100/2 234/98/2 233/97/11
f 233/97/11 235/99/11 236/100/2
f 240/104/12 238/102/12 237/101/4
f 237/101/4 239/103/4 240/104/12
f 235/108/11 233/106/11 241/105/13
f 241/105/13 242/107/13 235/108/11
f 244/112/14 243/110/14 238/109/12
f 238/109/12 240/111/12 244/112/14
f 242/116/13 241/114/13 245/113/15
f 245/113/15 246/115/15 242/116/13
f 248/120/16 247/118/16 243/117/14
f 243/117/14 244/119/14 248/120/16
f 246/124/15 245/122/15 249/121/17
f 249/121/17 250/123/17 246/124/15
f 252/128/18 251/126/18 247/125/16
f 247/125/16 248/127/16 252/128/18
f 250/132/17 249/130/17 253/129/4
f 253/129/4 254/131/4 250/132/17
f 256/136/2 255/134/2 251/133/18
f 251/133/18 252/135/18 256/136/2
f 254/140/4 253/138/4 257/137/19
f 257/137/19 258/139/19 254/140/4
f 260/144/20 259/142/20 255/141/2
f 255/141/2 256/143/2 260/144/20
f 258/148/19 257/146/19 261/145/21
f 261/145/21 262/147/21 258/148/19
f 264/152/22 263/150/22 259/149/20
f 259/149/20 260/151/20 264/152/22
f 262/156/21 261/154/21 265/153/23
f 265/153/23 266/155/23 262/156/21
f 268/160/24 267/158/24 263/157/22
f 263/157/22 264/159/22 268/160/24
f 266/164/23 265/162/23 269/161/25
f 269/161/25 270/163/25 266/164/23
f 272/168/26 271/166/26 267/165/24
f 267/165/24 268/167/24 272/168/26
f 270/172/25 269/170/25 234/169/2
f 234/169/2 236/171/2 270/172/25
f 239/176/4 237/174/4 271/173/26
f 271/173/26 272/175/26 239/176/4
f 238/180/3 233/178/3 234/177/3
f 234/177/3 237/179/3 238/180/3
f 239/184/1 236/182/1 235/181/1
f 235/181/1 240/183/1 239/184/1
f 243/186/3 241/185/3 233/178/3
f 233/178/3 238/180/3 243/186/3
f 240/183/1 235/181/1 242/187/1
f 242/187/1 244/188/1 240/183/1
f 247/190/3 245/189/3 241/185/3
f 241/185/3 243/186/3 247/190/3
f 244/188/1 242/187/1 246/191/1
f 246/191/1 248/192/1 244/188/1
f 251/194/3 249/193/3 245/189/3
f 245/189/3 247/190/3 251/194/3
f 248/192/1 246/191/1 250/195/1
f 250/195/1 252/196/1 248/192/1
f 255/198/3 253/197/3 249/193/3
f 249/193/3 251/194/3 255/198/3
f 252/196/1 250/195/1 254/199/1
f 254/199/1 256/200/1 252/196/1
f 259/204/3 257/202/3 253/201/3
f 253/201/3 255/203/3 259/204/3
f 256/208/1 254/206/1 258/205/1
f 258/205/1 260/207/1 256/208/1
f 263/210/3 261/209/3 257/202/3
f 257/202/3 259/204/3 263/210/3
f 260/207/1 258/205/1 262/211/1
f 262/211/1 264/212/1 260/207/1
f 267/214/3 265/213/3 261/209/3
f 261/209/3 263/210/3 267/214/3
f 264/212/1 262/211/1 266/215/1
f 266/215/1 268/216/1 264/212/1
f 271/218/3 269/217/3 265/213/3
f 265/213/3 267/214/3 271/218/3
f 268/216/1 266/215/1 270/219/1
f 270/219/1 272/220/1 268/216/1
f 237/222/3 234/221/3 269/217/3
f 269/217/3 271/218/3 237/222/3
f 272/220/1 270/219/1 236/223/1
f 236/223/1 239/224/1 272/220/1
f 284/740/1 282/738/1 281/737/1
f 281/737/1 283/739/1 284/740/1
f 286/744/2 285/742/2 282/741/2
f 282/741/2 284/743/2 286/744/2
f 288/748/3 287/746/3 285/745/3
f 285/745/3 286/747/3 288/748/3
f 283/752/4 281/750/4 287/749/4
f 287/749/4 288/751/4 283/752/4
f 286/756/5 284/754/5 283/753/5
f 283/753/5 288/755/5 286/756/5
f 282/760/6 285/758/6 287/757/6
f 287/757/6 281/759/6 282/760/6
f 308/740/1 306/738/1 305/737/1
f 305/737/1 307/739/1 308/740/1
f 310/744/2 309/742/2 306/741/2
f 306/741/2 308/743/2 310/744/2
f 312/748/3 311/746/3 309/745/3
f 309/745/3 310/747/3 312/748/3
f 307/752/4 305/750/4 311/749/4
f 311/749/4 312/751/4 307/752/4
f 310/756/5 308/754/5 307/753/5
f 307/753/5 312/755/5 310/756/5
f 306/760/6 309/758/6 311/757/6
f 311/757/6 305/759/6 306/760/6
f 316/816/3 314/814/3 313/813/117
f 313/813/117 315/815/117 316/816/3
f 320/820/118 318/818/118 317/817/1
f 317/817/1 319/819/1 320/820/118
f 315/824/117 313/822/117 321/821/119
f 321/821/119 322/823/119 315/824/117
f 324/828/120 323/826/120 318/825/118
f 318/825/118 320/827/118 324/828/120
f 322/832/119 321/830/119 325/829/6
f 325/829/6 326/831/6 322/832/119
f 328/836/5 327/834/5 323/833/120
f 323/833/120 324/835/120 328/836/5
f 326/840/6 325/838/6 329/837/121
f 329/837/121 330/839/121 326/840/6
f 332/844/122 331/842/122 327/841/5
f 327/841/5 328/843/5 332/844/122
f 330/848/121 329/846/121 333/845/123
f 333/845/123 334/847/123 330/848/121
f 336/852/124 335/850/124 331/849/122
f 331/849/122 332/851/122 336/852/124
f 334/856/123 333/854/123 337/853/1
f 337/853/1 338/855/1 334/856/123
f 340/860/3 339/858/3 335/857/124
f 335/857/124 336/859/124 340/860/3
f 338/864/1 337/862/1 341/861/125
f 341/861/125 342/863/125 338/864/1
f 344/868/126 343/866/126 339/865/3
f 339/865/3 340/867/3 344/868/126
f 342/872/125 341/870/125 345/869/120
f 345/869/120 346/871/120 342/872/125
f 348/876/119 347/874/119 343/873/126
f 343/873/126 344/875/126 348/876/119
f 346/880/120 345/878/120 349/877/5
f 349/877/5 350/879/5 346/880/120
f 352/884/6 351/882/6 347/881/119
f 347/881/119 348/883/119 352/884/6
f 350/888/5 349/886/5 353/885/122
f 353/885/122 354/887/122 350/888/5
f 356/892/121 355/890/121 351/889/6
f 351/889/6 352/891/6 356/892/121
f 354/896/122 353/894/122 357/893/127
f 357/893/127 358/895/127 354/896/122
f 360/900/128 359/898/128 355/897/121
f 355/897/121 356/899/121 360/900/128
f 358/904/127 357/902/127 314/901/3
f 314/901/3 316/903/3 358/904/127
f 319/908/1 317/906/1 359/905/128
f 359/905/128 360/907/128 319/908/1
f 318/912/4 313/910/4 314/909/4
f 314/909/4 317/911/4 318/912/4
f 319/916/2 316/914/2 315/913/2
f 315/913/2 320/915/2 319/916/2
f 323/920/4 321/918/4 313/917/4
f 313/917/4 318/919/4 323/920/4
f 320/924/2 315/922/2 322/921/2
f 322/921/2 324/923/2 320/924/2
f 327/928/4 325/926/4 321/925/4
f 321/925/4 323/927/4 327/928/4
f 324/932/2 322/930/2 326/929/2
f 326/929/2 328/931/2 324/932/2
f 331/935/4 329/934/4 325/933/4
f 325/933/4 327/928/4 331/935/4
f 328/931/2 326/937/2 330/936/2
f 330/936/2 332/938/2 328/931/2
f 335/942/4 333/940/4 329/939/4
f 329/939/4 331/941/4 335/942/4
f 332/946/2 330/944/2 334/943/2
f 334/943/2 336/945/2 332/946/2
f 339/950/4 337/948/4 333/947/4
f 333/947/4 335/949/4 339/950/4
f 336/954/2 334/952/2 338/951/2
f 338/951/2 340/953/2 336/954/2
f 343/958/4 341/956/4 337/955/4
f 337/955/4 339/957/4 343/958/4
f 340/962/2 338/960/2 342/959/2
f 342/959/2 344/961/2 340/962/2
f 347/966/4 345/964/4 341/963/4
f 341/963/4 343/965/4 347/966/4
f 344/970/2 342/968/2 346/967/2
f 346/967/2 348/969/2 344/970/2
f 351/974/4 349/972/4 345/971/4
f 345/971/4 347/973/4 351/974/4
f 348/978/2 346/976/2 350/975/2
f 350/975/2 352/977/2 348/978/2
f 355/981/4 353/980/4 349/979/4
f 349/979/4 351/974/4 355/981/4
f 352/977/2 350/983/2 354/982/2
f 354/982/2 356/984/2 352/977/2
f 359/988/4 357/986/4 353/985/4
f 353/985/4 355/987/4 359/988/4
f 356/992/2 354/990/2 358/989/2
f 358/989/2 360/991/2 356/992/2
f 317/996/4 314/994/4 357/993/4
f 357/993/4 359/995/4 317/996/4
f 360/1000/2 358/998/2 316/997/2
f 316/997/2 319/999/2 360/1000/2
f 372/816/3 370/814/3 369/813/117
f 369/813/117 371/815/117 372/816/3
f 376/820/118 374/818/118 373/817/1
f 373/817/1 375/819/1 376/820/118
f 371/824/117 369/822/117 377/821/119
f 377/821/119 378/823/119 371/824/117
f 380/828/120 379/826/120 374/825/118
f 374/825/118 376/827/118 380/828/120
f 378/832/119 377/830/119 381/829/6
f 381/829/6 382/831/6 378/832/119
f 384/836/5 383/834/5 379/833/120
f 379/833/120 380/835/120 384/836/5
f 382/840/6 381/838/6 385/837/121
f 385/837/121 386/839/121 382/840/6
f 388/844/122 387/842/122 383/841/5
f 383/841/5 384/843/5 388/844/122
f 386/848/121 385/846/121 389/845/123
f 389/845/123 390/847/123 386/848/121
f 392/852/124 391/850/124 387/849/122
f 387/849/122 388/851/122 392/852/124
f 390/856/123 389/854/123 393/853/1
f 393/853/1 394/855/1 390/856/123
f 396/860/3 395/858/3 391/857/124
f 391/857/124 392/859/124 396/860/3
f 394/864/1 393/862/1 397/861/125
f 397/861/125 398/863/125 394/864/1
f 400/868/126 399/866/126 395/865/3
f 395/865/3 396/867/3 400/868/126
f 398/872/125 397/870/125 401/869/120
f 401/869/120 402/871/120 398/872/125
f 404/876/119 403/874/119 399/873/126
f 399/873/126 400/875/126 404/876/119
f 402/880/120 401/878/120 405/877/5
f 405/877/5 406/879/5 402/880/120
f 408/884/6 407/882/6 403/881/119
f 403/881/119 404/883/119 408/884/6
f 406/888/5 405/886/5 409/885/122
f 409/885/122 410/887/122 406/888/5
f 412/892/121 411/890/121 407/889/6
f 407/889/6 408/891/6 412/892/121
f 410/896/122 409/894/122 413/893/127
f 413/893/127 414/895/127 410/896/122
f 416/900/128 415/898/128 411/897/121
f 411/897/121 412/899/121 416/900/128
f 414/904/127 413/902/127 370/901/3
f 370/901/3 372/903/3 414/904/127
f 375/908/1 373/906/1 415/905/128
f 415/905/128 416/907/128 375/908/1
f 374/912/4 369/910/4 370/909/4
f 370/909/4 373/911/4 374/912/4
f 375/916/2 372/914/2 371/913/2
f 371/913/2 376/915/2 375/916/2
f 379/920/4 377/918/4 369/917/4
f 369/917/4 374/919/4 379/920/4
f 376/924/2 371/922/2 378/921/2
f 378/921/2 380/923/2 376/924/2
f 383/928/4 381/926/4 377/925/4
f 377/925/4 379/927/4 383/928/4
f 380/932/2 378/930/2 382/929/2
f 382/929/2 384/931/2 380/932/2
f 387/935/4 385/934/4 381/933/4
f 381/933/4 383/928/4 387/935/4
f 384/931/2 382/937/2 386/936/2
f 386/936/2 388/938/2 384/931/2
f 391/942/4 389/940/4 385/939/4
f 385/939/4 387/941/4 391/942/4
f 388/946/2 386/944/2 390/943/2
f 390/943/2 392/945/2 388/946/2
f 395/950/4 393/948/4 389/947/4
f 389/947/4 391/949/4 395/950/4
f 392/954/2 390/952/2 394/951/2
f 394/951/2 396/953/2 392/954/2
f 399/958/4 397/956/4 393/955/4
f 393/955/4 395/957/4 399/958/4
f 396/962/2 394/960/2 398/959/2
f 398/959/2 400/961/2 396/962/2
f 403/966/4 401/964/4 397/963/4
f 397/963/4 399/965/4 403/966/4
f 400/970/2 398/968/2 402/967/2
f 402/967/2 404/969/2 400/970/2
f 407/974/4 405/972/4 401/971/4
f 401/971/4 403/973/4 407/974/4
f 404/978/2 402/976/2 406/975/2
f 406/975/2 408/977/2 404/978/2
f 411/981/4 409/980/4 405/979/4
f 405/979/4 407/974/4 411/981/4
f 408/977/2 406/983/2 410/982/2
f 410/982/2 412/984/2 408/977/2
f 415/988/4 413/986/4 409/985/4
f 409/985/4 411/987/4 415/988/4
f 412/992/2 410/990/2 414/989/2
f 414/989/2 416/991/2 412/992/2
f 373/996/4 370/994/4 413/993/4
f 413/993/4 415/995/4 373/996/4
f 416/1000/2 414/998/2 372/997/2
f 372/997/2 375/999/2 416/1000/2
f 1022/2186/5 1023/2187/5 1024/2188/5
f 1024/2188/5 1025/2189/5 1022/2186/5
f 1025/2189/5 1027/2191/5 1028/2192/5
f 1028/2192/5 1029/2193/5 1025/2189/5
f 1031/2195/5 1032/2196/5 1034/2198/5
f 1034/2198/5 1023/2187/5 1031/2195/5
f 1032/2196/5 1024/2188/5 1035/2199/5
f 1035/2199/5 1034/2198/5 1032/2196/5
f 1028/2192/5 1027/2191/5 1032/2196/5
f 1032/2196/5 1037/2201/5 1028/2192/5
f 1033/2197/5 1031/2195/5 1038/2202/5
f 1038/2202/5 1039/2203/5 1033/2197/5
f 1021/2185/5 1038/2202/5 1031/2195/5
f 1031/2195/5 1023/2187/5 1021/2185/5
f 1164/816/3 1162/814/3 1161/813/117
f 1161/813/117 1163/815/117 1164/816/3
f 1168/820/118 1166/818/118 1165/817/1
f 1165/817/1 1167/819/1 1168/820/118
f 1163/824/117 1161/822/117 1169/821/119
f 1169/821/119 1170/823/119 1163/824/117
f 1172/828/120 1171/826/120 1166/825/118
f 1166/825/118 1168/827/118 1172/828/120
f 1170/832/119 1169/830/119 1173/829/6
f 1173/829/6 1174/831/6 1170/832/119
f 1176/836/5 1175/834/5 1171/833/120
f 1171/833/120 1172/835/120 1176/836/5
f 1174/840/6 1173/838/6 1177/837/121
f 1177/837/121 1178/839/121 1174/840/6
f 1180/844/122 1179/842/122 1175/841/5
f 1175/841/5 1176/843/5 1180/844/122
f 1178/848/121 1177/846/121 1181/845/123
f 1181/845/123 1182/847/123 1178/848/121
f 1184/852/124 1183/850/124 1179/849/122
f 1179/849/122 1180/851/122 1184/852/124
f 1182/856/123 1181/854/123 1185/853/1
f 1185/853/1 1186/855/1 1182/856/123
f 1188/860/3 1187/858/3 1183/857/124
f 1183/857/124 1184/859/124 1188/860/3
f 1186/864/1 1185/862/1 1189/861/125
f 1189/861/125 1190/863/125 1186/864/1
f 1192/868/126 1191/866/126 1187/865/3
f 1187/865/3 1188/867/3 1192/868/126
f 1190/872/125 1189/870/125 1193/869/120
f 1193/869/120 1194/871/120 1190/872/125
f 1196/876/119 1195/874/119 1191/873/126
f 1191/873/126 1192/875/126 1196/876/119
f 1194/880/120 1193/878/120 1197/877/5
f 1197/877/5 1198/879/5 1194/880/120
f 1200/884/6 1199/882/6 1195/881/119
f 1195/881/119 1196/883/119 1200/884/6
f 1198/888/5 1197/886/5 1201/885/122
f 1201/885/122 1202/887/122 1198/888/5
f 1204/892/121 1203/890/121 1199/889/6
f 1199/889/6 1200/891/6 1204/892/121
f 1202/896/122 1201/894/122 1205/893/127
f 1205/893/127 1206/895/127 1202/896/122
f 1208/900/128 1207/898/128 1203/897/121
f 1203/897/121 1204/899/121 1208/900/128
f 1206/904/127 1205/902/127 1162/901/3
f 1162/901/3 1164/903/3 1206/904/127
f 1167/908/1 1165/906/1 1207/905/128
f 1207/905/128 1208/907/128 1167/908/1
f 1166/912/4 1161/910/4 1162/909/4
f 1162/909/4 1165/911/4 1166/912/4
f 1167/916/2 1164/914/2 1163/913/2
f 1163/913/2 1168/915/2 1167/916/2
f 1171/920/4 1169/918/4 1161/917/4
f 1161/917/4 1166/919/4 1171/920/4
f 1168/924/2 1163/922/2 1170/921/2
f 1170/921/2 1172/923/2 1168/924/2
f 1175/928/4 1173/926/4 1169/925/4
f 1169/925/4 1171/927/4 1175/928/4
f 1172/932/2 1170/930/2 1174/929/2
f 1174/929/2 1176/931/2 1172/932/2
f 1179/935/4 1177/934/4 1173/933/4
f 1173/933/4 1175/928/4 1179/935/4
f 1176/931/2 1174/937/2 1178/936/2
f 1178/936/2 1180/938/2 1176/931/2
f 1183/942/4 1181/940/4 1177/939/4
f 1177/939/4 1179/941/4 1183/942/4
f 1180/946/2 1178/944/2 1182/943/2
f 1182/943/2 1184/945/2 1180/946/2
f 1187/950/4 1185/948/4 1181/947/4
f 1181/947/4 1183/949/4 1187/950/4
f 1184/954/2 1182/952/2 1186/951/2
f 1186/951/2 1188/953/2 1184/954/2
f 1191/958/4 1189/956/4 1185/955/4
f 1185/955/4 1187/957/4 1191/958/4
f 1188/962/2 1186/960/2 1190/959/2
f 1190/959/2 1192/961/2 1188/962/2
f 1195/966/4 1193/964/4 1189/963/4
f 1189/963/4 1191/965/4 1195/966/4
f 1192/970/2 1190/968/2 1194/967/2
f 1194/967/2 1196/969/2 1192/970/2
f 1199/974/4 1197/972/4 1193/971/4
f 1193/971/4 1195/973/4 1199/974/4
f 1196/978/2 1194/976/2 1198/975/2
f 1198/975/2 1200/977/2 1196/978/2
f 1203/981/4 1201/980/4 1197/979/4
f 1197/979/4 1199/974/4 1203/981/4
f 1200/977/2 1198/983/2 1202/982/2
f 1202/982/2 1204/984/2 1200/977/2
f 1207/988/4 1205/986/4 1201/985/4
f 1201/985/4 1203/987/4 1207/988/4
f 1204/992/2 1202/990/2 1206/989/2
f 1206/989/2 1208/991/2 1204/992/2
f 1165/996/4 1162/994/4 1205/993/4
f 1205/993/4 1207/995/4 1165/996/4
f 1208/1000/2 1206/998/2 1164/997/2
f 1164/997/2 1167/999/2 1208/1000/2
f 1212/740/1 1210/738/1 1209/737/1
f 1209/737/1 1211/739/1 1212/740/1
f 1214/744/2 1213/742/2 1210/741/2
f 1210/741/2 1212/743/2 1214/744/2
f 1216/748/3 1215/746/3 1213/745/3
f 1213/745/3 1214/747/3 1216/748/3
f 1211/752/4 1209/750/4 1215/749/4
f 1215/749/4 1216/751/4 1211/752/4
f 1214/756/5 1212/754/5 1211/753/5
f 1211/753/5 1216/755/5 1214/756/5
f 1210/760/6 1213/758/6 1215/757/6
f 1215/757/6 1209/759/6 1210/760/6
f 1228/228/3 1226/226/3 1225/225/27
f 1225/225/27 1227/227/27 1228/228/3
f 1232/232/28 1230/230/28 1229/229/1
f 1229/229/1 1231/231/1 1232/232/28
f 1227/236/27 1225/234/27 1233/233/29
f 1233/233/29 1234/235/29 1227/236/27
f 1236/240/30 1235/238/30 1230/237/28
f 1230/237/28 1232/239/28 1236/240/30
f 1234/244/29 1233/242/29 1237/241/1
f 1237/241/1 1238/243/1 1234/244/29
f 1240/248/3 1239/246/3 1235/245/30
f 1235/245/30 1236/247/30 1240/248/3
f 1238/252/1 1237/250/1 1241/249/28
f 1241/249/28 1242/251/28 1238/252/1
f 1244/256/27 1243/254/27 1239/253/3
f 1239/253/3 1240/255/3 1244/256/27
f 1242/260/28 1241/258/28 1245/257/30
f 1245/257/30 1246/259/30 1242/260/28
f 1248/264/29 1247/262/29 1243/261/27
f 1243/261/27 1244/263/27 1248/264/29
f 1246/268/30 1245/266/30 1226/265/3
f 1226/265/3 1228/267/3 1246/268/30
f 1231/168/1 1229/166/1 1247/269/29
f 1247/269/29 1248/270/29 1231/168/1
f 1230/274/4 1225/272/4 1226/271/4
f 1226/271/4 1229/273/4 1230/274/4
f 1231/278/2 1228/276/2 1227/275/2
f 1227/275/2 1232/277/2 1231/278/2
f 1235/282/4 1233/280/4 1225/279/4
f 1225/279/4 1230/281/4 1235/282/4
f 1232/286/2 1227/284/2 1234/283/2
f 1234/283/2 1236/285/2 1232/286/2
f 1239/290/4 1237/288/4 1233/287/4
f 1233/287/4 1235/289/4 1239/290/4
f 1236/294/2 1234/292/2 1238/291/2
f 1238/291/2 1240/293/2 1236/294/2
f 1243/298/4 1241/296/4 1237/295/4
f 1237/295/4 1239/297/4 1243/298/4
f 1240/302/2 1238/300/2 1242/299/2
f 1242/299/2 1244/301/2 1240/302/2
f 1247/306/4 1245/304/4 1241/303/4
f 1241/303/4 1243/305/4 1247/306/4
f 1244/310/2 1242/308/2 1246/307/2
f 1246/307/2 1248/309/2 1244/310/2
f 1229/314/4 1226/312/4 1245/311/4
f 1245/311/4 1247/313/4 1229/314/4
f 1248/318/2 1246/316/2 1228/315/2
f 1228/315/2 1231/317/2 1248/318/2
f 1252/2441/1 1250/2439/1 1249/2438/1
f 1249/2438/1 1251/2440/1 1252/2441/1
f 1254/2445/2 1253/2443/2 1250/2442/2
f 1250/2442/2 1252/2444/2 1254/2445/2
f 1256/2449/3 1255/2447/3 1253/2446/3
f 1253/2446/3 1254/2448/3 1256/2449/3
f 1251/2453/4 1249/2451/4 1255/2450/4
f 1255/2450/4 1256/2452/4 1251/2453/4
f 1254/2457/5 1252/2455/5 1251/2454/5
f 1251/2454/5 1256/2456/5 1254/2457/5
f 1250/2461/6 1253/2459/6 1255/2458/6
f 1255/2458/6 1249/2460/6 1250/2461/6
f 1274/2441/321 1272/2439/321 1271/2438/321
f 1271/2438/321 1273/2440/321 1274/2441/321
f 1276/2497/2 1275/2495/2 1272/2494/2
f 1272/2494/2 1274/2496/2 1276/2497/2
f 1278/2449/322 1277/2447/322 1275/2446/322
f 1275/2446/322 1276/2448/322 1278/2449/322
f 1273/2501/4 1271/2499/4 1277/2498/4
f 1277/2498/4 1278/2500/4 1273/2501/4
f 1276/2457/323 1274/2455/323 1273/2454/323
f 1273/2454/323 1278/2456/323 1276/2457/323
f 1272/2461/324 1275/2459/324 1277/2458/324
f 1277/2458/324 1271/2460/324 1272/2461/324
f 1342/2659/1 1340/2657/1 1339/2656/1
f 1339/2656/1 1341/2658/1 1342/2659/1
f 1346/2663/2 1344/2661/2 1343/2660/2
f 1343/2660/2 1345/2662/2 1346/2663/2
f 1350/2667/3 1348/2665/3 1347/2664/3
f 1347/2664/3 1349/2666/3 1350/2667/3
f 1354/2671/4 1352/2669/4 1351/2668/4
f 1351/2668/4 1353/2670/4 1354/2671/4
f 1343/2674/375 1340/2672/375 1342/2673/375
f 1342/2673/375 1345/2675/375 1343/2674/375
f 1351/2678/376 1348/2676/376 1350/2677/376
f 1350/2677/376 1353/2679/376 1351/2678/376
f 1354/2682/377 1341/2680/377 1339/2681/377
f 1339/2681/377 1352/2683/377 1354/2682/377
f 1347/2686/378 1344/2684/378 1346/2685/378
f 1346/2685/378 1349/2687/378 1347/2686/378
f 1358/816/3 1356/814/3 1355/813/117
f 1355/813/117 1357/815/117 1358/816/3
f 1362/820/118 1360/818/118 1359/817/1
f 1359/817/1 1361/819/1 1362/820/118
f 1357/824/117 1355/822/117 1363/821/119
f 1363/821/119 1364/823/119 1357/824/117
f 1366/828/120 1365/826/120 1360/825/118
f 1360/825/118 1362/827/118 1366/828/120
f 1364/832/119 1363/830/119 1367/829/6
f 1367/829/6 1368/831/6 1364/832/119
f 1370/836/5 1369/834/5 1365/833/120
f 1365/833/120 1366/835/120 1370/836/5
f 1368/840/6 1367/838/6 1371/837/121
f 1371/837/121 1372/839/121 1368/840/6
f 1374/844/122 1373/842/122 1369/841/5
f 1369/841/5 1370/843/5 1374/844/122
f 1372/848/121 1371/846/121 1375/845/123
f 1375/845/123 1376/847/123 1372/848/121
f 1378/852/124 1377/850/124 1373/849/122
f 1373/849/122 1374/851/122 1378/852/124
f 1376/856/123 1375/854/123 1379/853/1
f 1379/853/1 1380/855/1 1376/856/123
f 1382/860/3 1381/858/3 1377/857/124
f 1377/857/124 1378/859/124 1382/860/3
f 1380/864/1 1379/862/1 1383/861/125
f 1383/861/125 1384/863/125 1380/864/1
f 1386/868/126 1385/866/126 1381/865/3
f 1381/865/3 1382/867/3 1386/868/126
f 1384/872/125 1383/870/125 1387/869/120
f 1387/869/120 1388/871/120 1384/872/125
f 1390/876/119 1389/874/119 1385/873/126
f 1385/873/126 1386/875/126 1390/876/119
f 1388/880/120 1387/878/120 1391/877/5
f 1391/877/5 1392/879/5 1388/880/120
f 1394/884/6 1393/882/6 1389/881/119
f 1389/881/119 1390/883/119 1394/884/6
f 1392/888/5 1391/886/5 1395/885/122
f 1395/885/122 1396/887/122 1392/888/5
f 1398/892/121 1397/890/121 1393/889/6
f 1393/889/6 1394/891/6 1398/892/121
f 1396/896/122 1395/894/122 1399/893/127
f 1399/893/127 1400/895/127 1396/896/122
f 1402/900/128 1401/898/128 1397/897/121
f 1397/897/121 1398/899/121 1402/900/128
f 1400/904/127 1399/902/127 1356/901/3
f 1356/901/3 1358/903/3 1400/904/127
f 1361/908/1 1359/906/1 1401/905/128
f 1401/905/128 1402/907/128 1361/908/1
f 1360/912/4 1355/910/4 1356/909/4
f 1356/909/4 1359/911/4 1360/912/4
f 1361/916/2 1358/914/2 1357/913/2
f 1357/913/2 1362/915/2 1361/916/2
f 1365/920/4 1363/918/4 1355/917/4
f 1355/917/4 1360/919/4 1365/920/4
f 1362/924/2 1357/922/2 1364/921/2
f 1364/921/2 1366/923/2 1362/924/2
f 1369/928/4 1367/926/4 1363/925/4
f 1363/925/4 1365/927/4 1369/928/4
f 1366/932/2 1364/930/2 1368/929/2
f 1368/929/2 1370/931/2 1366/932/2
f 1373/935/4 1371/934/4 1367/933/4
f 1367/933/4 1369/928/4 1373/935/4
f 1370/931/2 1368/937/2 1372/936/2
f 1372/936/2 1374/938/2 1370/931/2
f 1377/942/4 1375/940/4 1371/939/4
f 1371/939/4 1373/941/4 1377/942/4
f 1374/946/2 1372/944/2 1376/943/2
f 1376/943/2 1378/945/2 1374/946/2
f 1381/950/4 1379/948/4 1375/947/4
f 1375/947/4 1377/949/4 1381/950/4
f 1378/954/2 1376/952/2 1380/951/2
f 1380/951/2 1382/953/2 1378/954/2
f 1385/958/4 1383/956/4 1379/955/4
f 1379/955/4 1381/957/4 1385/958/4
f 1382/962/2 1380/960/2 1384/959/2
f 1384/959/2 1386/961/2 1382/962/2
f 1389/966/4 1387/964/4 1383/963/4
f 1383/963/4 1385/965/4 1389/966/4
f 1386/970/2 1384/968/2 1388/967/2
f 1388/967/2 1390/969/2 1386/970/2
f 1393/974/4 1391/972/4 1387/971/4
f 1387/971/4 1389/973/4 1393/974/4
f 1390/978/2 1388/976/2 1392/975/2
f 1392/975/2 1394/977/2 1390/978/2
f 1397/981/4 1395/980/4 1391/979/4
f 1391/979/4 1393/974/4 1397/981/4
f 1394/977/2 1392/983/2 1396/982/2
f 1396/982/2 1398/984/2 1394/977/2
f 1401/988/4 1399/986/4 1395/985/4
f 1395/985/4 1397/987/4 1401/988/4
f 1398/992/2 1396/990/2 1400/989/2
f 1400/989/2 1402/991/2 1398/992/2
f 1359/996/4 1356/994/4 1399/993/4
f 1399/993/4 1401/995/4 1359/996/4
f 1402/1000/2 1400/998/2 1358/997/2
f 1358/997/2 1361/999/2 1402/1000/2
f 1406/2706/3 1404/2704/3 1403/2703/117
f 1403/2703/117 1405/2705/117 1406/2706/3
f 1410/2710/379 1408/2708/379 1407/2707/1
f 1407/2707/1 1409/2709/1 1410/2710/379
f 1405/2714/117 1403/2712/117 1411/2711/119
f 1411/2711/119 1412/2713/119 1405/2714/117
f 1414/2718/120 1413/2716/120 1408/2715/379
f 1408/2715/379 1410/2717/379 1414/2718/120
f 1412/2722/119 1411/2720/119 1415/2719/6
f 1415/2719/6 1416/2721/6 1412/2722/119
f 1418/2726/5 1417/2724/5 1413/2723/120
f 1413/2723/120 1414/2725/120 1418/2726/5
f 1416/2730/6 1415/2728/6 1419/2727/121
f 1419/2727/121 1420/2729/121 1416/2730/6
f 1422/2734/122 1421/2732/122 1417/2731/5
f 1417/2731/5 1418/2733/5 1422/2734/122
f 1420/2738/121 1419/2736/121 1423/2735/123
f 1423/2735/123 1424/2737/123 1420/2738/121
f 1426/2742/380 1425/2740/380 1421/2739/122
f 1421/2739/122 1422/2741/122 1426/2742/380
f 1424/2746/123 1423/2744/123 1427/2743/1
f 1427/2743/1 1259/2745/1 1424/2746/123
f 1429/2750/3 1428/2748/3 1425/2747/380
f 1425/2747/380 1426/2749/380 1429/2750/3
f 1259/2754/1 1427/2752/1 1430/2751/125
f 1430/2751/125 1431/2753/125 1259/2754/1
f 1433/2758/381 1432/2756/381 1428/2755/3
f 1428/2755/3 1429/2757/3 1433/2758/381
f 1431/2762/125 1430/2760/125 1434/2759/120
f 1434/2759/120 1435/2761/120 1431/2762/125
f 1437/2766/119 1436/2764/119 1432/2763/381
f 1432/2763/381 1433/2765/381 1437/2766/119
f 1435/2770/120 1434/2768/120 1438/2767/5
f 1438/2767/5 1439/2769/5 1435/2770/120
f 1441/2774/6 1440/2772/6 1436/2771/119
f 1436/2771/119 1437/2773/119 1441/2774/6
f 1439/2778/5 1438/2776/5 1442/2775/122
f 1442/2775/122 1443/2777/122 1439/2778/5
f 1445/2782/121 1444/2780/121 1440/2779/6
f 1440/2779/6 1441/2781/6 1445/2782/121
f 1443/2786/122 1442/2784/122 1446/2783/127
f 1446/2783/127 1447/2785/127 1443/2786/122
f 1449/2790/382 1448/2788/382 1444/2787/121
f 1444/2787/121 1445/2789/121 1449/2790/382
f 1447/2794/127 1446/2792/127 1404/2791/3
f 1404/2791/3 1406/2793/3 1447/2794/127
f 1409/2798/1 1407/2796/1 1448/2795/382
f 1448/2795/382 1449/2797/382 1409/2798/1
f 1408/2802/4 1403/2800/4 1404/2799/4
f 1404/2799/4 1407/2801/4 1408/2802/4
f 1409/2806/2 1406/2804/2 1405/2803/2
f 1405/2803/2 1410/2805/2 1409/2806/2
f 1413/2810/4 1411/2808/4 1403/2807/4
f 1403/2807/4 1408/2809/4 1413/2810/4
f 1410/2814/2 1405/2812/2 1412/2811/2
f 1412/2811/2 1414/2813/2 1410/2814/2
f 1417/2818/4 1415/2816/4 1411/2815/4
f 1411/2815/4 1413/2817/4 1417/2818/4
f 1414/2822/2 1412/2820/2 1416/2819/2
f 1416/2819/2 1418/2821/2 1414/2822/2
f 1421/2826/4 1419/2824/4 1415/2823/4
f 1415/2823/4 1417/2825/4 1421/2826/4
f 1418/2830/2 1416/2828/2 1420/2827/2
f 1420/2827/2 1422/2829/2 1418/2830/2
f 1425/2834/4 1423/2832/4 1419/2831/4
f 1419/2831/4 1421/2833/4 1425/2834/4
f 1422/2838/2 1420/2836/2 1424/2835/2
f 1424/2835/2 1426/2837/2 1422/2838/2
f 1428/2842/4 1427/2840/4 1423/2839/4
f 1423/2839/4 1425/2841/4 1428/2842/4
f 1426/2846/2 1424/2844/2 1259/2843/2
f 1259/2843/2 1429/2845/2 1426/2846/2
f 1432/2850/4 1430/2848/4 1427/2847/4
f 1427/2847/4 1428/2849/4 1432/2850/4
f 1429/2854/2 1259/2852/2 1431/2851/2
f 1431/2851/2 1433/2853/2 1429/2854/2
f 1436/2858/4 1434/2856/4 1430/2855/4
f 1430/2855/4 1432/2857/4 1436/2858/4
f 1433/2862/2 1431/2860/2 1435/2859/2
f 1435/2859/2 1437/2861/2 1433/2862/2
f 1440/2866/4 1438/2864/4 1434/2863/4
f 1434/2863/4 1436/2865/4 1440/2866/4
f 1437/2870/2 1435/2868/2 1439/2867/2
f 1439/2867/2 1441/2869/2 1437/2870/2
f 1444/2874/4 1442/2872/4 1438/2871/4
f 1438/2871/4 1440/2873/4 1444/2874/4
f 1441/2878/2 1439/2876/2 1443/2875/2
f 1443/2875/2 1445/2877/2 1441/2878/2
f 1448/2882/4 1446/2880/4 1442/2879/4
f 1442/2879/4 1444/2881/4 1448/2882/4
f 1445/2886/2 1443/2884/2 1447/2883/2
f 1447/2883/2 1449/2885/2 1445/2886/2
f 1407/2890/4 1404/2888/4 1446/2887/4
f 1446/2887/4 1448/2889/4 1407/2890/4
f 1449/2894/2 1447/2892/2 1406/2891/2
f 1406/2891/2 1409/2893/2 1449/2894/2
f 1478/2441/1 1267/2439/1 1269/2438/1
f 1269/2438/1 1477/2440/1 1478/2441/1
f 1480/2445/2 1479/2443/2 1267/2442/2
f 1267/2442/2 1478/2444/2 1480/2445/2
f 1482/2449/3 1481/2447/3 1479/2446/3
f 1479/2446/3 1480/2448/3 1482/2449/3
f 1477/2453/4 1269/2451/4 1481/2450/4
f 1481/2450/4 1482/2452/4 1477/2453/4
f 1480/2457/5 1478/2455/5 1477/2454/5
f 1477/2454/5 1482/2456/5 1480/2457/5
f 1267/2461/6 1479/2459/6 1481/2458/6
f 1481/2458/6 1269/2460/6 1267/2461/6
f 1486/2441/321 1484/2439/321 1483/2438/321
f 1483/2438/321 1485/2440/321 1486/2441/321
f 1488/2497/2 1487/2495/2 1484/2494/2
f 1484/2494/2 1486/2496/2 1488/2497/2
f 1490/2449/322 1489/2447/322 1487/2446/322
f 1487/2446/322 1488/2448/322 1490/2449/322
f 1485/2501/4 1483/2499/4 1489/2498/4
f 1489/2498/4 1490/2500/4 1485/2501/4
f 1488/2457/323 1486/2455/323 1485/2454/323
f 1485/2454/323 1490/2456/323 1488/2457/323
f 1484/2461/324 1487/2459/324 1489/2458/324
f 1489/2458/324 1483/2460/324 1484/2461/324
f 1531/52/1 1505/50/1 1529/49/1
f 1529/49/1 1530/51/1 1531/52/1
f 1532/56/5 1509/54/5 1505/53/5
f 1505/53/5 1531/55/5 1532/56/5
f 1534/60/3 1533/58/3 1509/57/3
f 1509/57/3 1532/59/3 1534/60/3
f 1530/64/6 1529/62/6 1533/61/6
f 1533/61/6 1534/63/6 1530/64/6
f 1532/68/4 1531/66/4 1530/65/4
f 1530/65/4 1534/67/4 1532/68/4
f 1505/72/2 1509/70/2 1533/69/2
f 1533/69/2 1529/71/2 1505/72/2
f 1538/816/3 1536/814/3 1535/813/381
f 1535/813/381 1537/815/381 1538/816/3
f 1542/820/118 1540/818/118 1539/817/1
f 1539/817/1 1541/819/1 1542/820/118
f 1537/824/381 1535/822/381 1543/821/119
f 1543/821/119 1544/823/119 1537/824/381
f 1546/828/120 1545/826/120 1540/825/118
f 1540/825/118 1542/827/118 1546/828/120
f 1544/832/119 1543/830/119 1547/829/6
f 1547/829/6 1548/831/6 1544/832/119
f 1550/836/5 1549/834/5 1545/833/120
f 1545/833/120 1546/835/120 1550/836/5
f 1548/840/6 1547/838/6 1551/837/121
f 1551/837/121 1552/839/121 1548/840/6
f 1554/844/122 1553/842/122 1549/841/5
f 1549/841/5 1550/843/5 1554/844/122
f 1552/848/121 1551/846/121 1555/845/382
f 1555/845/382 1556/847/382 1552/848/121
f 1558/852/124 1557/850/124 1553/849/122
f 1553/849/122 1554/851/122 1558/852/124
f 1556/856/382 1555/854/382 1559/853/1
f 1559/853/1 1560/855/1 1556/856/382
f 1562/860/3 1561/858/3 1557/857/124
f 1557/857/124 1558/859/124 1562/860/3
f 1560/864/1 1559/862/1 1563/861/379
f 1563/861/379 1564/863/379 1560/864/1
f 1566/868/126 1565/866/126 1561/865/3
f 1561/865/3 1562/867/3 1566/868/126
f 1564/872/379 1563/870/379 1567/869/120
f 1567/869/120 1568/871/120 1564/872/379
f 1570/876/119 1569/874/119 1565/873/126
f 1565/873/126 1566/875/126 1570/876/119
f 1568/880/120 1567/878/120 1571/877/5
f 1571/877/5 1572/879/5 1568/880/120
f 1574/884/6 1573/882/6 1569/881/119
f 1569/881/119 1570/883/119 1574/884/6
f 1572/888/5 1571/886/5 1575/885/122
f 1575/885/122 1576/887/122 1572/888/5
f 1578/892/121 1577/890/121 1573/889/6
f 1573/889/6 1574/891/6 1578/892/121
f 1576/896/122 1575/894/122 1579/893/380
f 1579/893/380 1580/895/380 1576/896/122
f 1582/900/128 1581/898/128 1577/897/121
f 1577/897/121 1578/899/121 1582/900/128
f 1580/904/380 1579/902/380 1536/901/3
f 1536/901/3 1538/903/3 1580/904/380
f 1541/908/1 1539/906/1 1581/905/128
f 1581/905/128 1582/907/128 1541/908/1
f 1540/912/4 1535/910/4 1536/909/4
f 1536/909/4 1539/911/4 1540/912/4
f 1541/916/2 1538/914/2 1537/913/2
f 1537/913/2 1542/915/2 1541/916/2
f 1545/920/4 1543/918/4 1535/917/4
f 1535/917/4 1540/919/4 1545/920/4
f 1542/924/2 1537/922/2 1544/921/2
f 1544/921/2 1546/923/2 1542/924/2
f 1549/928/4 1547/926/4 1543/925/4
f 1543/925/4 1545/927/4 1549/928/4
f 1546/932/2 1544/930/2 1548/929/2
f 1548/929/2 1550/931/2 1546/932/2
f 1553/935/4 1551/934/4 1547/933/4
f 1547/933/4 1549/928/4 1553/935/4
f 1550/931/2 1548/937/2 1552/936/2
f 1552/936/2 1554/938/2 1550/931/2
f 1557/942/4 1555/940/4 1551/939/4
f 1551/939/4 1553/941/4 1557/942/4
f 1554/946/2 1552/944/2 1556/943/2
f 1556/943/2 1558/945/2 1554/946/2
f 1561/950/4 1559/948/4 1555/947/4
f 1555/947/4 1557/949/4 1561/950/4
f 1558/954/2 1556/952/2 1560/951/2
f 1560/951/2 1562/953/2 1558/954/2
f 1565/958/4 1563/956/4 1559/955/4
f 1559/955/4 1561/957/4 1565/958/4
f 1562/962/2 1560/960/2 1564/959/2
f 1564/959/2 1566/961/2 1562/962/2
f 1569/966/4 1567/964/4 1563/963/4
f 1563/963/4 1565/965/4 1569/966/4
f 1566/970/2 1564/968/2 1568/967/2
f 1568/967/2 1570/969/2 1566/970/2
f 1573/974/4 1571/972/4 1567/971/4
f 1567/971/4 1569/973/4 1573/974/4
f 1570/978/2 1568/976/2 1572/975/2
f 1572/975/2 1574/977/2 1570/978/2
f 1577/981/4 1575/980/4 1571/979/4
f 1571/979/4 1573/974/4 1577/981/4
f 1574/977/2 1572/983/2 1576/982/2
f 1576/982/2 1578/984/2 1574/977/2
f 1581/988/4 1579/986/4 1575/985/4
f 1575/985/4 1577/987/4 1581/988/4
f 1578/992/2 1576/990/2 1580/989/2
f 1580/989/2 1582/991/2 1578/992/2
f 1539/996/4 1536/994/4 1579/993/4
f 1579/993/4 1581/995/4 1539/996/4
f 1582/1000/2 1580/998/2 1538/997/2
f 1538/997/2 1541/999/2 1582/1000/2
f 1586/816/3 1584/814/3 1583/813/381
f 1583/813/381 1585/815/381 1586/816/3
f 1590/820/118 1588/818/118 1587/817/1
f 1587/817/1 1589/819/1 1590/820/118
f 1585/824/381 1583/822/381 1591/821/119
f 1591/821/119 1592/823/119 1585/824/381
f 1594/828/120 1593/826/120 1588/825/118
f 1588/825/118 1590/827/118 1594/828/120
f 1592/832/119 1591/830/119 1595/829/6
f 1595/829/6 1596/831/6 1592/832/119
f 1598/836/5 1597/834/5 1593/833/120
f 1593/833/120 1594/835/120 1598/836/5
f 1596/840/6 1595/838/6 1599/837/121
f 1599/837/121 1600/839/121 1596/840/6
f 1602/844/122 1601/842/122 1597/841/5
f 1597/841/5 1598/843/5 1602/844/122
f 1600/848/121 1599/846/121 1603/845/382
f 1603/845/382 1604/847/382 1600/848/121
f 1606/852/124 1605/850/124 1601/849/122
f 1601/849/122 1602/851/122 1606/852/124
f 1604/856/382 1603/854/382 1607/853/1
f 1607/853/1 1608/855/1 1604/856/382
f 1610/860/3 1609/858/3 1605/857/124
f 1605/857/124 1606/859/124 1610/860/3
f 1608/864/1 1607/862/1 1611/861/379
f 1611/861/379 1612/863/379 1608/864/1
f 1614/868/126 1613/866/126 1609/865/3
f 1609/865/3 1610/867/3 1614/868/126
f 1612/872/379 1611/870/379 1615/869/120
f 1615/869/120 1616/871/120 1612/872/379
f 1618/876/119 1617/874/119 1613/873/126
f 1613/873/126 1614/875/126 1618/876/119
f 1616/880/120 1615/878/120 1619/877/5
f 1619/877/5 1620/879/5 1616/880/120
f 1622/884/6 1621/882/6 1617/881/119
f 1617/881/119 1618/883/119 1622/884/6
f 1620/888/5 1619/886/5 1623/885/122
f 1623/885/122 1624/887/122 1620/888/5
f 1626/892/121 1625/890/121 1621/889/6
f 1621/889/6 1622/891/6 1626/892/121
f 1624/896/122 1623/894/122 1627/893/380
f 1627/893/380 1628/895/380 1624/896/122
f 1630/900/128 1629/898/128 1625/897/121
f 1625/897/121 1626/899/121 1630/900/128
f 1628/904/380 1627/902/380 1584/901/3
f 1584/901/3 1586/903/3 1628/904/380
f 1589/908/1 1587/906/1 1629/905/128
f 1629/905/128 1630/907/128 1589/908/1
f 1588/912/4 1583/910/4 1584/909/4
f 1584/909/4 1587/911/4 1588/912/4
f 1589/916/2 1586/914/2 1585/913/2
f 1585/913/2 1590/915/2 1589/916/2
f 1593/920/4 1591/918/4 1583/917/4
f 1583/917/4 1588/919/4 1593/920/4
f 1590/924/2 1585/922/2 1592/921/2
f 1592/921/2 1594/923/2 1590/924/2
f 1597/928/4 1595/926/4 1591/925/4
f 1591/925/4 1593/927/4 1597/928/4
f 1594/932/2 1592/930/2 1596/929/2
f 1596/929/2 1598/931/2 1594/932/2
f 1601/935/4 1599/934/4 1595/933/4
f 1595/933/4 1597/928/4 1601/935/4
f 1598/931/2 1596/937/2 1600/936/2
f 1600/936/2 1602/938/2 1598/931/2
f 1605/942/4 1603/940/4 1599/939/4
f 1599/939/4 1601/941/4 1605/942/4
f 1602/946/2 1600/944/2 1604/943/2
f 1604/943/2 1606/945/2 1602/946/2
f 1609/950/4 1607/948/4 1603/947/4
f 1603/947/4 1605/949/4 1609/950/4
f 1606/954/2 1604/952/2 1608/951/2
f 1608/951/2 1610/953/2 1606/954/2
f 1613/958/4 1611/956/4 1607/955/4
f 1607/955/4 1609/957/4 1613/958/4
f 1610/962/2 1608/960/2 1612/959/2
f 1612/959/2 1614/961/2 1610/962/2
f 1617/966/4 1615/964/4 1611/963/4
f 1611/963/4 1613/965/4 1617/966/4
f 1614/970/2 1612/968/2 1616/967/2
f 1616/967/2 1618/969/2 1614/970/2
f 1621/974/4 1619/972/4 1615/971/4
f 1615/971/4 1617/973/4 1621/974/4
f 1618/978/2 1616/976/2 1620/975/2
f 1620/975/2 1622/977/2 1618/978/2
f 1625/981/4 1623/980/4 1619/979/4
f 1619/979/4 1621/974/4 1625/981/4
f 1622/977/2 1620/983/2 1624/982/2
f 1624/982/2 1626/984/2 1622/977/2
f 1629/988/4 1627/986/4 1623/985/4
f 1623/985/4 1625/987/4 1629/988/4
f 1626/992/2 1624/990/2 1628/989/2
f 1628/989/2 1630/991/2 1626/992/2
f 1587/996/4 1584/994/4 1627/993/4
f 1627/993/4 1629/995/4 1587/996/4
f 1630/1000/2 1628/998/2 1586/997/2
f 1586/997/2 1589/999/2 1630/1000/2
f 1664/228/3 1662/226/3 1661/225/27
f 1661/225/27 1663/227/27 1664/228/3
f 1663/236/27 1661/234/27 1665/233/29
f 1665/233/29 1666/235/29 1663/236/27
f 1666/244/29 1665/242/29 1667/241/1
f 1667/241/1 1668/243/1 1666/244/29
f 1668/252/1 1667/250/1 1669/249/28
f 1669/249/28 1670/251/28 1668/252/1
f 1670/260/28 1669/258/28 1671/257/30
f 1671/257/30 1672/259/30 1670/260/28
f 1672/268/30 1671/266/30 1662/265/3
f 1662/265/3 1664/267/3 1672/268/30
f 1714/228/3 1712/226/3 1711/225/27
f 1711/225/27 1713/227/27 1714/228/3
f 1713/236/27 1711/234/27 1715/233/29
f 1715/233/29 1716/235/29 1713/236/27
f 1716/244/29 1715/242/29 1717/241/1
f 1717/241/1 1718/243/1 1716/244/29
f 1718/252/1 1717/250/1 1719/249/28
f 1719/249/28 1720/251/28 1718/252/1
f 1720/260/28 1719/258/28 1721/257/30
f 1721/257/30 1722/259/30 1720/260/28
f 1722/268/30 1721/266/30 1712/265/3
f 1712/265/3 1714/267/3 1722/268/30
f 1748/3190/1 1746/3188/1 1745/3187/1
f 1745/3187/1 1747/3189/1 1748/3190/1
f 1750/2950/2 1749/3192/2 1746/3191/2
f 1746/3191/2 1748/2949/2 1750/2950/2
f 1752/3196/3 1751/3194/3 1749/3193/3
f 1749/3193/3 1750/3195/3 1752/3196/3
f 1747/2958/4 1745/3198/4 1751/3197/4
f 1751/3197/4 1752/2957/4 1747/2958/4
f 1756/3202/5 1754/3200/5 1753/3199/5
f 1753/3199/5 1755/3201/5 1756/3202/5
f 1746/3206/6 1749/3204/6 1751/3203/6
f 1751/3203/6 1745/3205/6 1746/3206/6
f 1753/3209/186 1747/3207/186 1752/3208/186
f 1752/3208/186 1755/3210/186 1753/3209/186
f 1754/3213/346 1748/3211/346 1747/3212/346
f 1747/3212/346 1753/3214/346 1754/3213/346
f 1756/3217/170 1750/3215/170 1748/3216/170
f 1748/3216/170 1754/3218/170 1756/3217/170
f 1755/3221/410 1752/3219/410 1750/3220/410
f 1750/3220/410 1756/3222/410 1755/3221/410
f 1788/228/3 1786/226/3 1785/225/27
f 1785/225/27 1787/227/27 1788/228/3
f 1792/232/28 1790/230/28 1789/229/1
f 1789/229/1 1791/231/1 1792/232/28
f 1787/236/27 1785/234/27 1793/233/29
f 1793/233/29 1794/235/29 1787/236/27
f 1796/240/30 1795/238/30 1790/237/28
f 1790/237/28 1792/239/28 1796/240/30
f 1794/244/29 1793/242/29 1797/241/1
f 1797/241/1 1798/243/1 1794/244/29
f 1800/248/3 1799/246/3 1795/245/30
f 1795/245/30 1796/247/30 1800/248/3
f 1798/252/1 1797/250/1 1801/249/28
f 1801/249/28 1802/251/28 1798/252/1
f 1804/256/27 1803/254/27 1799/253/3
f 1799/253/3 1800/255/3 1804/256/27
f 1802/260/28 1801/258/28 1805/257/30
f 1805/257/30 1806/259/30 1802/260/28
f 1808/264/29 1807/262/29 1803/261/27
f 1803/261/27 1804/263/27 1808/264/29
f 1806/268/30 1805/266/30 1786/265/3
f 1786/265/3 1788/267/3 1806/268/30
f 1791/168/1 1789/166/1 1807/269/29
f 1807/269/29 1808/270/29 1791/168/1
f 1790/274/4 1785/272/4 1786/271/4
f 1786/271/4 1789/273/4 1790/274/4
f 1791/278/2 1788/276/2 1787/275/2
f 1787/275/2 1792/277/2 1791/278/2
f 1795/282/4 1793/280/4 1785/279/4
f 1785/279/4 1790/281/4 1795/282/4
f 1792/286/2 1787/284/2 1794/283/2
f 1794/283/2 1796/285/2 1792/286/2
f 1799/290/4 1797/288/4 1793/287/4
f 1793/287/4 1795/289/4 1799/290/4
f 1796/294/2 1794/292/2 1798/291/2
f 1798/291/2 1800/293/2 1796/294/2
f 1803/298/4 1801/296/4 1797/295/4
f 1797/295/4 1799/297/4 1803/298/4
f 1800/302/2 1798/300/2 1802/299/2
f 1802/299/2 1804/301/2 1800/302/2
f 1807/306/4 1805/304/4 1801/303/4
f 1801/303/4 1803/305/4 1807/306/4
f 1804/310/2 1802/308/2 1806/307/2
f 1806/307/2 1808/309/2 1804/310/2
f 1789/314/4 1786/312/4 1805/311/4
f 1805/311/4 1807/313/4 1789/314/4
f 1808/318/2 1806/316/2 1788/315/2
f 1788/315/2 1791/317/2 1808/318/2
f 1812/740/1 1810/738/1 1809/737/1
f 1809/737/1 1811/739/1 1812/740/1
f 1813/744/2 1462/742/2 1810/741/2
f 1810/741/2 1812/743/2 1813/744/2
f 1815/748/3 1814/746/3 1462/745/3
f 1462/745/3 1813/747/3 1815/748/3
f 1811/752/4 1809/750/4 1814/749/4
f 1814/749/4 1815/751/4 1811/752/4
f 1813/756/5 1812/754/5 1811/753/5
f 1811/753/5 1815/755/5 1813/756/5
f 1810/760/6 1462/758/6 1814/757/6
f 1814/757/6 1809/759/6 1810/760/6

usemtl Amarillo_JD
f 419/1027/133 420/1028/133 418/1026/133 417/1025/133
f 420/1031/2 422/1032/2 421/1030/2 418/1029/2
f 422/1035/134 424/1036/134 423/1034/134 421/1033/134
f 424/1039/4 419/1040/4 417/1038/4 423/1037/4
f 424/1043/135 422/1044/135 420/1042/135 419/1041/135
f 417/1047/136 418/1048/136 421/1046/136 423/1045/136
f 1219/1027/1 1220/1028/1 1218/1026/1 1217/1025/1
f 1220/2424/2 1222/2425/2 1221/2423/2 1218/2422/2
f 1222/1035/3 1224/1036/3 1223/1034/3 1221/1033/3
f 1224/2428/4 1219/2429/4 1217/2427/4 1223/2426/4
f 1224/2432/5 1222/2433/5 1220/2431/5 1219/2430/5
f 1217/2436/6 1218/2437/6 1221/2435/6 1223/2434/6
f 1281/1027/1 1282/1028/1 1280/1026/1 1279/1025/1
f 1282/2424/2 1284/2425/2 1283/2423/2 1280/2422/2
f 1284/1035/3 1286/1036/3 1285/1034/3 1283/1033/3
f 1286/2428/4 1281/2429/4 1279/2427/4 1285/2426/4
f 1286/2432/5 1284/2433/5 1282/2431/5 1281/2430/5
f 1279/2436/6 1280/2437/6 1283/2435/6 1285/2434/6
f 1289/1027/133 1290/1028/133 1288/1026/133 1287/1025/133
f 1290/1031/2 1292/1032/2 1291/1030/2 1288/1029/2
f 1292/1035/134 1294/1036/134 1293/1034/134 1291/1033/134
f 1294/1039/4 1289/1040/4 1287/1038/4 1293/1037/4
f 1294/1043/135 1292/1044/135 1290/1042/135 1289/1041/135
f 1287/1047/136 1288/1048/136 1291/1046/136 1293/1045/136
f 1467/2945/1 1468/2946/1 1466/2944/1 1465/2943/1
f 1468/2949/2 1470/2950/2 1469/2948/2 1466/2947/2
f 1470/2953/3 1472/2954/3 1471/2952/3 1469/2951/3
f 1472/2957/4 1467/2958/4 1465/2956/4 1471/2955/4
f 1475/2961/5 1476/2962/5 1474/2960/5 1473/2959/5
f 1465/2965/6 1466/2966/6 1469/2964/6 1471/2963/6
f 1473/2970/383 1474/2969/383 1468/2967/383 1467/2968/383
f 1475/2974/384 1473/2973/384 1467/2971/384 1472/2972/384
f 1474/2978/385 1476/2977/385 1470/2975/385 1468/2976/385
f 1476/2982/386 1475/2981/386 1472/2979/386 1470/2980/386
f 1727/3151/400 1728/3152/400 1726/2946/400 1725/2945/400
f 1728/3155/4 1730/3156/4 1729/3154/4 1726/3153/4
f 1730/3157/401 1732/3158/401 1731/2954/401 1729/2953/401
f 1732/3161/2 1727/3162/2 1725/3160/2 1731/3159/2
f 1732/3165/402 1730/3166/402 1728/3164/402 1727/3163/402
f 1735/3169/403 1736/3170/403 1734/3168/403 1733/3167/403
f 1733/3174/404 1734/3173/404 1729/3171/404 1731/3172/404
f 1735/3178/406 1733/3177/406 1731/3175/405 1725/3176/406
f 1734/3182/408 1736/3181/407 1726/3179/407 1729/3180/407
f 1736/3186/409 1735/3185/409 1725/3183/409 1726/3184/409

usemtl NA
f 1452/2897/2 1453/2898/2 1451/2896/2 1450/2895/2
f 1453/2901/322 1455/2902/322 1454/2900/322 1451/2899/322
f 1455/2905/4 1457/2906/4 1456/2904/4 1454/2903/4
f 1457/2909/321 1452/2910/321 1450/2908/321 1456/2907/321
f 1457/2913/323 1455/2914/323 1453/2912/323 1452/2911/323
f 1450/2917/324 1451/2918/324 1454/2916/324 1456/2915/324
f 1521/2985/387 1522/2986/387 1520/2984/387 1519/2983/387
f 1522/2989/2 1524/2990/2 1523/2988/2 1520/2987/2
f 1524/2448/3 1254/2449/3 1253/2447/3 1523/2446/3
f 1254/2993/4 1521/2994/4 1519/2992/4 1253/2991/4
f 1254/2997/5 1524/2998/5 1522/2996/5 1521/2995/5
f 1519/3001/6 1520/3002/6 1523/3000/6 1253/2999/6
f 1677/2985/387 1678/2986/387 1676/2984/387 1675/2983/387
f 1678/2989/2 1482/2990/2 1481/2988/2 1676/2987/2
f 1482/2448/3 1680/2449/3 1679/2447/3 1481/2446/3
f 1680/2993/4 1677/2994/4 1675/2992/4 1679/2991/4
f 1680/2997/5 1482/2998/5 1678/2996/5 1677/2995/5
f 1675/3001/6 1676/3002/6 1481/3000/6 1679/2999/6

