# ProBuilder 5.2.0
# https://unity3d.com/unity/features/worldbuilding/probuilder
# 11/29/2023 12:37:32 PM

mtllib ./Maiz.mtl
o Maiz

g Maiz
v 0.05477753 0.09947553 0.04924621
v 0.004777526 0.09947553 0.04924621
v 0.05477753 0.3994755 0.04924621
v 0.004777526 0.3994755 0.04924621
v 0.004777526 0.09947553 -0.0007537846
v 0.004777526 0.3994755 -0.0007537846
v 0.05477753 0.09947553 -0.0007537846
v 0.05477753 0.3994755 -0.0007537846
v 0.1545525 -0.7888004 -0.03612518
v 0.1545525 -0.7888004 0.4638748
v -0.3454475 -0.7888004 -0.03612518
v -0.3454475 -0.7888004 0.4638748
v 0.1545525 -0.7888004 0.9638748
v -0.3454475 -0.7888004 0.9638748
v -0.8454475 -0.7888004 -0.03612518
v -0.8454475 -0.7888004 0.4638748
v -0.8454475 -0.7888004 0.9638748
v -0.6602211 -0.8005245 0.229248
v -0.7102242 -0.8005245 0.229248
v -0.6602211 0.0994755 0.229248
v -0.7102242 0.0994755 0.229248
v -0.7102242 -0.8005245 0.179245
v -0.7102242 0.0994755 0.179245
v -0.6602211 -0.8005245 0.179245
v -0.6602211 0.0994755 0.179245
v -0.6602211 0.0342657 0.229248
v -0.6700706 0.03600216 0.229248
v -0.6254921 0.2312273 0.229248
v -0.6353416 0.2329638 0.229248
v -0.6700706 0.03600216 0.179245
v -0.6353416 0.2329638 0.179245
v -0.6602211 0.0342657 0.179245
v -0.6254921 0.2312273 0.179245
v -0.6602211 -0.5097343 0.229248
v -0.6700706 -0.5079978 0.229248
v -0.6254921 -0.3127728 0.229248
v -0.6353416 -0.3110362 0.229248
v -0.6700706 -0.5079978 0.179245
v -0.6353416 -0.3110362 0.179245
v -0.6602211 -0.5097343 0.179245
v -0.6254921 -0.3127728 0.179245
v -0.7003784 0.101212 0.229248
v -0.7351074 0.2981735 0.229248
v -0.744957 0.296437 0.229248
v -0.744957 0.296437 0.179245
v -0.7003784 0.101212 0.179245
v -0.7351074 0.2981735 0.179245
v -0.7003784 -0.3166558 0.229248
v -0.7102242 -0.3183923 0.229248
v -0.7351074 -0.1196942 0.229248
v -0.744957 -0.1214308 0.229248
v -0.7102242 -0.3183923 0.179245
v -0.744957 -0.1214308 0.179245
v -0.7003784 -0.3166558 0.179245
v -0.7351074 -0.1196942 0.179245
v -0.7003784 -0.7576559 0.229248
v -0.7102242 -0.7593923 0.229248
v -0.7351074 -0.5606943 0.229248
v -0.744957 -0.5624307 0.229248
v -0.7102242 -0.7593923 0.179245
v -0.744957 -0.5624307 0.179245
v -0.7003784 -0.7576559 0.179245
v -0.7351074 -0.5606943 0.179245
v -0.7102242 0.101212 0.2194061
v -0.7102242 0.296437 0.2639771
v -0.7102242 0.2981735 0.2541351
v -0.6602211 0.101212 0.2194061
v -0.6602211 0.2981735 0.2541351
v -0.6602211 0.296437 0.2639771
v -0.7102242 -0.1228343 0.229248
v -0.7102242 -0.1210978 0.2194061
v -0.7102242 0.07412732 0.2639771
v -0.7102242 0.07586378 0.2541351
v -0.6602211 -0.1210978 0.2194061
v -0.6602211 0.07586378 0.2541351
v -0.6602211 -0.1228343 0.229248
v -0.6602211 0.07412732 0.2639771
v -0.7102242 -0.3167343 0.229248
v -0.7102242 -0.3149978 0.2194061
v -0.7102242 -0.1197727 0.2639771
v -0.7102242 -0.1180363 0.2541351
v -0.6602211 -0.3149978 0.2194061
v -0.6602211 -0.1180363 0.2541351
v -0.6602211 -0.3167343 0.229248
v -0.6602211 -0.1197727 0.2639771
v -0.7102242 -0.7687343 0.229248
v -0.7102242 -0.7669978 0.2194061
v -0.7102242 -0.5717727 0.2639771
v -0.7102242 -0.5700362 0.2541351
v -0.6602211 -0.7669978 0.2194061
v -0.6602211 -0.5700362 0.2541351
v -0.6602211 -0.7687343 0.229248
v -0.6602211 -0.5717727 0.2639771
v -0.7102242 0.05534416 0.1890945
v -0.7102242 0.0536077 0.179245
v -0.7102242 0.2523057 0.1543655
v -0.7102242 0.2505692 0.144516
v -0.6602211 0.0536077 0.179245
v -0.6602211 0.2505692 0.144516
v -0.6602211 0.05534416 0.1890945
v -0.6602211 0.2523057 0.1543655
v -0.7102242 -0.1716558 0.1890945
v -0.7102242 -0.1733923 0.179245
v -0.7102242 0.02530575 0.1543655
v -0.7102242 0.02356923 0.144516
v -0.6602211 -0.1733923 0.179245
v -0.6602211 0.02356923 0.144516
v -0.6602211 -0.1716558 0.1890945
v -0.6602211 0.02530575 0.1543655
v -0.7102242 -0.5006558 0.1890945
v -0.7102242 -0.5023923 0.179245
v -0.7102242 -0.3036942 0.1543655
v -0.7102242 -0.3054308 0.144516
v -0.6602211 -0.5023923 0.179245
v -0.6602211 -0.3054308 0.144516
v -0.6602211 -0.5006558 0.1890945
v -0.6602211 -0.3036942 0.1543655
v -0.6602211 0.3994756 0.229248
v -0.7102242 0.3994756 0.229248
v -0.7102242 0.3994756 0.179245
v -0.6602211 0.3994756 0.179245
v -0.7172241 -0.8005245 0.3872452
v -0.7672272 -0.8005245 0.3872452
v -0.7172241 0.0994755 0.3872452
v -0.7672272 0.0994755 0.3872452
v -0.7672272 -0.8005245 0.3372421
v -0.7672272 0.0994755 0.3372421
v -0.7172241 -0.8005245 0.3372421
v -0.7172241 0.0994755 0.3372421
v -0.7172241 0.0342657 0.3872452
v -0.7270737 0.03600216 0.3872452
v -0.6824951 0.2312273 0.3872452
v -0.6923447 0.2329638 0.3872452
v -0.7270737 0.03600216 0.3372421
v -0.6923447 0.2329638 0.3372421
v -0.7172241 0.0342657 0.3372421
v -0.6824951 0.2312273 0.3372421
v -0.7172241 -0.5097343 0.3872452
v -0.7270737 -0.5079978 0.3872452
v -0.6824951 -0.3127728 0.3872452
v -0.6923447 -0.3110362 0.3872452
v -0.7270737 -0.5079978 0.3372421
v -0.6923447 -0.3110362 0.3372421
v -0.7172241 -0.5097343 0.3372421
v -0.6824951 -0.3127728 0.3372421
v -0.7573776 0.101212 0.3872452
v -0.7921066 0.2981735 0.3872452
v -0.8019562 0.296437 0.3872452
v -0.8019562 0.296437 0.3372421
v -0.7573776 0.101212 0.3372421
v -0.7921066 0.2981735 0.3372421
v -0.7573776 -0.3166558 0.3872452
v -0.7672234 -0.3183923 0.3872452
v -0.7921066 -0.1196942 0.3872452
v -0.8019562 -0.1214308 0.3872452
v -0.7672234 -0.3183923 0.3372421
v -0.8019562 -0.1214308 0.3372421
v -0.7573776 -0.3166558 0.3372421
v -0.7921066 -0.1196942 0.3372421
v -0.7573776 -0.7576559 0.3872452
v -0.7672234 -0.7593923 0.3872452
v -0.7921066 -0.5606943 0.3872452
v -0.8019562 -0.5624307 0.3872452
v -0.7672234 -0.7593923 0.3372421
v -0.8019562 -0.5624307 0.3372421
v -0.7573776 -0.7576559 0.3372421
v -0.7921066 -0.5606943 0.3372421
v -0.7672234 0.101212 0.3774109
v -0.7672234 0.296437 0.4219818
v -0.7672234 0.2981735 0.4121399
v -0.7172203 0.101212 0.3774109
v -0.7172203 0.2981735 0.4121399
v -0.7172203 0.296437 0.4219818
v -0.7672234 -0.1228343 0.3872528
v -0.7672234 -0.1210978 0.3774109
v -0.7672234 0.07412732 0.4219818
v -0.7672234 0.07586378 0.4121399
v -0.7172203 -0.1210978 0.3774109
v -0.7172203 0.07586378 0.4121399
v -0.7172203 -0.1228343 0.3872528
v -0.7172203 0.07412732 0.4219818
v -0.7672234 -0.3167343 0.3872528
v -0.7672234 -0.3149978 0.3774109
v -0.7672234 -0.1197727 0.4219818
v -0.7672234 -0.1180363 0.4121399
v -0.7172203 -0.3149978 0.3774109
v -0.7172203 -0.1180363 0.4121399
v -0.7172203 -0.3167343 0.3872528
v -0.7172203 -0.1197727 0.4219818
v -0.7672234 -0.7687343 0.3872528
v -0.7672234 -0.7669978 0.3774109
v -0.7672234 -0.5717727 0.4219818
v -0.7672234 -0.5700362 0.4121399
v -0.7172203 -0.7669978 0.3774109
v -0.7172203 -0.5700362 0.4121399
v -0.7172203 -0.7687343 0.3872528
v -0.7172203 -0.5717727 0.4219818
v -0.7672234 0.05534416 0.3470917
v -0.7672234 0.0536077 0.3372421
v -0.7672234 0.2523057 0.3123627
v -0.7672234 0.2505692 0.3025131
v -0.7172203 0.0536077 0.3372421
v -0.7172203 0.2505692 0.3025131
v -0.7172203 0.05534416 0.3470917
v -0.7172203 0.2523057 0.3123627
v -0.7672234 -0.1716558 0.3470917
v -0.7672234 -0.1733923 0.3372421
v -0.7672234 0.02530575 0.3123627
v -0.7672234 0.02356923 0.3025131
v -0.7172203 -0.1733923 0.3372421
v -0.7172203 0.02356923 0.3025131
v -0.7172203 -0.1716558 0.3470917
v -0.7172203 0.02530575 0.3123627
v -0.7672234 -0.5006558 0.3470917
v -0.7672234 -0.5023923 0.3372421
v -0.7672234 -0.3036942 0.3123627
v -0.7672234 -0.3054308 0.3025131
v -0.7172203 -0.5023923 0.3372421
v -0.7172203 -0.3054308 0.3025131
v -0.7172203 -0.5006558 0.3470917
v -0.7172203 -0.3036942 0.3123627
v -0.7172241 0.3994756 0.3872452
v -0.7672272 0.3994756 0.3872452
v -0.7672272 0.3994756 0.3372421
v -0.7172241 0.3994756 0.3372421
v -0.7492218 -0.8005245 0.5912476
v -0.7992249 -0.8005245 0.5912476
v -0.7492218 0.0994755 0.5912476
v -0.7992249 0.0994755 0.5912476
v -0.7992249 -0.8005245 0.5412445
v -0.7992249 0.0994755 0.5412445
v -0.7492218 -0.8005245 0.5412445
v -0.7492218 0.0994755 0.5412445
v -0.7492218 0.0342657 0.5912476
v -0.7590714 0.03600216 0.5912476
v -0.7144928 0.2312273 0.5912476
v -0.7243423 0.2329638 0.5912476
v -0.7590714 0.03600216 0.5412445
v -0.7243423 0.2329638 0.5412445
v -0.7492218 0.0342657 0.5412445
v -0.7144928 0.2312273 0.5412445
v -0.7492218 -0.5097343 0.5912476
v -0.7590714 -0.5079978 0.5912476
v -0.7144928 -0.3127728 0.5912476
v -0.7243423 -0.3110362 0.5912476
v -0.7590714 -0.5079978 0.5412445
v -0.7243423 -0.3110362 0.5412445
v -0.7492218 -0.5097343 0.5412445
v -0.7144928 -0.3127728 0.5412445
v -0.7893791 0.101212 0.5912476
v -0.8241081 0.2981735 0.5912476
v -0.8339577 0.296437 0.5912476
v -0.8339577 0.296437 0.5412445
v -0.7893791 0.101212 0.5412445
v -0.8241081 0.2981735 0.5412445
v -0.7893791 -0.3166558 0.5912476
v -0.7992249 -0.3183923 0.5912476
v -0.8241081 -0.1196942 0.5912476
v -0.8339577 -0.1214308 0.5912476
v -0.7992249 -0.3183923 0.5412445
v -0.8339577 -0.1214308 0.5412445
v -0.7893791 -0.3166558 0.5412445
v -0.8241081 -0.1196942 0.5412445
v -0.7893791 -0.7576559 0.5912476
v -0.7992249 -0.7593923 0.5912476
v -0.8241081 -0.5606943 0.5912476
v -0.8339577 -0.5624307 0.5912476
v -0.7992249 -0.7593923 0.5412445
v -0.8339577 -0.5624307 0.5412445
v -0.7893791 -0.7576559 0.5412445
v -0.8241081 -0.5606943 0.5412445
v -0.7992249 0.101212 0.5814056
v -0.7992249 0.296437 0.6259766
v -0.7992249 0.2981735 0.6161346
v -0.7492218 0.101212 0.5814056
v -0.7492218 0.2981735 0.6161346
v -0.7492218 0.296437 0.6259766
v -0.7992249 -0.1228343 0.5912476
v -0.7992249 -0.1210978 0.5814056
v -0.7992249 0.07412732 0.6259766
v -0.7992249 0.07586378 0.6161346
v -0.7492218 -0.1210978 0.5814056
v -0.7492218 0.07586378 0.6161346
v -0.7492218 -0.1228343 0.5912476
v -0.7492218 0.07412732 0.6259766
v -0.7992249 -0.3167343 0.5912476
v -0.7992249 -0.3149978 0.5814056
v -0.7992249 -0.1197727 0.6259766
v -0.7992249 -0.1180363 0.6161346
v -0.7492218 -0.3149978 0.5814056
v -0.7492218 -0.1180363 0.6161346
v -0.7492218 -0.3167343 0.5912476
v -0.7492218 -0.1197727 0.6259766
v -0.7992249 -0.7687343 0.5912476
v -0.7992249 -0.7669978 0.5814056
v -0.7992249 -0.5717727 0.6259766
v -0.7992249 -0.5700362 0.6161346
v -0.7492218 -0.7669978 0.5814056
v -0.7492218 -0.5700362 0.6161346
v -0.7492218 -0.7687343 0.5912476
v -0.7492218 -0.5717727 0.6259766
v -0.7992249 0.05534416 0.5510941
v -0.7992249 0.0536077 0.5412445
v -0.7992249 0.2523057 0.5163651
v -0.7992249 0.2505692 0.5065155
v -0.7492218 0.0536077 0.5412445
v -0.7492218 0.2505692 0.5065155
v -0.7492218 0.05534416 0.5510941
v -0.7492218 0.2523057 0.5163651
v -0.7992249 -0.1716558 0.5510941
v -0.7992249 -0.1733923 0.5412445
v -0.7992249 0.02530575 0.5163651
v -0.7992249 0.02356923 0.5065155
v -0.7492218 -0.1733923 0.5412445
v -0.7492218 0.02356923 0.5065155
v -0.7492218 -0.1716558 0.5510941
v -0.7492218 0.02530575 0.5163651
v -0.7992249 -0.5006558 0.5510941
v -0.7992249 -0.5023923 0.5412445
v -0.7992249 -0.3036942 0.5163651
v -0.7992249 -0.3054308 0.5065155
v -0.7492218 -0.5023923 0.5412445
v -0.7492218 -0.3054308 0.5065155
v -0.7492218 -0.5006558 0.5510941
v -0.7492218 -0.3036942 0.5163651
v -0.7492218 0.3994756 0.5912476
v -0.7992249 0.3994756 0.5912476
v -0.7992249 0.3994756 0.5412445
v -0.7492218 0.3994756 0.5412445
v -0.719223 -0.8005245 0.7772446
v -0.7692261 -0.8005245 0.7772446
v -0.719223 0.0994755 0.7772446
v -0.7692261 0.0994755 0.7772446
v -0.7692261 -0.8005245 0.7272415
v -0.7692261 0.0994755 0.7272415
v -0.719223 -0.8005245 0.7272415
v -0.719223 0.0994755 0.7272415
v -0.719223 0.0342657 0.7772446
v -0.7290726 0.03600216 0.7772446
v -0.684494 0.2312273 0.7772446
v -0.6943436 0.2329638 0.7772446
v -0.7290726 0.03600216 0.7272415
v -0.6943436 0.2329638 0.7272415
v -0.719223 0.0342657 0.7272415
v -0.684494 0.2312273 0.7272415
v -0.719223 -0.5097343 0.7772446
v -0.7290726 -0.5079978 0.7772446
v -0.684494 -0.3127728 0.7772446
v -0.6943436 -0.3110362 0.7772446
v -0.7290726 -0.5079978 0.7272415
v -0.6943436 -0.3110362 0.7272415
v -0.719223 -0.5097343 0.7272415
v -0.684494 -0.3127728 0.7272415
v -0.7593803 0.101212 0.7772446
v -0.7941093 0.2981735 0.7772446
v -0.8039589 0.296437 0.7772446
v -0.8039589 0.296437 0.7272415
v -0.7593803 0.101212 0.7272415
v -0.7941093 0.2981735 0.7272415
v -0.7593803 -0.3166558 0.7772446
v -0.7692261 -0.3183923 0.7772446
v -0.7941093 -0.1196942 0.7772446
v -0.8039589 -0.1214308 0.7772446
v -0.7692261 -0.3183923 0.7272415
v -0.8039589 -0.1214308 0.7272415
v -0.7593803 -0.3166558 0.7272415
v -0.7941093 -0.1196942 0.7272415
v -0.7593803 -0.7576559 0.7772446
v -0.7692261 -0.7593923 0.7772446
v -0.7941093 -0.5606943 0.7772446
v -0.8039589 -0.5624307 0.7772446
v -0.7692261 -0.7593923 0.7272415
v -0.8039589 -0.5624307 0.7272415
v -0.7593803 -0.7576559 0.7272415
v -0.7941093 -0.5606943 0.7272415
v -0.7692261 0.101212 0.7674026
v -0.7692261 0.296437 0.8119736
v -0.7692261 0.2981735 0.8021317
v -0.719223 0.101212 0.7674026
v -0.719223 0.2981735 0.8021317
v -0.719223 0.296437 0.8119736
v -0.7692261 -0.1228343 0.7772446
v -0.7692261 -0.1210978 0.7674026
v -0.7692261 0.07412732 0.8119736
v -0.7692261 0.07586378 0.8021317
v -0.719223 -0.1210978 0.7674026
v -0.719223 0.07586378 0.8021317
v -0.719223 -0.1228343 0.7772446
v -0.719223 0.07412732 0.8119736
v -0.7692261 -0.3167343 0.7772446
v -0.7692261 -0.3149978 0.7674026
v -0.7692261 -0.1197727 0.8119736
v -0.7692261 -0.1180363 0.8021317
v -0.719223 -0.3149978 0.7674026
v -0.719223 -0.1180363 0.8021317
v -0.719223 -0.3167343 0.7772446
v -0.719223 -0.1197727 0.8119736
v -0.7692261 -0.7687343 0.7772446
v -0.7692261 -0.7669978 0.7674026
v -0.7692261 -0.5717727 0.8119736
v -0.7692261 -0.5700362 0.8021317
v -0.719223 -0.7669978 0.7674026
v -0.719223 -0.5700362 0.8021317
v -0.719223 -0.7687343 0.7772446
v -0.719223 -0.5717727 0.8119736
v -0.7692261 0.05534416 0.7370911
v -0.7692261 0.0536077 0.7272415
v -0.7692261 0.2523057 0.7023621
v -0.7692261 0.2505692 0.6925125
v -0.719223 0.0536077 0.7272415
v -0.719223 0.2505692 0.6925125
v -0.719223 0.05534416 0.7370911
v -0.719223 0.2523057 0.7023621
v -0.7692261 -0.1716558 0.7370911
v -0.7692261 -0.1733923 0.7272415
v -0.7692261 0.02530575 0.7023621
v -0.7692261 0.02356923 0.6925125
v -0.719223 -0.1733923 0.7272415
v -0.719223 0.02356923 0.6925125
v -0.719223 -0.1716558 0.7370911
v -0.719223 0.02530575 0.7023621
v -0.7692261 -0.5006558 0.7370911
v -0.7692261 -0.5023923 0.7272415
v -0.7692261 -0.3036942 0.7023621
v -0.7692261 -0.3054308 0.6925125
v -0.719223 -0.5023923 0.7272415
v -0.719223 -0.3054308 0.6925125
v -0.719223 -0.5006558 0.7370911
v -0.719223 -0.3036942 0.7023621
v -0.719223 0.3994756 0.7772446
v -0.7692261 0.3994756 0.7772446
v -0.7692261 0.3994756 0.7272415
v -0.719223 0.3994756 0.7272415
v -0.719223 -0.8005245 0.9222488
v -0.7692261 -0.8005245 0.9222488
v -0.719223 0.0994755 0.9222488
v -0.7692261 0.0994755 0.9222488
v -0.7692261 -0.8005245 0.8722458
v -0.7692261 0.0994755 0.8722458
v -0.719223 -0.8005245 0.8722458
v -0.719223 0.0994755 0.8722458
v -0.719223 0.0342657 0.9222488
v -0.7290726 0.03600216 0.9222488
v -0.684494 0.2312273 0.9222488
v -0.6943436 0.2329638 0.9222488
v -0.7290726 0.03600216 0.8722458
v -0.6943436 0.2329638 0.8722458
v -0.719223 0.0342657 0.8722458
v -0.684494 0.2312273 0.8722458
v -0.719223 -0.5097343 0.9222488
v -0.7290726 -0.5079978 0.9222488
v -0.684494 -0.3127728 0.9222488
v -0.6943436 -0.3110362 0.9222488
v -0.7290726 -0.5079978 0.8722458
v -0.6943436 -0.3110362 0.8722458
v -0.719223 -0.5097343 0.8722458
v -0.684494 -0.3127728 0.8722458
v -0.7593803 0.101212 0.9222488
v -0.7941093 0.2981735 0.9222488
v -0.8039589 0.296437 0.9222488
v -0.8039589 0.296437 0.8722458
v -0.7593803 0.101212 0.8722458
v -0.7941093 0.2981735 0.8722458
v -0.7593803 -0.3166558 0.9222488
v -0.7692261 -0.3183923 0.9222488
v -0.7941093 -0.1196942 0.9222488
v -0.8039589 -0.1214308 0.9222488
v -0.7692261 -0.3183923 0.8722458
v -0.8039589 -0.1214308 0.8722458
v -0.7593803 -0.3166558 0.8722458
v -0.7941093 -0.1196942 0.8722458
v -0.7593803 -0.7576559 0.9222488
v -0.7692261 -0.7593923 0.9222488
v -0.7941093 -0.5606943 0.9222488
v -0.8039589 -0.5624307 0.9222488
v -0.7692261 -0.7593923 0.8722458
v -0.8039589 -0.5624307 0.8722458
v -0.7593803 -0.7576559 0.8722458
v -0.7941093 -0.5606943 0.8722458
v -0.7692261 0.101212 0.9124069
v -0.7692261 0.296437 0.9569778
v -0.7692261 0.2981735 0.9471359
v -0.719223 0.101212 0.9124069
v -0.719223 0.2981735 0.9471359
v -0.719223 0.296437 0.9569778
v -0.7692261 -0.1228343 0.9222488
v -0.7692261 -0.1210978 0.9124069
v -0.7692261 0.07412732 0.9569778
v -0.7692261 0.07586378 0.9471359
v -0.719223 -0.1210978 0.9124069
v -0.719223 0.07586378 0.9471359
v -0.719223 -0.1228343 0.9222488
v -0.719223 0.07412732 0.9569778
v -0.7692261 -0.3167343 0.9222488
v -0.7692261 -0.3149978 0.9124069
v -0.7692261 -0.1197727 0.9569778
v -0.7692261 -0.1180363 0.9471359
v -0.719223 -0.3149978 0.9124069
v -0.719223 -0.1180363 0.9471359
v -0.719223 -0.3167343 0.9222488
v -0.719223 -0.1197727 0.9569778
v -0.7692261 -0.7687343 0.9222488
v -0.7692261 -0.7669978 0.9124069
v -0.7692261 -0.5717727 0.9569778
v -0.7692261 -0.5700362 0.9471359
v -0.719223 -0.7669978 0.9124069
v -0.719223 -0.5700362 0.9471359
v -0.719223 -0.7687343 0.9222488
v -0.719223 -0.5717727 0.9569778
v -0.7692261 0.05534416 0.8820953
v -0.7692261 0.0536077 0.8722458
v -0.7692261 0.2523057 0.8473663
v -0.7692261 0.2505692 0.8375168
v -0.719223 0.0536077 0.8722458
v -0.719223 0.2505692 0.8375168
v -0.719223 0.05534416 0.8820953
v -0.719223 0.2523057 0.8473663
v -0.7692261 -0.1716558 0.8820953
v -0.7692261 -0.1733923 0.8722458
v -0.7692261 0.02530575 0.8473663
v -0.7692261 0.02356923 0.8375168
v -0.719223 -0.1733923 0.8722458
v -0.719223 0.02356923 0.8375168
v -0.719223 -0.1716558 0.8820953
v -0.719223 0.02530575 0.8473663
v -0.7692261 -0.5006558 0.8820953
v -0.7692261 -0.5023923 0.8722458
v -0.7692261 -0.3036942 0.8473663
v -0.7692261 -0.3054308 0.8375168
v -0.719223 -0.5023923 0.8722458
v -0.719223 -0.3054308 0.8375168
v -0.719223 -0.5006558 0.8820953
v -0.719223 -0.3036942 0.8473663
v -0.719223 0.3994756 0.9222488
v -0.7692261 0.3994756 0.9222488
v -0.7692261 0.3994756 0.8722458
v -0.719223 0.3994756 0.8722458
v -0.719223 -0.8005245 0.07724762
v -0.7692261 -0.8005245 0.07724762
v -0.719223 0.0994755 0.07724762
v -0.7692261 0.0994755 0.07724762
v -0.7692261 -0.8005245 0.02724457
v -0.7692261 0.0994755 0.02724457
v -0.719223 -0.8005245 0.02724457
v -0.719223 0.0994755 0.02724457
v -0.719223 0.0342657 0.07724762
v -0.7290726 0.03600216 0.07724762
v -0.684494 0.2312273 0.07724762
v -0.6943436 0.2329638 0.07724762
v -0.7290726 0.03600216 0.02724457
v -0.6943436 0.2329638 0.02724457
v -0.719223 0.0342657 0.02724457
v -0.684494 0.2312273 0.02724457
v -0.719223 -0.5097343 0.07724762
v -0.7290726 -0.5079978 0.07724762
v -0.684494 -0.3127728 0.07724762
v -0.6943436 -0.3110362 0.07724762
v -0.7290726 -0.5079978 0.02724457
v -0.6943436 -0.3110362 0.02724457
v -0.719223 -0.5097343 0.02724457
v -0.684494 -0.3127728 0.02724457
v -0.7593803 0.101212 0.07724762
v -0.7941093 0.2981735 0.07724762
v -0.8039589 0.296437 0.07724762
v -0.8039589 0.296437 0.02724457
v -0.7593803 0.101212 0.02724457
v -0.7941093 0.2981735 0.02724457
v -0.7593803 -0.3166558 0.07724762
v -0.7692261 -0.3183923 0.07724762
v -0.7941093 -0.1196942 0.07724762
v -0.8039589 -0.1214308 0.07724762
v -0.7692261 -0.3183923 0.02724457
v -0.8039589 -0.1214308 0.02724457
v -0.7593803 -0.3166558 0.02724457
v -0.7941093 -0.1196942 0.02724457
v -0.7593803 -0.7576559 0.07724762
v -0.7692261 -0.7593923 0.07724762
v -0.7941093 -0.5606943 0.07724762
v -0.8039589 -0.5624307 0.07724762
v -0.7692261 -0.7593923 0.02724457
v -0.8039589 -0.5624307 0.02724457
v -0.7593803 -0.7576559 0.02724457
v -0.7941093 -0.5606943 0.02724457
v -0.7692261 0.101212 0.0674057
v -0.7692261 0.296437 0.1119766
v -0.7692261 0.2981735 0.1021347
v -0.719223 0.101212 0.0674057
v -0.719223 0.2981735 0.1021347
v -0.719223 0.296437 0.1119766
v -0.7692261 -0.1228343 0.07724762
v -0.7692261 -0.1210978 0.0674057
v -0.7692261 0.07412732 0.1119766
v -0.7692261 0.07586378 0.1021347
v -0.719223 -0.1210978 0.0674057
v -0.719223 0.07586378 0.1021347
v -0.719223 -0.1228343 0.07724762
v -0.719223 0.07412732 0.1119766
v -0.7692261 -0.3167343 0.07724762
v -0.7692261 -0.3149978 0.0674057
v -0.7692261 -0.1197727 0.1119766
v -0.7692261 -0.1180363 0.1021347
v -0.719223 -0.3149978 0.0674057
v -0.719223 -0.1180363 0.1021347
v -0.719223 -0.3167343 0.07724762
v -0.719223 -0.1197727 0.1119766
v -0.7692261 -0.7687343 0.07724762
v -0.7692261 -0.7669978 0.0674057
v -0.7692261 -0.5717727 0.1119766
v -0.7692261 -0.5700362 0.1021347
v -0.719223 -0.7669978 0.0674057
v -0.719223 -0.5700362 0.1021347
v -0.719223 -0.7687343 0.07724762
v -0.719223 -0.5717727 0.1119766
v -0.7692261 0.05534416 0.03709412
v -0.7692261 0.0536077 0.02724457
v -0.7692261 0.2523057 0.002365112
v -0.7692261 0.2505692 -0.007484436
v -0.719223 0.0536077 0.02724457
v -0.719223 0.2505692 -0.007484436
v -0.719223 0.05534416 0.03709412
v -0.719223 0.2523057 0.002365112
v -0.7692261 -0.1716558 0.03709412
v -0.7692261 -0.1733923 0.02724457
v -0.7692261 0.02530575 0.002365112
v -0.7692261 0.02356923 -0.007484436
v -0.719223 -0.1733923 0.02724457
v -0.719223 0.02356923 -0.007484436
v -0.719223 -0.1716558 0.03709412
v -0.719223 0.02530575 0.002365112
v -0.7692261 -0.5006558 0.03709412
v -0.7692261 -0.5023923 0.02724457
v -0.7692261 -0.3036942 0.002365112
v -0.7692261 -0.3054308 -0.007484436
v -0.719223 -0.5023923 0.02724457
v -0.719223 -0.3054308 -0.007484436
v -0.719223 -0.5006558 0.03709412
v -0.719223 -0.3036942 0.002365112
v -0.719223 0.3994756 0.07724762
v -0.7692261 0.3994756 0.07724762
v -0.7692261 0.3994756 0.02724457
v -0.719223 0.3994756 0.02724457
v -0.4602203 -0.8005245 0.229248
v -0.5102234 -0.8005245 0.229248
v -0.4602203 0.0994755 0.229248
v -0.5102234 0.0994755 0.229248
v -0.5102234 -0.8005245 0.179245
v -0.5102234 0.0994755 0.179245
v -0.4602203 -0.8005245 0.179245
v -0.4602203 0.0994755 0.179245
v -0.4602203 0.09526569 0.229248
v -0.4700699 0.09700215 0.229248
v -0.4254913 0.2922273 0.229248
v -0.4353409 0.2939637 0.229248
v -0.4700699 0.09700215 0.179245
v -0.4353409 0.2939637 0.179245
v -0.4602203 0.09526569 0.179245
v -0.4254913 0.2922273 0.179245
v -0.4602203 -0.1867343 0.229248
v -0.4700699 -0.1849978 0.229248
v -0.4254913 0.01022726 0.229248
v -0.4353409 0.01196373 0.229248
v -0.4700699 -0.1849978 0.179245
v -0.4353409 0.01196373 0.179245
v -0.4602203 -0.1867343 0.179245
v -0.4254913 0.01022726 0.179245
v -0.4602203 -0.5097343 0.229248
v -0.4700699 -0.5079978 0.229248
v -0.4254913 -0.3127728 0.229248
v -0.4353409 -0.3110362 0.229248
v -0.4700699 -0.5079978 0.179245
v -0.4353409 -0.3110362 0.179245
v -0.4602203 -0.5097343 0.179245
v -0.4254913 -0.3127728 0.179245
v -0.5003777 0.101212 0.229248
v -0.5351067 0.2981735 0.229248
v -0.5449562 0.296437 0.229248
v -0.5449562 0.296437 0.179245
v -0.5003777 0.101212 0.179245
v -0.5351067 0.2981735 0.179245
v -0.5003777 -0.3166558 0.229248
v -0.5102234 -0.3183923 0.229248
v -0.5351067 -0.1196942 0.229248
v -0.5449562 -0.1214308 0.229248
v -0.5102234 -0.3183923 0.179245
v -0.5449562 -0.1214308 0.179245
v -0.5003777 -0.3166558 0.179245
v -0.5351067 -0.1196942 0.179245
v -0.5003777 -0.7576559 0.229248
v -0.5102234 -0.7593923 0.229248
v -0.5351067 -0.5606943 0.229248
v -0.5449562 -0.5624307 0.229248
v -0.5102234 -0.7593923 0.179245
v -0.5449562 -0.5624307 0.179245
v -0.5003777 -0.7576559 0.179245
v -0.5351067 -0.5606943 0.179245
v -0.5102234 0.02726573 0.229248
v -0.5102234 0.02900219 0.2194061
v -0.5102234 0.2242273 0.2639771
v -0.5102234 0.2259638 0.2541351
v -0.4602203 0.02900219 0.2194061
v -0.4602203 0.2259638 0.2541351
v -0.4602203 0.02726573 0.229248
v -0.4602203 0.2242273 0.2639771
v -0.5102234 -0.1228343 0.229248
v -0.5102234 -0.1210978 0.2194061
v -0.5102234 0.07412732 0.2639771
v -0.5102234 0.07586378 0.2541351
v -0.4602203 -0.1210978 0.2194061
v -0.4602203 0.07586378 0.2541351
v -0.4602203 -0.1228343 0.229248
v -0.4602203 0.07412732 0.2639771
v -0.5102234 -0.4957343 0.229248
v -0.5102234 -0.4939978 0.2194061
v -0.5102234 -0.2987728 0.2639771
v -0.5102234 -0.2970362 0.2541351
v -0.4602203 -0.4939978 0.2194061
v -0.4602203 -0.2970362 0.2541351
v -0.4602203 -0.4957343 0.229248
v -0.4602203 -0.2987728 0.2639771
v -0.5102234 -0.7687343 0.229248
v -0.5102234 -0.7669978 0.2194061
v -0.5102234 -0.5717727 0.2639771
v -0.5102234 -0.5700362 0.2541351
v -0.4602203 -0.7669978 0.2194061
v -0.4602203 -0.5700362 0.2541351
v -0.4602203 -0.7687343 0.229248
v -0.4602203 -0.5717727 0.2639771
v -0.5102234 0.05534416 0.1890945
v -0.5102234 0.0536077 0.179245
v -0.5102234 0.2523057 0.1543655
v -0.5102234 0.2505692 0.144516
v -0.4602203 0.0536077 0.179245
v -0.4602203 0.2505692 0.144516
v -0.4602203 0.05534416 0.1890945
v -0.4602203 0.2523057 0.1543655
v -0.5102234 -0.1716558 0.1890945
v -0.5102234 -0.1733923 0.179245
v -0.5102234 0.02530575 0.1543655
v -0.5102234 0.02356923 0.144516
v -0.4602203 -0.1733923 0.179245
v -0.4602203 0.02356923 0.144516
v -0.4602203 -0.1716558 0.1890945
v -0.4602203 0.02530575 0.1543655
v -0.5102234 -0.5006558 0.1890945
v -0.5102234 -0.5023923 0.179245
v -0.5102234 -0.3036942 0.1543655
v -0.5102234 -0.3054308 0.144516
v -0.4602203 -0.5023923 0.179245
v -0.4602203 -0.3054308 0.144516
v -0.4602203 -0.5006558 0.1890945
v -0.4602203 -0.3036942 0.1543655
v -0.3972206 -0.8005245 0.4132462
v -0.4472237 -0.8005245 0.4132462
v -0.3972206 0.0994755 0.4132462
v -0.4472237 0.0994755 0.4132462
v -0.4472237 -0.8005245 0.3632431
v -0.4472237 0.0994755 0.3632431
v -0.3972206 -0.8005245 0.3632431
v -0.3972206 0.0994755 0.3632431
v -0.3972206 0.09526569 0.4132462
v -0.4070702 0.09700215 0.4132462
v -0.3624916 0.2922273 0.4132462
v -0.3723412 0.2939637 0.4132462
v -0.4070702 0.09700215 0.3632431
v -0.3723412 0.2939637 0.3632431
v -0.3972206 0.09526569 0.3632431
v -0.3624916 0.2922273 0.3632431
v -0.3972206 -0.1867343 0.4132462
v -0.4070702 -0.1849978 0.4132462
v -0.3624916 0.01022726 0.4132462
v -0.3723412 0.01196373 0.4132462
v -0.4070702 -0.1849978 0.3632431
v -0.3723412 0.01196373 0.3632431
v -0.3972206 -0.1867343 0.3632431
v -0.3624916 0.01022726 0.3632431
v -0.3972206 -0.5097343 0.4132462
v -0.4070702 -0.5079978 0.4132462
v -0.3624916 -0.3127728 0.4132462
v -0.3723412 -0.3110362 0.4132462
v -0.4070702 -0.5079978 0.3632431
v -0.3723412 -0.3110362 0.3632431
v -0.3972206 -0.5097343 0.3632431
v -0.3624916 -0.3127728 0.3632431
v -0.4373779 0.101212 0.4132462
v -0.4721069 0.2981735 0.4132462
v -0.4819565 0.296437 0.4132462
v -0.4819565 0.296437 0.3632431
v -0.4373779 0.101212 0.3632431
v -0.4721069 0.2981735 0.3632431
v -0.4373779 -0.3166558 0.4132462
v -0.4472237 -0.3183923 0.4132462
v -0.4721069 -0.1196942 0.4132462
v -0.4819565 -0.1214308 0.4132462
v -0.4472237 -0.3183923 0.3632431
v -0.4819565 -0.1214308 0.3632431
v -0.4373779 -0.3166558 0.3632431
v -0.4721069 -0.1196942 0.3632431
v -0.4373779 -0.7576559 0.4132462
v -0.4472237 -0.7593923 0.4132462
v -0.4721069 -0.5606943 0.4132462
v -0.4819565 -0.5624307 0.4132462
v -0.4472237 -0.7593923 0.3632431
v -0.4819565 -0.5624307 0.3632431
v -0.4373779 -0.7576559 0.3632431
v -0.4721069 -0.5606943 0.3632431
v -0.4472237 0.02726573 0.4132462
v -0.4472237 0.02900219 0.4034042
v -0.4472237 0.2242273 0.4479752
v -0.4472237 0.2259638 0.4381332
v -0.3972206 0.02900219 0.4034042
v -0.3972206 0.2259638 0.4381332
v -0.3972206 0.02726573 0.4132462
v -0.3972206 0.2242273 0.4479752
v -0.4472237 -0.1228343 0.4132462
v -0.4472237 -0.1210978 0.4034042
v -0.4472237 0.07412732 0.4479752
v -0.4472237 0.07586378 0.4381332
v -0.3972206 -0.1210978 0.4034042
v -0.3972206 0.07586378 0.4381332
v -0.3972206 -0.1228343 0.4132462
v -0.3972206 0.07412732 0.4479752
v -0.4472237 -0.4957343 0.4132462
v -0.4472237 -0.4939978 0.4034042
v -0.4472237 -0.2987728 0.4479752
v -0.4472237 -0.2970362 0.4381332
v -0.3972206 -0.4939978 0.4034042
v -0.3972206 -0.2970362 0.4381332
v -0.3972206 -0.4957343 0.4132462
v -0.3972206 -0.2987728 0.4479752
v -0.4472237 -0.7687343 0.4132462
v -0.4472237 -0.7669978 0.4034042
v -0.4472237 -0.5717727 0.4479752
v -0.4472237 -0.5700362 0.4381332
v -0.3972206 -0.7669978 0.4034042
v -0.3972206 -0.5700362 0.4381332
v -0.3972206 -0.7687343 0.4132462
v -0.3972206 -0.5717727 0.4479752
v -0.4472237 0.05534416 0.3730927
v -0.4472237 0.0536077 0.3632431
v -0.4472237 0.2523057 0.3383636
v -0.4472237 0.2505692 0.3285141
v -0.3972206 0.0536077 0.3632431
v -0.3972206 0.2505692 0.3285141
v -0.3972206 0.05534416 0.3730927
v -0.3972206 0.2523057 0.3383636
v -0.4472237 -0.1716558 0.3730927
v -0.4472237 -0.1733923 0.3632431
v -0.4472237 0.02530575 0.3383636
v -0.4472237 0.02356923 0.3285141
v -0.3972206 -0.1733923 0.3632431
v -0.3972206 0.02356923 0.3285141
v -0.3972206 -0.1716558 0.3730927
v -0.3972206 0.02530575 0.3383636
v -0.4472237 -0.5006558 0.3730927
v -0.4472237 -0.5023923 0.3632431
v -0.4472237 -0.3036942 0.3383636
v -0.4472237 -0.3054308 0.3285141
v -0.3972206 -0.5023923 0.3632431
v -0.3972206 -0.3054308 0.3285141
v -0.3972206 -0.5006558 0.3730927
v -0.3972206 -0.3036942 0.3383636
v -0.3972206 0.3994756 0.4132462
v -0.4472237 0.3994756 0.4132462
v -0.4472237 0.3994756 0.3632431
v -0.3972206 0.3994756 0.3632431
v -0.4602203 0.3994756 0.229248
v -0.5102234 0.3994756 0.229248
v -0.5102234 0.3994756 0.179245
v -0.4602203 0.3994756 0.179245
v -0.549221 -0.8005245 0.505249
v -0.5992241 -0.8005245 0.505249
v -0.549221 0.0994755 0.505249
v -0.5992241 0.0994755 0.505249
v -0.5992241 -0.8005245 0.455246
v -0.5992241 0.0994755 0.455246
v -0.549221 -0.8005245 0.455246
v -0.549221 0.0994755 0.455246
v -0.549221 0.09526569 0.505249
v -0.5590706 0.09700215 0.505249
v -0.514492 0.2922273 0.505249
v -0.5243416 0.2939637 0.505249
v -0.5590706 0.09700215 0.455246
v -0.5243416 0.2939637 0.455246
v -0.549221 0.09526569 0.455246
v -0.514492 0.2922273 0.455246
v -0.549221 -0.1867343 0.505249
v -0.5590706 -0.1849978 0.505249
v -0.514492 0.01022726 0.505249
v -0.5243416 0.01196373 0.505249
v -0.5590706 -0.1849978 0.455246
v -0.5243416 0.01196373 0.455246
v -0.549221 -0.1867343 0.455246
v -0.514492 0.01022726 0.455246
v -0.549221 -0.5097343 0.505249
v -0.5590706 -0.5079978 0.505249
v -0.514492 -0.3127728 0.505249
v -0.5243416 -0.3110362 0.505249
v -0.5590706 -0.5079978 0.455246
v -0.5243416 -0.3110362 0.455246
v -0.549221 -0.5097343 0.455246
v -0.514492 -0.3127728 0.455246
v -0.5893784 0.101212 0.505249
v -0.6241074 0.2981735 0.505249
v -0.6339569 0.296437 0.505249
v -0.6339569 0.296437 0.455246
v -0.5893784 0.101212 0.455246
v -0.6241074 0.2981735 0.455246
v -0.5893784 -0.3166558 0.505249
v -0.5992241 -0.3183923 0.505249
v -0.6241074 -0.1196942 0.505249
v -0.6339569 -0.1214308 0.505249
v -0.5992241 -0.3183923 0.455246
v -0.6339569 -0.1214308 0.455246
v -0.5893784 -0.3166558 0.455246
v -0.6241074 -0.1196942 0.455246
v -0.5893784 -0.7576559 0.505249
v -0.5992241 -0.7593923 0.505249
v -0.6241074 -0.5606943 0.505249
v -0.6339569 -0.5624307 0.505249
v -0.5992241 -0.7593923 0.455246
v -0.6339569 -0.5624307 0.455246
v -0.5893784 -0.7576559 0.455246
v -0.6241074 -0.5606943 0.455246
v -0.5992241 0.02726573 0.505249
v -0.5992241 0.02900219 0.4954071
v -0.5992241 0.2242273 0.539978
v -0.5992241 0.2259638 0.5301361
v -0.549221 0.02900219 0.4954071
v -0.549221 0.2259638 0.5301361
v -0.549221 0.02726573 0.505249
v -0.549221 0.2242273 0.539978
v -0.5992241 -0.1228343 0.505249
v -0.5992241 -0.1210978 0.4954071
v -0.5992241 0.07412732 0.539978
v -0.5992241 0.07586378 0.5301361
v -0.549221 -0.1210978 0.4954071
v -0.549221 0.07586378 0.5301361
v -0.549221 -0.1228343 0.505249
v -0.549221 0.07412732 0.539978
v -0.5992241 -0.4957343 0.505249
v -0.5992241 -0.4939978 0.4954071
v -0.5992241 -0.2987728 0.539978
v -0.5992241 -0.2970362 0.5301361
v -0.549221 -0.4939978 0.4954071
v -0.549221 -0.2970362 0.5301361
v -0.549221 -0.4957343 0.505249
v -0.549221 -0.2987728 0.539978
v -0.5992241 -0.7687343 0.505249
v -0.5992241 -0.7669978 0.4954071
v -0.5992241 -0.5717727 0.539978
v -0.5992241 -0.5700362 0.5301361
v -0.549221 -0.7669978 0.4954071
v -0.549221 -0.5700362 0.5301361
v -0.549221 -0.7687343 0.505249
v -0.549221 -0.5717727 0.539978
v -0.5992241 0.05534416 0.4650879
v -0.5992241 0.0536077 0.4552383
v -0.5992241 0.2523057 0.4303589
v -0.5992241 0.2505692 0.4205093
v -0.549221 0.0536077 0.4552383
v -0.549221 0.2505692 0.4205093
v -0.549221 0.05534416 0.4650879
v -0.549221 0.2523057 0.4303589
v -0.5992241 -0.1716558 0.4650879
v -0.5992241 -0.1733923 0.4552383
v -0.5992241 0.02530575 0.4303589
v -0.5992241 0.02356923 0.4205093
v -0.549221 -0.1733923 0.4552383
v -0.549221 0.02356923 0.4205093
v -0.549221 -0.1716558 0.4650879
v -0.549221 0.02530575 0.4303589
v -0.5992241 -0.5006558 0.4650879
v -0.5992241 -0.5023923 0.4552383
v -0.5992241 -0.3036942 0.4303589
v -0.5992241 -0.3054308 0.4205093
v -0.549221 -0.5023923 0.4552383
v -0.549221 -0.3054308 0.4205093
v -0.549221 -0.5006558 0.4650879
v -0.549221 -0.3036942 0.4303589
v -0.5192223 -0.8005245 0.7772446
v -0.5692253 -0.8005245 0.7772446
v -0.5192223 0.0994755 0.7772446
v -0.5692253 0.0994755 0.7772446
v -0.5692253 -0.8005245 0.7272415
v -0.5692253 0.0994755 0.7272415
v -0.5192223 -0.8005245 0.7272415
v -0.5192223 0.0994755 0.7272415
v -0.5192223 0.09526569 0.7772446
v -0.5290718 0.09700215 0.7772446
v -0.4844933 0.2922273 0.7772446
v -0.4943428 0.2939637 0.7772446
v -0.5290718 0.09700215 0.7272415
v -0.4943428 0.2939637 0.7272415
v -0.5192223 0.09526569 0.7272415
v -0.4844933 0.2922273 0.7272415
v -0.5192223 -0.1867343 0.7772446
v -0.5290718 -0.1849978 0.7772446
v -0.4844933 0.01022726 0.7772446
v -0.4943428 0.01196373 0.7772446
v -0.5290718 -0.1849978 0.7272415
v -0.4943428 0.01196373 0.7272415
v -0.5192223 -0.1867343 0.7272415
v -0.4844933 0.01022726 0.7272415
v -0.5192223 -0.5097343 0.7772446
v -0.5290718 -0.5079978 0.7772446
v -0.4844933 -0.3127727 0.7772446
v -0.4943428 -0.3110362 0.7772446
v -0.5290718 -0.5079978 0.7272415
v -0.4943428 -0.3110362 0.7272415
v -0.5192223 -0.5097343 0.7272415
v -0.4844933 -0.3127727 0.7272415
v -0.5593796 0.101212 0.7772446
v -0.5941086 0.2981735 0.7772446
v -0.6039581 0.296437 0.7772446
v -0.6039581 0.296437 0.7272415
v -0.5593796 0.101212 0.7272415
v -0.5941086 0.2981735 0.7272415
v -0.5593796 -0.3166558 0.7772446
v -0.5692253 -0.3183923 0.7772446
v -0.5941086 -0.1196942 0.7772446
v -0.6039581 -0.1214308 0.7772446
v -0.5692253 -0.3183923 0.7272415
v -0.6039581 -0.1214308 0.7272415
v -0.5593796 -0.3166558 0.7272415
v -0.5941086 -0.1196942 0.7272415
v -0.5593796 -0.7576558 0.7772446
v -0.5692253 -0.7593923 0.7772446
v -0.5941086 -0.5606942 0.7772446
v -0.6039581 -0.5624307 0.7772446
v -0.5692253 -0.7593923 0.7272415
v -0.6039581 -0.5624307 0.7272415
v -0.5593796 -0.7576558 0.7272415
v -0.5941086 -0.5606942 0.7272415
v -0.5692253 0.02726573 0.7772522
v -0.5692253 0.02900219 0.7674103
v -0.5692253 0.2242273 0.8119812
v -0.5692253 0.2259638 0.8021393
v -0.5192223 0.02900219 0.7674103
v -0.5192223 0.2259638 0.8021393
v -0.5192223 0.02726573 0.7772522
v -0.5192223 0.2242273 0.8119812
v -0.5692253 -0.1228343 0.7772522
v -0.5692253 -0.1210978 0.7674103
v -0.5692253 0.07412732 0.8119812
v -0.5692253 0.07586378 0.8021393
v -0.5192223 -0.1210978 0.7674103
v -0.5192223 0.07586378 0.8021393
v -0.5192223 -0.1228343 0.7772522
v -0.5192223 0.07412732 0.8119812
v -0.5692253 -0.4957343 0.7772522
v -0.5692253 -0.4939978 0.7674103
v -0.5692253 -0.2987727 0.8119812
v -0.5692253 -0.2970362 0.8021393
v -0.5192223 -0.4939978 0.7674103
v -0.5192223 -0.2970362 0.8021393
v -0.5192223 -0.4957343 0.7772522
v -0.5192223 -0.2987727 0.8119812
v -0.5692253 -0.7687343 0.7772522
v -0.5692253 -0.7669978 0.7674103
v -0.5692253 -0.5717727 0.8119812
v -0.5692253 -0.5700362 0.8021393
v -0.5192223 -0.7669978 0.7674103
v -0.5192223 -0.5700362 0.8021393
v -0.5192223 -0.7687343 0.7772522
v -0.5192223 -0.5717727 0.8119812
v -0.5692253 0.05534416 0.7370911
v -0.5692253 0.0536077 0.7272415
v -0.5692253 0.2523057 0.7023621
v -0.5692253 0.2505692 0.6925125
v -0.5192223 0.0536077 0.7272415
v -0.5192223 0.2505692 0.6925125
v -0.5192223 0.05534416 0.7370911
v -0.5192223 0.2523057 0.7023621
v -0.5692253 -0.1716558 0.7370911
v -0.5692253 -0.1733923 0.7272415
v -0.5692253 0.02530575 0.7023621
v -0.5692253 0.02356923 0.6925125
v -0.5192223 -0.1733923 0.7272415
v -0.5192223 0.02356923 0.6925125
v -0.5192223 -0.1716558 0.7370911
v -0.5192223 0.02530575 0.7023621
v -0.5692253 -0.5006558 0.7370911
v -0.5692253 -0.5023923 0.7272415
v -0.5692253 -0.3036943 0.7023621
v -0.5692253 -0.3054308 0.6925125
v -0.5192223 -0.5023923 0.7272415
v -0.5192223 -0.3054308 0.6925125
v -0.5192223 -0.5006558 0.7370911
v -0.5192223 -0.3036943 0.7023621
v -0.5192223 0.3994756 0.7772446
v -0.5692253 0.3994756 0.7772446
v -0.5692253 0.3994756 0.7272415
v -0.5192223 0.3994756 0.7272415
v -0.549221 0.3994756 0.505249
v -0.5992241 0.3994756 0.505249
v -0.5992241 0.3994756 0.455246
v -0.549221 0.3994756 0.455246
v -0.5192223 -0.8005245 0.9222488
v -0.5692253 -0.8005245 0.9222488
v -0.5192223 0.0994755 0.9222488
v -0.5692253 0.0994755 0.9222488
v -0.5692253 -0.8005245 0.8722458
v -0.5692253 0.0994755 0.8722458
v -0.5192223 -0.8005245 0.8722458
v -0.5192223 0.0994755 0.8722458
v -0.5192223 0.09526569 0.9222488
v -0.5290718 0.09700215 0.9222488
v -0.4844933 0.2922273 0.9222488
v -0.4943428 0.2939637 0.9222488
v -0.5290718 0.09700215 0.8722458
v -0.4943428 0.2939637 0.8722458
v -0.5192223 0.09526569 0.8722458
v -0.4844933 0.2922273 0.8722458
v -0.5192223 -0.1867343 0.9222488
v -0.5290718 -0.1849978 0.9222488
v -0.4844933 0.01022726 0.9222488
v -0.4943428 0.01196373 0.9222488
v -0.5290718 -0.1849978 0.8722458
v -0.4943428 0.01196373 0.8722458
v -0.5192223 -0.1867343 0.8722458
v -0.4844933 0.01022726 0.8722458
v -0.5192223 -0.5097343 0.9222488
v -0.5290718 -0.5079978 0.9222488
v -0.4844933 -0.3127728 0.9222488
v -0.4943428 -0.3110362 0.9222488
v -0.5290718 -0.5079978 0.8722458
v -0.4943428 -0.3110362 0.8722458
v -0.5192223 -0.5097343 0.8722458
v -0.4844933 -0.3127728 0.8722458
v -0.5593796 0.101212 0.9222488
v -0.5941086 0.2981735 0.9222488
v -0.6039581 0.296437 0.9222488
v -0.6039581 0.296437 0.8722458
v -0.5593796 0.101212 0.8722458
v -0.5941086 0.2981735 0.8722458
v -0.5593796 -0.3166558 0.9222488
v -0.5692253 -0.3183923 0.9222488
v -0.5941086 -0.1196942 0.9222488
v -0.6039581 -0.1214308 0.9222488
v -0.5692253 -0.3183923 0.8722458
v -0.6039581 -0.1214308 0.8722458
v -0.5593796 -0.3166558 0.8722458
v -0.5941086 -0.1196942 0.8722458
v -0.5593796 -0.7576559 0.9222488
v -0.5692253 -0.7593923 0.9222488
v -0.5941086 -0.5606943 0.9222488
v -0.6039581 -0.5624307 0.9222488
v -0.5692253 -0.7593923 0.8722458
v -0.6039581 -0.5624307 0.8722458
v -0.5593796 -0.7576559 0.8722458
v -0.5941086 -0.5606943 0.8722458
v -0.5692253 0.02726573 0.9222565
v -0.5692253 0.02900219 0.9124146
v -0.5692253 0.2242273 0.9569855
v -0.5692253 0.2259638 0.9471436
v -0.5192223 0.02900219 0.9124146
v -0.5192223 0.2259638 0.9471436
v -0.5192223 0.02726573 0.9222565
v -0.5192223 0.2242273 0.9569855
v -0.5692253 -0.1228343 0.9222565
v -0.5692253 -0.1210978 0.9124146
v -0.5692253 0.07412732 0.9569855
v -0.5692253 0.07586378 0.9471436
v -0.5192223 -0.1210978 0.9124146
v -0.5192223 0.07586378 0.9471436
v -0.5192223 -0.1228343 0.9222565
v -0.5192223 0.07412732 0.9569855
v -0.5692253 -0.4957343 0.9222565
v -0.5692253 -0.4939978 0.9124146
v -0.5692253 -0.2987728 0.9569855
v -0.5692253 -0.2970362 0.9471436
v -0.5192223 -0.4939978 0.9124146
v -0.5192223 -0.2970362 0.9471436
v -0.5192223 -0.4957343 0.9222565
v -0.5192223 -0.2987728 0.9569855
v -0.5692253 -0.7687343 0.9222565
v -0.5692253 -0.7669978 0.9124146
v -0.5692253 -0.5717727 0.9569855
v -0.5692253 -0.5700362 0.9471436
v -0.5192223 -0.7669978 0.9124146
v -0.5192223 -0.5700362 0.9471436
v -0.5192223 -0.7687343 0.9222565
v -0.5192223 -0.5717727 0.9569855
v -0.5692253 0.05534416 0.8820953
v -0.5692253 0.0536077 0.8722458
v -0.5692253 0.2523057 0.8473663
v -0.5692253 0.2505692 0.8375168
v -0.5192223 0.0536077 0.8722458
v -0.5192223 0.2505692 0.8375168
v -0.5192223 0.05534416 0.8820953
v -0.5192223 0.2523057 0.8473663
v -0.5692253 -0.1716558 0.8820953
v -0.5692253 -0.1733923 0.8722458
v -0.5692253 0.02530575 0.8473663
v -0.5692253 0.02356923 0.8375168
v -0.5192223 -0.1733923 0.8722458
v -0.5192223 0.02356923 0.8375168
v -0.5192223 -0.1716558 0.8820953
v -0.5192223 0.02530575 0.8473663
v -0.5692253 -0.5006558 0.8820953
v -0.5692253 -0.5023923 0.8722458
v -0.5692253 -0.3036942 0.8473663
v -0.5692253 -0.3054308 0.8375168
v -0.5192223 -0.5023923 0.8722458
v -0.5192223 -0.3054308 0.8375168
v -0.5192223 -0.5006558 0.8820953
v -0.5192223 -0.3036942 0.8473663
v -0.5192223 0.3994756 0.9222488
v -0.5692253 0.3994756 0.9222488
v -0.5692253 0.3994756 0.8722458
v -0.5192223 0.3994756 0.8722458
v -0.4402237 -0.8005245 0.07724762
v -0.4902267 -0.8005245 0.07724762
v -0.4402237 0.0994755 0.07724762
v -0.4902267 0.0994755 0.07724762
v -0.4902267 -0.8005245 0.02724457
v -0.4902267 0.0994755 0.02724457
v -0.4402237 -0.8005245 0.02724457
v -0.4402237 0.0994755 0.02724457
v -0.4402237 0.09526569 0.07724762
v -0.4500732 0.09700215 0.07724762
v -0.4054947 0.2922273 0.07724762
v -0.4153442 0.2939637 0.07724762
v -0.4500732 0.09700215 0.02724457
v -0.4153442 0.2939637 0.02724457
v -0.4402237 0.09526569 0.02724457
v -0.4054947 0.2922273 0.02724457
v -0.4402237 -0.1867343 0.07724762
v -0.4500732 -0.1849978 0.07724762
v -0.4054947 0.01022726 0.07724762
v -0.4153442 0.01196373 0.07724762
v -0.4500732 -0.1849978 0.02724457
v -0.4153442 0.01196373 0.02724457
v -0.4402237 -0.1867343 0.02724457
v -0.4054947 0.01022726 0.02724457
v -0.4402237 -0.5097343 0.07724762
v -0.4500732 -0.5079978 0.07724762
v -0.4054947 -0.3127728 0.07724762
v -0.4153442 -0.3110362 0.07724762
v -0.4500732 -0.5079978 0.02724457
v -0.4153442 -0.3110362 0.02724457
v -0.4402237 -0.5097343 0.02724457
v -0.4054947 -0.3127728 0.02724457
v -0.4803772 0.101212 0.07724762
v -0.5151062 0.2981735 0.07724762
v -0.5249557 0.296437 0.07724762
v -0.5249557 0.296437 0.02724457
v -0.4803772 0.101212 0.02724457
v -0.5151062 0.2981735 0.02724457
v -0.4803772 -0.3166558 0.07724762
v -0.4902229 -0.3183923 0.07724762
v -0.5151062 -0.1196942 0.07724762
v -0.5249557 -0.1214308 0.07724762
v -0.4902229 -0.3183923 0.02724457
v -0.5249557 -0.1214308 0.02724457
v -0.4803772 -0.3166558 0.02724457
v -0.5151062 -0.1196942 0.02724457
v -0.4803772 -0.7576559 0.07724762
v -0.4902229 -0.7593923 0.07724762
v -0.5151062 -0.5606943 0.07724762
v -0.5249557 -0.5624307 0.07724762
v -0.4902229 -0.7593923 0.02724457
v -0.5249557 -0.5624307 0.02724457
v -0.4803772 -0.7576559 0.02724457
v -0.5151062 -0.5606943 0.02724457
v -0.4902229 0.02726573 0.07725525
v -0.4902229 0.02900219 0.06741333
v -0.4902229 0.2242273 0.1119843
v -0.4902229 0.2259638 0.1021423
v -0.4402199 0.02900219 0.06741333
v -0.4402199 0.2259638 0.1021423
v -0.4402199 0.02726573 0.07725525
v -0.4402199 0.2242273 0.1119843
v -0.4902229 -0.1228343 0.07725525
v -0.4902229 -0.1210978 0.06741333
v -0.4902229 0.07412732 0.1119843
v -0.4902229 0.07586378 0.1021423
v -0.4402199 -0.1210978 0.06741333
v -0.4402199 0.07586378 0.1021423
v -0.4402199 -0.1228343 0.07725525
v -0.4402199 0.07412732 0.1119843
v -0.4902229 -0.4957343 0.07725525
v -0.4902229 -0.4939978 0.06741333
v -0.4902229 -0.2987728 0.1119843
v -0.4902229 -0.2970362 0.1021423
v -0.4402199 -0.4939978 0.06741333
v -0.4402199 -0.2970362 0.1021423
v -0.4402199 -0.4957343 0.07725525
v -0.4402199 -0.2987728 0.1119843
v -0.4902229 -0.7687343 0.07725525
v -0.4902229 -0.7669978 0.06741333
v -0.4902229 -0.5717727 0.1119843
v -0.4902229 -0.5700362 0.1021423
v -0.4402199 -0.7669978 0.06741333
v -0.4402199 -0.5700362 0.1021423
v -0.4402199 -0.7687343 0.07725525
v -0.4402199 -0.5717727 0.1119843
v -0.4902229 0.05534416 0.03709412
v -0.4902229 0.0536077 0.02724457
v -0.4902229 0.2523057 0.002365112
v -0.4902229 0.2505692 -0.007484436
v -0.4402199 0.0536077 0.02724457
v -0.4402199 0.2505692 -0.007484436
v -0.4402199 0.05534416 0.03709412
v -0.4402199 0.2523057 0.002365112
v -0.4902229 -0.1716558 0.03709412
v -0.4902229 -0.1733923 0.02724457
v -0.4902229 0.02530575 0.002365112
v -0.4902229 0.02356923 -0.007484436
v -0.4402199 -0.1733923 0.02724457
v -0.4402199 0.02356923 -0.007484436
v -0.4402199 -0.1716558 0.03709412
v -0.4402199 0.02530575 0.002365112
v -0.4902229 -0.5006558 0.03709412
v -0.4902229 -0.5023923 0.02724457
v -0.4902229 -0.3036942 0.002365112
v -0.4902229 -0.3054308 -0.007484436
v -0.4402199 -0.5023923 0.02724457
v -0.4402199 -0.3054308 -0.007484436
v -0.4402199 -0.5006558 0.03709412
v -0.4402199 -0.3036942 0.002365112
v -0.4402237 0.3994756 0.07724762
v -0.4902267 0.3994756 0.07724762
v -0.4902267 0.3994756 0.02724457
v -0.4402237 0.3994756 0.02724457
v -0.2182236 -0.8005245 0.3062515
v -0.2682266 -0.8005245 0.3062515
v -0.2182236 0.0994755 0.3062515
v -0.2682266 0.0994755 0.3062515
v -0.2682266 -0.8005245 0.2562485
v -0.2682266 0.0994755 0.2562485
v -0.2182236 -0.8005245 0.2562485
v -0.2182236 0.0994755 0.2562485
v -0.2182236 0.0342657 0.3062515
v -0.2280731 0.03600216 0.3062515
v -0.1834946 0.2312273 0.3062515
v -0.1933441 0.2329638 0.3062515
v -0.2280731 0.03600216 0.2562485
v -0.1933441 0.2329638 0.2562485
v -0.2182236 0.0342657 0.2562485
v -0.1834946 0.2312273 0.2562485
v -0.2182236 -0.5097343 0.3062515
v -0.2280731 -0.5079978 0.3062515
v -0.1834946 -0.3127728 0.3062515
v -0.1933441 -0.3110362 0.3062515
v -0.2280731 -0.5079978 0.2562485
v -0.1933441 -0.3110362 0.2562485
v -0.2182236 -0.5097343 0.2562485
v -0.1834946 -0.3127728 0.2562485
v -0.2583771 0.101212 0.3062515
v -0.2931061 0.2981735 0.3062515
v -0.3029556 0.296437 0.3062515
v -0.3029556 0.296437 0.2562485
v -0.2583771 0.101212 0.2562485
v -0.2931061 0.2981735 0.2562485
v -0.2583771 -0.3166558 0.3062515
v -0.2682228 -0.3183923 0.3062515
v -0.2931061 -0.1196942 0.3062515
v -0.3029556 -0.1214308 0.3062515
v -0.2682228 -0.3183923 0.2562485
v -0.3029556 -0.1214308 0.2562485
v -0.2583771 -0.3166558 0.2562485
v -0.2931061 -0.1196942 0.2562485
v -0.2583771 -0.7576559 0.3062515
v -0.2682228 -0.7593923 0.3062515
v -0.2931061 -0.5606943 0.3062515
v -0.3029556 -0.5624307 0.3062515
v -0.2682228 -0.7593923 0.2562485
v -0.3029556 -0.5624307 0.2562485
v -0.2583771 -0.7576559 0.2562485
v -0.2931061 -0.5606943 0.2562485
v -0.2682228 -0.007734299 0.3062515
v -0.2682228 -0.005997777 0.2964096
v -0.2682228 0.1892272 0.3409805
v -0.2682228 0.1909637 0.3311386
v -0.2182198 -0.005997777 0.2964096
v -0.2182198 0.1909637 0.3311386
v -0.2182198 -0.007734299 0.3062515
v -0.2182198 0.1892272 0.3409805
v -0.2682228 -0.1228343 0.3062515
v -0.2682228 -0.1210978 0.2964096
v -0.2682228 0.07412732 0.3409805
v -0.2682228 0.07586378 0.3311386
v -0.2182198 -0.1210978 0.2964096
v -0.2182198 0.07586378 0.3311386
v -0.2182198 -0.1228343 0.3062515
v -0.2182198 0.07412732 0.3409805
v -0.2682228 -0.3167343 0.3062515
v -0.2682228 -0.3149978 0.2964096
v -0.2682228 -0.1197727 0.3409805
v -0.2682228 -0.1180363 0.3311386
v -0.2182198 -0.3149978 0.2964096
v -0.2182198 -0.1180363 0.3311386
v -0.2182198 -0.3167343 0.3062515
v -0.2182198 -0.1197727 0.3409805
v -0.2682228 -0.7687343 0.3062515
v -0.2682228 -0.7669978 0.2964096
v -0.2682228 -0.5717727 0.3409805
v -0.2682228 -0.5700362 0.3311386
v -0.2182198 -0.7669978 0.2964096
v -0.2182198 -0.5700362 0.3311386
v -0.2182198 -0.7687343 0.3062515
v -0.2182198 -0.5717727 0.3409805
v -0.2682228 0.05534416 0.2660904
v -0.2682228 0.0536077 0.2562408
v -0.2682228 0.2523057 0.2313614
v -0.2682228 0.2505692 0.2215118
v -0.2182198 0.0536077 0.2562408
v -0.2182198 0.2505692 0.2215118
v -0.2182198 0.05534416 0.2660904
v -0.2182198 0.2523057 0.2313614
v -0.2682228 -0.1716558 0.2660904
v -0.2682228 -0.1733923 0.2562408
v -0.2682228 0.02530575 0.2313614
v -0.2682228 0.02356923 0.2215118
v -0.2182198 -0.1733923 0.2562408
v -0.2182198 0.02356923 0.2215118
v -0.2182198 -0.1716558 0.2660904
v -0.2182198 0.02530575 0.2313614
v -0.2682228 -0.5006558 0.2660904
v -0.2682228 -0.5023923 0.2562408
v -0.2682228 -0.3036942 0.2313614
v -0.2682228 -0.3054308 0.2215118
v -0.2182198 -0.5023923 0.2562408
v -0.2182198 -0.3054308 0.2215118
v -0.2182198 -0.5006558 0.2660904
v -0.2182198 -0.3036942 0.2313614
v -0.2182236 0.3994756 0.3062515
v -0.2682266 0.3994756 0.3062515
v -0.2682266 0.3994756 0.2562485
v -0.2182236 0.3994756 0.2562485
v -0.2462234 -0.8005245 0.4482498
v -0.2962265 -0.8005245 0.4482498
v -0.2462234 0.0994755 0.4482498
v -0.2962265 0.0994755 0.4482498
v -0.2962265 -0.8005245 0.3982468
v -0.2962265 0.0994755 0.3982468
v -0.2462234 -0.8005245 0.3982468
v -0.2462234 0.0994755 0.3982468
v -0.2462234 0.0342657 0.4482498
v -0.256073 0.03600216 0.4482498
v -0.2114944 0.2312273 0.4482498
v -0.221344 0.2329638 0.4482498
v -0.256073 0.03600216 0.3982468
v -0.221344 0.2329638 0.3982468
v -0.2462234 0.0342657 0.3982468
v -0.2114944 0.2312273 0.3982468
v -0.2462234 -0.5097343 0.4482498
v -0.256073 -0.5079978 0.4482498
v -0.2114944 -0.3127728 0.4482498
v -0.221344 -0.3110362 0.4482498
v -0.256073 -0.5079978 0.3982468
v -0.221344 -0.3110362 0.3982468
v -0.2462234 -0.5097343 0.3982468
v -0.2114944 -0.3127728 0.3982468
v -0.286377 0.101212 0.4482498
v -0.321106 0.2981735 0.4482498
v -0.3309555 0.296437 0.4482498
v -0.3309555 0.296437 0.3982468
v -0.286377 0.101212 0.3982468
v -0.321106 0.2981735 0.3982468
v -0.286377 -0.3166558 0.4482498
v -0.2962227 -0.3183923 0.4482498
v -0.321106 -0.1196942 0.4482498
v -0.3309555 -0.1214308 0.4482498
v -0.2962227 -0.3183923 0.3982468
v -0.3309555 -0.1214308 0.3982468
v -0.286377 -0.3166558 0.3982468
v -0.321106 -0.1196942 0.3982468
v -0.286377 -0.7576559 0.4482498
v -0.2962227 -0.7593923 0.4482498
v -0.321106 -0.5606943 0.4482498
v -0.3309555 -0.5624307 0.4482498
v -0.2962227 -0.7593923 0.3982468
v -0.3309555 -0.5624307 0.3982468
v -0.286377 -0.7576559 0.3982468
v -0.321106 -0.5606943 0.3982468
v -0.2962227 -0.007734299 0.4482498
v -0.2962227 -0.005997777 0.4384079
v -0.2962227 0.1892272 0.4829788
v -0.2962227 0.1909637 0.4731369
v -0.2462196 -0.005997777 0.4384079
v -0.2462196 0.1909637 0.4731369
v -0.2462196 -0.007734299 0.4482498
v -0.2462196 0.1892272 0.4829788
v -0.2962227 -0.1228343 0.4482498
v -0.2962227 -0.1210978 0.4384079
v -0.2962227 0.07412732 0.4829788
v -0.2962227 0.07586378 0.4731369
v -0.2462196 -0.1210978 0.4384079
v -0.2462196 0.07586378 0.4731369
v -0.2462196 -0.1228343 0.4482498
v -0.2462196 0.07412732 0.4829788
v -0.2962227 -0.3167343 0.4482498
v -0.2962227 -0.3149978 0.4384079
v -0.2962227 -0.1197727 0.4829788
v -0.2962227 -0.1180363 0.4731369
v -0.2462196 -0.3149978 0.4384079
v -0.2462196 -0.1180363 0.4731369
v -0.2462196 -0.3167343 0.4482498
v -0.2462196 -0.1197727 0.4829788
v -0.2962227 -0.7687343 0.4482498
v -0.2962227 -0.7669978 0.4384079
v -0.2962227 -0.5717727 0.4829788
v -0.2962227 -0.5700362 0.4731369
v -0.2462196 -0.7669978 0.4384079
v -0.2462196 -0.5700362 0.4731369
v -0.2462196 -0.7687343 0.4482498
v -0.2462196 -0.5717727 0.4829788
v -0.2962227 0.05534416 0.4080887
v -0.2962227 0.0536077 0.3982391
v -0.2962227 0.2523057 0.3733597
v -0.2962227 0.2505692 0.3635101
v -0.2462196 0.0536077 0.3982391
v -0.2462196 0.2505692 0.3635101
v -0.2462196 0.05534416 0.4080887
v -0.2462196 0.2523057 0.3733597
v -0.2962227 -0.1716558 0.4080887
v -0.2962227 -0.1733923 0.3982391
v -0.2962227 0.02530575 0.3733597
v -0.2962227 0.02356923 0.3635101
v -0.2462196 -0.1733923 0.3982391
v -0.2462196 0.02356923 0.3635101
v -0.2462196 -0.1716558 0.4080887
v -0.2462196 0.02530575 0.3733597
v -0.2962227 -0.5006558 0.4080887
v -0.2962227 -0.5023923 0.3982391
v -0.2962227 -0.3036942 0.3733597
v -0.2962227 -0.3054308 0.3635101
v -0.2462196 -0.5023923 0.3982391
v -0.2462196 -0.3054308 0.3635101
v -0.2462196 -0.5006558 0.4080887
v -0.2462196 -0.3036942 0.3733597
v -0.2462234 0.3994756 0.4482498
v -0.2962265 0.3994756 0.4482498
v -0.2962265 0.3994756 0.3982468
v -0.2462234 0.3994756 0.3982468
v -0.4232216 -0.8005245 0.5912476
v -0.4732246 -0.8005245 0.5912476
v -0.4232216 0.0994755 0.5912476
v -0.4732246 0.0994755 0.5912476
v -0.4732246 -0.8005245 0.5412445
v -0.4732246 0.0994755 0.5412445
v -0.4232216 -0.8005245 0.5412445
v -0.4232216 0.0994755 0.5412445
v -0.4232216 0.0342657 0.5912476
v -0.4330711 0.03600216 0.5912476
v -0.3884926 0.2312273 0.5912476
v -0.3983421 0.2329638 0.5912476
v -0.4330711 0.03600216 0.5412445
v -0.3983421 0.2329638 0.5412445
v -0.4232216 0.0342657 0.5412445
v -0.3884926 0.2312273 0.5412445
v -0.4232216 -0.5097343 0.5912476
v -0.4330711 -0.5079978 0.5912476
v -0.3884926 -0.3127728 0.5912476
v -0.3983421 -0.3110362 0.5912476
v -0.4330711 -0.5079978 0.5412445
v -0.3983421 -0.3110362 0.5412445
v -0.4232216 -0.5097343 0.5412445
v -0.3884926 -0.3127728 0.5412445
v -0.4633789 0.101212 0.5912476
v -0.4981079 0.2981735 0.5912476
v -0.5079575 0.296437 0.5912476
v -0.5079575 0.296437 0.5412445
v -0.4633789 0.101212 0.5412445
v -0.4981079 0.2981735 0.5412445
v -0.4633789 -0.3166558 0.5912476
v -0.4732246 -0.3183923 0.5912476
v -0.4981079 -0.1196942 0.5912476
v -0.5079575 -0.1214308 0.5912476
v -0.4732246 -0.3183923 0.5412445
v -0.5079575 -0.1214308 0.5412445
v -0.4633789 -0.3166558 0.5412445
v -0.4981079 -0.1196942 0.5412445
v -0.4633789 -0.7576559 0.5912476
v -0.4732246 -0.7593923 0.5912476
v -0.4981079 -0.5606943 0.5912476
v -0.5079575 -0.5624307 0.5912476
v -0.4732246 -0.7593923 0.5412445
v -0.5079575 -0.5624307 0.5412445
v -0.4633789 -0.7576559 0.5412445
v -0.4981079 -0.5606943 0.5412445
v -0.4732246 -0.007734299 0.5912476
v -0.4732246 -0.005997777 0.5814056
v -0.4732246 0.1892272 0.6259766
v -0.4732246 0.1909637 0.6161346
v -0.4232216 -0.005997777 0.5814056
v -0.4232216 0.1909637 0.6161346
v -0.4232216 -0.007734299 0.5912476
v -0.4232216 0.1892272 0.6259766
v -0.4732246 -0.1228343 0.5912476
v -0.4732246 -0.1210978 0.5814056
v -0.4732246 0.07412732 0.6259766
v -0.4732246 0.07586378 0.6161346
v -0.4232216 -0.1210978 0.5814056
v -0.4232216 0.07586378 0.6161346
v -0.4232216 -0.1228343 0.5912476
v -0.4232216 0.07412732 0.6259766
v -0.4732246 -0.3167343 0.5912476
v -0.4732246 -0.3149978 0.5814056
v -0.4732246 -0.1197727 0.6259766
v -0.4732246 -0.1180363 0.6161346
v -0.4232216 -0.3149978 0.5814056
v -0.4232216 -0.1180363 0.6161346
v -0.4232216 -0.3167343 0.5912476
v -0.4232216 -0.1197727 0.6259766
v -0.4732246 -0.7687343 0.5912476
v -0.4732246 -0.7669978 0.5814056
v -0.4732246 -0.5717727 0.6259766
v -0.4732246 -0.5700362 0.6161346
v -0.4232216 -0.7669978 0.5814056
v -0.4232216 -0.5700362 0.6161346
v -0.4232216 -0.7687343 0.5912476
v -0.4232216 -0.5717727 0.6259766
v -0.4732246 0.05534416 0.5510941
v -0.4732246 0.0536077 0.5412445
v -0.4732246 0.2523057 0.5163651
v -0.4732246 0.2505692 0.5065155
v -0.4232216 0.0536077 0.5412445
v -0.4232216 0.2505692 0.5065155
v -0.4232216 0.05534416 0.5510941
v -0.4232216 0.2523057 0.5163651
v -0.4732246 -0.1716558 0.5510941
v -0.4732246 -0.1733923 0.5412445
v -0.4732246 0.02530575 0.5163651
v -0.4732246 0.02356923 0.5065155
v -0.4232216 -0.1733923 0.5412445
v -0.4232216 0.02356923 0.5065155
v -0.4232216 -0.1716558 0.5510941
v -0.4232216 0.02530575 0.5163651
v -0.4732246 -0.5006558 0.5510941
v -0.4732246 -0.5023923 0.5412445
v -0.4732246 -0.3036942 0.5163651
v -0.4732246 -0.3054308 0.5065155
v -0.4232216 -0.5023923 0.5412445
v -0.4232216 -0.3054308 0.5065155
v -0.4232216 -0.5006558 0.5510941
v -0.4232216 -0.3036942 0.5163651
v -0.4232216 0.3994756 0.5912476
v -0.4732246 0.3994756 0.5912476
v -0.4732246 0.3994756 0.5412445
v -0.4232216 0.3994756 0.5412445
v -0.3072205 -0.8005245 0.7222443
v -0.3572235 -0.8005245 0.7222443
v -0.3072205 0.0994755 0.7222443
v -0.3572235 0.0994755 0.7222443
v -0.3572235 -0.8005245 0.6722412
v -0.3572235 0.0994755 0.6722412
v -0.3072205 -0.8005245 0.6722412
v -0.3072205 0.0994755 0.6722412
v -0.3072205 0.0342657 0.7222443
v -0.31707 0.03600216 0.7222443
v -0.2724915 0.2312273 0.7222443
v -0.282341 0.2329638 0.7222443
v -0.31707 0.03600216 0.6722412
v -0.282341 0.2329638 0.6722412
v -0.3072205 0.0342657 0.6722412
v -0.2724915 0.2312273 0.6722412
v -0.3072205 -0.5097343 0.7222443
v -0.31707 -0.5079978 0.7222443
v -0.2724915 -0.3127728 0.7222443
v -0.282341 -0.3110362 0.7222443
v -0.31707 -0.5079978 0.6722412
v -0.282341 -0.3110362 0.6722412
v -0.3072205 -0.5097343 0.6722412
v -0.2724915 -0.3127728 0.6722412
v -0.3473778 0.101212 0.7222443
v -0.3821068 0.2981735 0.7222443
v -0.3919563 0.296437 0.7222443
v -0.3919563 0.296437 0.6722412
v -0.3473778 0.101212 0.6722412
v -0.3821068 0.2981735 0.6722412
v -0.3473778 -0.3166558 0.7222443
v -0.3572235 -0.3183923 0.7222443
v -0.3821068 -0.1196942 0.7222443
v -0.3919563 -0.1214308 0.7222443
v -0.3572235 -0.3183923 0.6722412
v -0.3919563 -0.1214308 0.6722412
v -0.3473778 -0.3166558 0.6722412
v -0.3821068 -0.1196942 0.6722412
v -0.3473778 -0.7576559 0.7222443
v -0.3572235 -0.7593923 0.7222443
v -0.3821068 -0.5606943 0.7222443
v -0.3919563 -0.5624307 0.7222443
v -0.3572235 -0.7593923 0.6722412
v -0.3919563 -0.5624307 0.6722412
v -0.3473778 -0.7576559 0.6722412
v -0.3821068 -0.5606943 0.6722412
v -0.3572235 -0.007734299 0.7222519
v -0.3572235 -0.005997777 0.71241
v -0.3572235 0.1892272 0.7569809
v -0.3572235 0.1909637 0.747139
v -0.3072205 -0.005997777 0.71241
v -0.3072205 0.1909637 0.747139
v -0.3072205 -0.007734299 0.7222519
v -0.3072205 0.1892272 0.7569809
v -0.3572235 -0.1228343 0.7222519
v -0.3572235 -0.1210978 0.71241
v -0.3572235 0.07412732 0.7569809
v -0.3572235 0.07586378 0.747139
v -0.3072205 -0.1210978 0.71241
v -0.3072205 0.07586378 0.747139
v -0.3072205 -0.1228343 0.7222519
v -0.3072205 0.07412732 0.7569809
v -0.3572235 -0.3167343 0.7222519
v -0.3572235 -0.3149978 0.71241
v -0.3572235 -0.1197727 0.7569809
v -0.3572235 -0.1180363 0.747139
v -0.3072205 -0.3149978 0.71241
v -0.3072205 -0.1180363 0.747139
v -0.3072205 -0.3167343 0.7222519
v -0.3072205 -0.1197727 0.7569809
v -0.3572235 -0.7687343 0.7222519
v -0.3572235 -0.7669978 0.71241
v -0.3572235 -0.5717727 0.7569809
v -0.3572235 -0.5700362 0.747139
v -0.3072205 -0.7669978 0.71241
v -0.3072205 -0.5700362 0.747139
v -0.3072205 -0.7687343 0.7222519
v -0.3072205 -0.5717727 0.7569809
v -0.3572235 0.05534416 0.6820908
v -0.3572235 0.0536077 0.6722412
v -0.3572235 0.2523057 0.6473618
v -0.3572235 0.2505692 0.6375122
v -0.3072205 0.0536077 0.6722412
v -0.3072205 0.2505692 0.6375122
v -0.3072205 0.05534416 0.6820908
v -0.3072205 0.2523057 0.6473618
v -0.3572235 -0.1716558 0.6820908
v -0.3572235 -0.1733923 0.6722412
v -0.3572235 0.02530575 0.6473618
v -0.3572235 0.02356923 0.6375122
v -0.3072205 -0.1733923 0.6722412
v -0.3072205 0.02356923 0.6375122
v -0.3072205 -0.1716558 0.6820908
v -0.3072205 0.02530575 0.6473618
v -0.3572235 -0.5006558 0.6820908
v -0.3572235 -0.5023923 0.6722412
v -0.3572235 -0.3036942 0.6473618
v -0.3572235 -0.3054308 0.6375122
v -0.3072205 -0.5023923 0.6722412
v -0.3072205 -0.3054308 0.6375122
v -0.3072205 -0.5006558 0.6820908
v -0.3072205 -0.3036942 0.6473618
v -0.3072205 0.3994756 0.7222443
v -0.3572235 0.3994756 0.7222443
v -0.3572235 0.3994756 0.6722412
v -0.3072205 0.3994756 0.6722412
v -0.3732224 -0.8005245 0.8592453
v -0.4232254 -0.8005245 0.8592453
v -0.3732224 0.0994755 0.8592453
v -0.4232254 0.0994755 0.8592453
v -0.4232254 -0.8005245 0.8092422
v -0.4232254 0.0994755 0.8092422
v -0.3732224 -0.8005245 0.8092422
v -0.3732224 0.0994755 0.8092422
v -0.3732224 0.0342657 0.8592453
v -0.3830719 0.03600216 0.8592453
v -0.3384933 0.2312273 0.8592453
v -0.3483429 0.2329638 0.8592453
v -0.3830719 0.03600216 0.8092422
v -0.3483429 0.2329638 0.8092422
v -0.3732224 0.0342657 0.8092422
v -0.3384933 0.2312273 0.8092422
v -0.3732224 -0.5097343 0.8592453
v -0.3830719 -0.5079978 0.8592453
v -0.3384933 -0.3127728 0.8592453
v -0.3483429 -0.3110362 0.8592453
v -0.3830719 -0.5079978 0.8092422
v -0.3483429 -0.3110362 0.8092422
v -0.3732224 -0.5097343 0.8092422
v -0.3384933 -0.3127728 0.8092422
v -0.4133797 0.101212 0.8592453
v -0.4481087 0.2981735 0.8592453
v -0.4579582 0.296437 0.8592453
v -0.4579582 0.296437 0.8092422
v -0.4133797 0.101212 0.8092422
v -0.4481087 0.2981735 0.8092422
v -0.4133797 -0.3166558 0.8592453
v -0.4232254 -0.3183923 0.8592453
v -0.4481087 -0.1196942 0.8592453
v -0.4579582 -0.1214308 0.8592453
v -0.4232254 -0.3183923 0.8092422
v -0.4579582 -0.1214308 0.8092422
v -0.4133797 -0.3166558 0.8092422
v -0.4481087 -0.1196942 0.8092422
v -0.4133797 -0.7576559 0.8592453
v -0.4232254 -0.7593923 0.8592453
v -0.4481087 -0.5606943 0.8592453
v -0.4579582 -0.5624307 0.8592453
v -0.4232254 -0.7593923 0.8092422
v -0.4579582 -0.5624307 0.8092422
v -0.4133797 -0.7576559 0.8092422
v -0.4481087 -0.5606943 0.8092422
v -0.4232254 -0.007734299 0.8592529
v -0.4232254 -0.005997777 0.849411
v -0.4232254 0.1892272 0.8939819
v -0.4232254 0.1909637 0.88414
v -0.3732224 -0.005997777 0.849411
v -0.3732224 0.1909637 0.88414
v -0.3732224 -0.007734299 0.8592529
v -0.3732224 0.1892272 0.8939819
v -0.4232254 -0.1228343 0.8592529
v -0.4232254 -0.1210978 0.849411
v -0.4232254 0.07412732 0.8939819
v -0.4232254 0.07586378 0.88414
v -0.3732224 -0.1210978 0.849411
v -0.3732224 0.07586378 0.88414
v -0.3732224 -0.1228343 0.8592529
v -0.3732224 0.07412732 0.8939819
v -0.4232254 -0.3167343 0.8592529
v -0.4232254 -0.3149978 0.849411
v -0.4232254 -0.1197727 0.8939819
v -0.4232254 -0.1180363 0.88414
v -0.3732224 -0.3149978 0.849411
v -0.3732224 -0.1180363 0.88414
v -0.3732224 -0.3167343 0.8592529
v -0.3732224 -0.1197727 0.8939819
v -0.4232254 -0.7687343 0.8592529
v -0.4232254 -0.7669978 0.849411
v -0.4232254 -0.5717727 0.8939819
v -0.4232254 -0.5700362 0.88414
v -0.3732224 -0.7669978 0.849411
v -0.3732224 -0.5700362 0.88414
v -0.3732224 -0.7687343 0.8592529
v -0.3732224 -0.5717727 0.8939819
v -0.4232254 0.05534416 0.8190918
v -0.4232254 0.0536077 0.8092422
v -0.4232254 0.2523057 0.7843628
v -0.4232254 0.2505692 0.7745132
v -0.3732224 0.0536077 0.8092422
v -0.3732224 0.2505692 0.7745132
v -0.3732224 0.05534416 0.8190918
v -0.3732224 0.2523057 0.7843628
v -0.4232254 -0.1716558 0.8190918
v -0.4232254 -0.1733923 0.8092422
v -0.4232254 0.02530575 0.7843628
v -0.4232254 0.02356923 0.7745132
v -0.3732224 -0.1733923 0.8092422
v -0.3732224 0.02356923 0.7745132
v -0.3732224 -0.1716558 0.8190918
v -0.3732224 0.02530575 0.7843628
v -0.4232254 -0.5006558 0.8190918
v -0.4232254 -0.5023923 0.8092422
v -0.4232254 -0.3036942 0.7843628
v -0.4232254 -0.3054308 0.7745132
v -0.3732224 -0.5023923 0.8092422
v -0.3732224 -0.3054308 0.7745132
v -0.3732224 -0.5006558 0.8190918
v -0.3732224 -0.3036942 0.7843628
v -0.3732224 0.3994756 0.8592453
v -0.4232254 0.3994756 0.8592453
v -0.4232254 0.3994756 0.8092422
v -0.3732224 0.3994756 0.8092422
v -0.3312225 -0.8005245 0.208252
v -0.3812256 -0.8005245 0.208252
v -0.3312225 0.0994755 0.208252
v -0.3812256 0.0994755 0.208252
v -0.3812256 -0.8005245 0.1582489
v -0.3812256 0.0994755 0.1582489
v -0.3312225 -0.8005245 0.1582489
v -0.3312225 0.0994755 0.1582489
v -0.3312225 0.0342657 0.208252
v -0.3410721 0.03600216 0.208252
v -0.2964935 0.2312273 0.208252
v -0.3063431 0.2329638 0.208252
v -0.3410721 0.03600216 0.1582489
v -0.3063431 0.2329638 0.1582489
v -0.3312225 0.0342657 0.1582489
v -0.2964935 0.2312273 0.1582489
v -0.3312225 -0.5097343 0.208252
v -0.3410721 -0.5079978 0.208252
v -0.2964935 -0.3127728 0.208252
v -0.3063431 -0.3110362 0.208252
v -0.3410721 -0.5079978 0.1582489
v -0.3063431 -0.3110362 0.1582489
v -0.3312225 -0.5097343 0.1582489
v -0.2964935 -0.3127728 0.1582489
v -0.3713799 0.101212 0.208252
v -0.4061089 0.2981735 0.208252
v -0.4159584 0.296437 0.208252
v -0.4159584 0.296437 0.1582489
v -0.3713799 0.101212 0.1582489
v -0.4061089 0.2981735 0.1582489
v -0.3713799 -0.3166558 0.208252
v -0.3812256 -0.3183923 0.208252
v -0.4061089 -0.1196942 0.208252
v -0.4159584 -0.1214308 0.208252
v -0.3812256 -0.3183923 0.1582489
v -0.4159584 -0.1214308 0.1582489
v -0.3713799 -0.3166558 0.1582489
v -0.4061089 -0.1196942 0.1582489
v -0.3713799 -0.7576559 0.208252
v -0.3812256 -0.7593923 0.208252
v -0.4061089 -0.5606943 0.208252
v -0.4159584 -0.5624307 0.208252
v -0.3812256 -0.7593923 0.1582489
v -0.4159584 -0.5624307 0.1582489
v -0.3713799 -0.7576559 0.1582489
v -0.4061089 -0.5606943 0.1582489
v -0.3812256 -0.007734299 0.208252
v -0.3812256 -0.005997777 0.19841
v -0.3812256 0.1892272 0.242981
v -0.3812256 0.1909637 0.233139
v -0.3312225 -0.005997777 0.19841
v -0.3312225 0.1909637 0.233139
v -0.3312225 -0.007734299 0.208252
v -0.3312225 0.1892272 0.242981
v -0.3812256 -0.1228343 0.208252
v -0.3812256 -0.1210978 0.19841
v -0.3812256 0.07412732 0.242981
v -0.3812256 0.07586378 0.233139
v -0.3312225 -0.1210978 0.19841
v -0.3312225 0.07586378 0.233139
v -0.3312225 -0.1228343 0.208252
v -0.3312225 0.07412732 0.242981
v -0.3812256 -0.3167343 0.208252
v -0.3812256 -0.3149978 0.19841
v -0.3812256 -0.1197727 0.242981
v -0.3812256 -0.1180363 0.233139
v -0.3312225 -0.3149978 0.19841
v -0.3312225 -0.1180363 0.233139
v -0.3312225 -0.3167343 0.208252
v -0.3312225 -0.1197727 0.242981
v -0.3812256 -0.7687343 0.208252
v -0.3812256 -0.7669978 0.19841
v -0.3812256 -0.5717727 0.242981
v -0.3812256 -0.5700362 0.233139
v -0.3312225 -0.7669978 0.19841
v -0.3312225 -0.5700362 0.233139
v -0.3312225 -0.7687343 0.208252
v -0.3312225 -0.5717727 0.242981
v -0.3812256 0.05534416 0.1680908
v -0.3812256 0.0536077 0.1582413
v -0.3812256 0.2523057 0.1333618
v -0.3812256 0.2505692 0.1235123
v -0.3312225 0.0536077 0.1582413
v -0.3312225 0.2505692 0.1235123
v -0.3312225 0.05534416 0.1680908
v -0.3312225 0.2523057 0.1333618
v -0.3812256 -0.1716558 0.1680908
v -0.3812256 -0.1733923 0.1582413
v -0.3812256 0.02530575 0.1333618
v -0.3812256 0.02356923 0.1235123
v -0.3312225 -0.1733923 0.1582413
v -0.3312225 0.02356923 0.1235123
v -0.3312225 -0.1716558 0.1680908
v -0.3312225 0.02530575 0.1333618
v -0.3812256 -0.5006558 0.1680908
v -0.3812256 -0.5023923 0.1582413
v -0.3812256 -0.3036942 0.1333618
v -0.3812256 -0.3054308 0.1235123
v -0.3312225 -0.5023923 0.1582413
v -0.3312225 -0.3054308 0.1235123
v -0.3312225 -0.5006558 0.1680908
v -0.3312225 -0.3036942 0.1333618
v -0.3312225 0.3994756 0.208252
v -0.3812256 0.3994756 0.208252
v -0.3812256 0.3994756 0.1582489
v -0.3312225 0.3994756 0.1582489
v -0.09622192 -0.8005245 0.229248
v -0.146225 -0.8005245 0.229248
v -0.09622192 0.0994755 0.229248
v -0.146225 0.0994755 0.229248
v -0.146225 -0.8005245 0.179245
v -0.146225 0.0994755 0.179245
v -0.09622192 -0.8005245 0.179245
v -0.09622192 0.0994755 0.179245
v -0.09622192 0.0342657 0.229248
v -0.1060715 0.03600216 0.229248
v -0.06149292 0.2312273 0.229248
v -0.07134247 0.2329638 0.229248
v -0.1060715 0.03600216 0.179245
v -0.07134247 0.2329638 0.179245
v -0.09622192 0.0342657 0.179245
v -0.06149292 0.2312273 0.179245
v -0.09622192 -0.5097343 0.229248
v -0.1060715 -0.5079978 0.229248
v -0.06149292 -0.3127728 0.229248
v -0.07134247 -0.3110362 0.229248
v -0.1060715 -0.5079978 0.179245
v -0.07134247 -0.3110362 0.179245
v -0.09622192 -0.5097343 0.179245
v -0.06149292 -0.3127728 0.179245
v -0.1363792 0.02734417 0.229248
v -0.146225 0.02560771 0.229248
v -0.1711082 0.2243057 0.229248
v -0.1809578 0.2225692 0.229248
v -0.146225 0.02560771 0.179245
v -0.1809578 0.2225692 0.179245
v -0.1363792 0.02734417 0.179245
v -0.1711082 0.2243057 0.179245
v -0.1363792 -0.3166558 0.229248
v -0.146225 -0.3183923 0.229248
v -0.1711082 -0.1196942 0.229248
v -0.1809578 -0.1214308 0.229248
v -0.146225 -0.3183923 0.179245
v -0.1809578 -0.1214308 0.179245
v -0.1363792 -0.3166558 0.179245
v -0.1711082 -0.1196942 0.179245
v -0.1363792 -0.7576559 0.229248
v -0.146225 -0.7593923 0.229248
v -0.1711082 -0.5606943 0.229248
v -0.1809578 -0.5624307 0.229248
v -0.146225 -0.7593923 0.179245
v -0.1809578 -0.5624307 0.179245
v -0.1363792 -0.7576559 0.179245
v -0.1711082 -0.5606943 0.179245
v -0.1462212 0.101212 0.2194061
v -0.1462212 0.296437 0.2639771
v -0.1462212 0.2981735 0.2541351
v -0.09621811 0.101212 0.2194061
v -0.09621811 0.2981735 0.2541351
v -0.09621811 0.296437 0.2639771
v -0.1462212 -0.1228343 0.229248
v -0.1462212 -0.1210978 0.2194061
v -0.1462212 0.07412732 0.2639771
v -0.1462212 0.07586378 0.2541351
v -0.09621811 -0.1210978 0.2194061
v -0.09621811 0.07586378 0.2541351
v -0.09621811 -0.1228343 0.229248
v -0.09621811 0.07412732 0.2639771
v -0.1462212 -0.3167343 0.229248
v -0.1462212 -0.3149978 0.2194061
v -0.1462212 -0.1197727 0.2639771
v -0.1462212 -0.1180363 0.2541351
v -0.09621811 -0.3149978 0.2194061
v -0.09621811 -0.1180363 0.2541351
v -0.09621811 -0.3167343 0.229248
v -0.09621811 -0.1197727 0.2639771
v -0.1462212 -0.7687343 0.229248
v -0.1462212 -0.7669978 0.2194061
v -0.1462212 -0.5717727 0.2639771
v -0.1462212 -0.5700362 0.2541351
v -0.09621811 -0.7669978 0.2194061
v -0.09621811 -0.5700362 0.2541351
v -0.09621811 -0.7687343 0.229248
v -0.09621811 -0.5717727 0.2639771
v -0.1462212 0.08734417 0.1890945
v -0.1462212 0.08560765 0.179245
v -0.1462212 0.2843057 0.1543655
v -0.1462212 0.2825692 0.144516
v -0.09621811 0.08560765 0.179245
v -0.09621811 0.2825692 0.144516
v -0.09621811 0.08734417 0.1890945
v -0.09621811 0.2843057 0.1543655
v -0.1462212 -0.1716558 0.1890945
v -0.1462212 -0.1733923 0.179245
v -0.1462212 0.02530575 0.1543655
v -0.1462212 0.02356923 0.144516
v -0.09621811 -0.1733923 0.179245
v -0.09621811 0.02356923 0.144516
v -0.09621811 -0.1716558 0.1890945
v -0.09621811 0.02530575 0.1543655
v -0.1462212 -0.5006558 0.1890945
v -0.1462212 -0.5023923 0.179245
v -0.1462212 -0.3036942 0.1543655
v -0.1462212 -0.3054308 0.144516
v -0.09621811 -0.5023923 0.179245
v -0.09621811 -0.3054308 0.144516
v -0.09621811 -0.5006558 0.1890945
v -0.09621811 -0.3036942 0.1543655
v -0.09622192 0.3994756 0.229248
v -0.146225 0.3994756 0.229248
v -0.146225 0.3994756 0.179245
v -0.09622192 0.3994756 0.179245
v -0.0332222 -0.8005245 0.4132462
v -0.08322525 -0.8005245 0.4132462
v -0.0332222 0.0994755 0.4132462
v -0.08322525 0.0994755 0.4132462
v -0.08322525 -0.8005245 0.3632431
v -0.08322525 0.0994755 0.3632431
v -0.0332222 -0.8005245 0.3632431
v -0.0332222 0.0994755 0.3632431
v -0.0332222 0.0342657 0.4132462
v -0.04307175 0.03600216 0.4132462
v 0.001506805 0.2312273 0.4132462
v -0.008342743 0.2329638 0.4132462
v -0.04307175 0.03600216 0.3632431
v -0.008342743 0.2329638 0.3632431
v -0.0332222 0.0342657 0.3632431
v 0.001506805 0.2312273 0.3632431
v -0.0332222 -0.5097343 0.4132462
v -0.04307175 -0.5079978 0.4132462
v 0.001506805 -0.3127728 0.4132462
v -0.008342743 -0.3110362 0.4132462
v -0.04307175 -0.5079978 0.3632431
v -0.008342743 -0.3110362 0.3632431
v -0.0332222 -0.5097343 0.3632431
v 0.001506805 -0.3127728 0.3632431
v -0.0733757 0.02734417 0.4132462
v -0.08322144 0.02560771 0.4132462
v -0.1081047 0.2243057 0.4132462
v -0.1179543 0.2225692 0.4132462
v -0.08322144 0.02560771 0.3632431
v -0.1179543 0.2225692 0.3632431
v -0.0733757 0.02734417 0.3632431
v -0.1081047 0.2243057 0.3632431
v -0.0733757 -0.3166558 0.4132462
v -0.08322144 -0.3183923 0.4132462
v -0.1081047 -0.1196942 0.4132462
v -0.1179543 -0.1214308 0.4132462
v -0.08322144 -0.3183923 0.3632431
v -0.1179543 -0.1214308 0.3632431
v -0.0733757 -0.3166558 0.3632431
v -0.1081047 -0.1196942 0.3632431
v -0.0733757 -0.7576559 0.4132462
v -0.08322144 -0.7593923 0.4132462
v -0.1081047 -0.5606943 0.4132462
v -0.1179543 -0.5624307 0.4132462
v -0.08322144 -0.7593923 0.3632431
v -0.1179543 -0.5624307 0.3632431
v -0.0733757 -0.7576559 0.3632431
v -0.1081047 -0.5606943 0.3632431
v -0.08322525 0.101212 0.4034042
v -0.08322525 0.296437 0.4479752
v -0.08322525 0.2981735 0.4381332
v -0.0332222 0.101212 0.4034042
v -0.0332222 0.2981735 0.4381332
v -0.0332222 0.296437 0.4479752
v -0.08322525 -0.1228343 0.4132462
v -0.08322525 -0.1210978 0.4034042
v -0.08322525 0.07412732 0.4479752
v -0.08322525 0.07586378 0.4381332
v -0.0332222 -0.1210978 0.4034042
v -0.0332222 0.07586378 0.4381332
v -0.0332222 -0.1228343 0.4132462
v -0.0332222 0.07412732 0.4479752
v -0.08322525 -0.3167343 0.4132462
v -0.08322525 -0.3149978 0.4034042
v -0.08322525 -0.1197727 0.4479752
v -0.08322525 -0.1180363 0.4381332
v -0.0332222 -0.3149978 0.4034042
v -0.0332222 -0.1180363 0.4381332
v -0.0332222 -0.3167343 0.4132462
v -0.0332222 -0.1197727 0.4479752
v -0.08322525 -0.7687343 0.4132462
v -0.08322525 -0.7669978 0.4034042
v -0.08322525 -0.5717727 0.4479752
v -0.08322525 -0.5700362 0.4381332
v -0.0332222 -0.7669978 0.4034042
v -0.0332222 -0.5700362 0.4381332
v -0.0332222 -0.7687343 0.4132462
v -0.0332222 -0.5717727 0.4479752
v -0.08322525 0.08734417 0.3730927
v -0.08322525 0.08560765 0.3632431
v -0.08322525 0.2843057 0.3383636
v -0.08322525 0.2825692 0.3285141
v -0.0332222 0.08560765 0.3632431
v -0.0332222 0.2825692 0.3285141
v -0.0332222 0.08734417 0.3730927
v -0.0332222 0.2843057 0.3383636
v -0.08322525 -0.1716558 0.3730927
v -0.08322525 -0.1733923 0.3632431
v -0.08322525 0.02530575 0.3383636
v -0.08322525 0.02356923 0.3285141
v -0.0332222 -0.1733923 0.3632431
v -0.0332222 0.02356923 0.3285141
v -0.0332222 -0.1716558 0.3730927
v -0.0332222 0.02530575 0.3383636
v -0.08322525 -0.5006558 0.3730927
v -0.08322525 -0.5023923 0.3632431
v -0.08322525 -0.3036942 0.3383636
v -0.08322525 -0.3054308 0.3285141
v -0.0332222 -0.5023923 0.3632431
v -0.0332222 -0.3054308 0.3285141
v -0.0332222 -0.5006558 0.3730927
v -0.0332222 -0.3036942 0.3383636
v -0.0332222 0.3994756 0.4132462
v -0.08322525 0.3994756 0.4132462
v -0.08322525 0.3994756 0.3632431
v -0.0332222 0.3994756 0.3632431
v -0.1852226 -0.8005245 0.5912476
v -0.2352257 -0.8005245 0.5912476
v -0.1852226 0.0994755 0.5912476
v -0.2352257 0.0994755 0.5912476
v -0.2352257 -0.8005245 0.5412445
v -0.2352257 0.0994755 0.5412445
v -0.1852226 -0.8005245 0.5412445
v -0.1852226 0.0994755 0.5412445
v -0.1852226 0.0342657 0.5912476
v -0.1950722 0.03600216 0.5912476
v -0.1504936 0.2312273 0.5912476
v -0.1603432 0.2329638 0.5912476
v -0.1950722 0.03600216 0.5412445
v -0.1603432 0.2329638 0.5412445
v -0.1852226 0.0342657 0.5412445
v -0.1504936 0.2312273 0.5412445
v -0.1852226 -0.5097343 0.5912476
v -0.1950722 -0.5079978 0.5912476
v -0.1504936 -0.3127728 0.5912476
v -0.1603432 -0.3110362 0.5912476
v -0.1950722 -0.5079978 0.5412445
v -0.1603432 -0.3110362 0.5412445
v -0.1852226 -0.5097343 0.5412445
v -0.1504936 -0.3127728 0.5412445
v -0.2253799 0.02734417 0.5912476
v -0.2352257 0.02560771 0.5912476
v -0.2601089 0.2243057 0.5912476
v -0.2699585 0.2225692 0.5912476
v -0.2352257 0.02560771 0.5412445
v -0.2699585 0.2225692 0.5412445
v -0.2253799 0.02734417 0.5412445
v -0.2601089 0.2243057 0.5412445
v -0.2253799 -0.3166558 0.5912476
v -0.2352257 -0.3183923 0.5912476
v -0.2601089 -0.1196942 0.5912476
v -0.2699585 -0.1214308 0.5912476
v -0.2352257 -0.3183923 0.5412445
v -0.2699585 -0.1214308 0.5412445
v -0.2253799 -0.3166558 0.5412445
v -0.2601089 -0.1196942 0.5412445
v -0.2253799 -0.7576559 0.5912476
v -0.2352257 -0.7593923 0.5912476
v -0.2601089 -0.5606943 0.5912476
v -0.2699585 -0.5624307 0.5912476
v -0.2352257 -0.7593923 0.5412445
v -0.2699585 -0.5624307 0.5412445
v -0.2253799 -0.7576559 0.5412445
v -0.2601089 -0.5606943 0.5412445
v -0.2352257 0.101212 0.5814056
v -0.2352257 0.296437 0.6259766
v -0.2352257 0.2981735 0.6161346
v -0.1852226 0.101212 0.5814056
v -0.1852226 0.2981735 0.6161346
v -0.1852226 0.296437 0.6259766
v -0.2352257 -0.1228343 0.5912476
v -0.2352257 -0.1210978 0.5814056
v -0.2352257 0.07412732 0.6259766
v -0.2352257 0.07586378 0.6161346
v -0.1852226 -0.1210978 0.5814056
v -0.1852226 0.07586378 0.6161346
v -0.1852226 -0.1228343 0.5912476
v -0.1852226 0.07412732 0.6259766
v -0.2352257 -0.3167343 0.5912476
v -0.2352257 -0.3149978 0.5814056
v -0.2352257 -0.1197727 0.6259766
v -0.2352257 -0.1180363 0.6161346
v -0.1852226 -0.3149978 0.5814056
v -0.1852226 -0.1180363 0.6161346
v -0.1852226 -0.3167343 0.5912476
v -0.1852226 -0.1197727 0.6259766
v -0.2352257 -0.7687343 0.5912476
v -0.2352257 -0.7669978 0.5814056
v -0.2352257 -0.5717727 0.6259766
v -0.2352257 -0.5700362 0.6161346
v -0.1852226 -0.7669978 0.5814056
v -0.1852226 -0.5700362 0.6161346
v -0.1852226 -0.7687343 0.5912476
v -0.1852226 -0.5717727 0.6259766
v -0.2352257 0.08734417 0.5510941
v -0.2352257 0.08560765 0.5412445
v -0.2352257 0.2843057 0.5163651
v -0.2352257 0.2825692 0.5065155
v -0.1852226 0.08560765 0.5412445
v -0.1852226 0.2825692 0.5065155
v -0.1852226 0.08734417 0.5510941
v -0.1852226 0.2843057 0.5163651
v -0.2352257 -0.1716558 0.5510941
v -0.2352257 -0.1733923 0.5412445
v -0.2352257 0.02530575 0.5163651
v -0.2352257 0.02356923 0.5065155
v -0.1852226 -0.1733923 0.5412445
v -0.1852226 0.02356923 0.5065155
v -0.1852226 -0.1716558 0.5510941
v -0.1852226 0.02530575 0.5163651
v -0.2352257 -0.5006558 0.5510941
v -0.2352257 -0.5023923 0.5412445
v -0.2352257 -0.3036942 0.5163651
v -0.2352257 -0.3054308 0.5065155
v -0.1852226 -0.5023923 0.5412445
v -0.1852226 -0.3054308 0.5065155
v -0.1852226 -0.5006558 0.5510941
v -0.1852226 -0.3036942 0.5163651
v -0.1852226 0.3994756 0.5912476
v -0.2352257 0.3994756 0.5912476
v -0.2352257 0.3994756 0.5412445
v -0.1852226 0.3994756 0.5412445
v -0.09722137 -0.8005245 0.7772446
v -0.1472244 -0.8005245 0.7772446
v -0.09722137 0.0994755 0.7772446
v -0.1472244 0.0994755 0.7772446
v -0.1472244 -0.8005245 0.7272415
v -0.1472244 0.0994755 0.7272415
v -0.09722137 -0.8005245 0.7272415
v -0.09722137 0.0994755 0.7272415
v -0.09722137 0.0342657 0.7772446
v -0.1070709 0.03600216 0.7772446
v -0.06249237 0.2312273 0.7772446
v -0.07234192 0.2329638 0.7772446
v -0.1070709 0.03600216 0.7272415
v -0.07234192 0.2329638 0.7272415
v -0.09722137 0.0342657 0.7272415
v -0.06249237 0.2312273 0.7272415
v -0.09722137 -0.5097343 0.7772446
v -0.1070709 -0.5079978 0.7772446
v -0.06249237 -0.3127728 0.7772446
v -0.07234192 -0.3110362 0.7772446
v -0.1070709 -0.5079978 0.7272415
v -0.07234192 -0.3110362 0.7272415
v -0.09722137 -0.5097343 0.7272415
v -0.06249237 -0.3127728 0.7272415
v -0.1373787 0.02734417 0.7772446
v -0.1472244 0.02560771 0.7772446
v -0.1721077 0.2243057 0.7772446
v -0.1819572 0.2225692 0.7772446
v -0.1472244 0.02560771 0.7272415
v -0.1819572 0.2225692 0.7272415
v -0.1373787 0.02734417 0.7272415
v -0.1721077 0.2243057 0.7272415
v -0.1373787 -0.3166558 0.7772446
v -0.1472244 -0.3183923 0.7772446
v -0.1721077 -0.1196942 0.7772446
v -0.1819572 -0.1214308 0.7772446
v -0.1472244 -0.3183923 0.7272415
v -0.1819572 -0.1214308 0.7272415
v -0.1373787 -0.3166558 0.7272415
v -0.1721077 -0.1196942 0.7272415
v -0.1373787 -0.7576559 0.7772446
v -0.1472244 -0.7593923 0.7772446
v -0.1721077 -0.5606943 0.7772446
v -0.1819572 -0.5624307 0.7772446
v -0.1472244 -0.7593923 0.7272415
v -0.1819572 -0.5624307 0.7272415
v -0.1373787 -0.7576559 0.7272415
v -0.1721077 -0.5606943 0.7272415
v -0.1472244 0.101212 0.7674026
v -0.1472244 0.296437 0.8119736
v -0.1472244 0.2981735 0.8021317
v -0.09722137 0.101212 0.7674026
v -0.09722137 0.2981735 0.8021317
v -0.09722137 0.296437 0.8119736
v -0.1472244 -0.1228343 0.7772446
v -0.1472244 -0.1210978 0.7674026
v -0.1472244 0.07412732 0.8119736
v -0.1472244 0.07586378 0.8021317
v -0.09722137 -0.1210978 0.7674026
v -0.09722137 0.07586378 0.8021317
v -0.09722137 -0.1228343 0.7772446
v -0.09722137 0.07412732 0.8119736
v -0.1472244 -0.3167343 0.7772446
v -0.1472244 -0.3149978 0.7674026
v -0.1472244 -0.1197727 0.8119736
v -0.1472244 -0.1180363 0.8021317
v -0.09722137 -0.3149978 0.7674026
v -0.09722137 -0.1180363 0.8021317
v -0.09722137 -0.3167343 0.7772446
v -0.09722137 -0.1197727 0.8119736
v -0.1472244 -0.7687343 0.7772446
v -0.1472244 -0.7669978 0.7674026
v -0.1472244 -0.5717727 0.8119736
v -0.1472244 -0.5700362 0.8021317
v -0.09722137 -0.7669978 0.7674026
v -0.09722137 -0.5700362 0.8021317
v -0.09722137 -0.7687343 0.7772446
v -0.09722137 -0.5717727 0.8119736
v -0.1472244 0.08734417 0.7370911
v -0.1472244 0.08560765 0.7272415
v -0.1472244 0.2843057 0.7023621
v -0.1472244 0.2825692 0.6925125
v -0.09722137 0.08560765 0.7272415
v -0.09722137 0.2825692 0.6925125
v -0.09722137 0.08734417 0.7370911
v -0.09722137 0.2843057 0.7023621
v -0.1472244 -0.1716558 0.7370911
v -0.1472244 -0.1733923 0.7272415
v -0.1472244 0.02530575 0.7023621
v -0.1472244 0.02356923 0.6925125
v -0.09722137 -0.1733923 0.7272415
v -0.09722137 0.02356923 0.6925125
v -0.09722137 -0.1716558 0.7370911
v -0.09722137 0.02530575 0.7023621
v -0.1472244 -0.5006558 0.7370911
v -0.1472244 -0.5023923 0.7272415
v -0.1472244 -0.3036942 0.7023621
v -0.1472244 -0.3054308 0.6925125
v -0.09722137 -0.5023923 0.7272415
v -0.09722137 -0.3054308 0.6925125
v -0.09722137 -0.5006558 0.7370911
v -0.09722137 -0.3036942 0.7023621
v -0.09722137 0.3994756 0.7772446
v -0.1472244 0.3994756 0.7772446
v -0.1472244 0.3994756 0.7272415
v -0.09722137 0.3994756 0.7272415
v -0.2052231 -0.8005245 0.8742447
v -0.2552261 -0.8005245 0.8742447
v -0.2052231 0.0994755 0.8742447
v -0.2552261 0.0994755 0.8742447
v -0.2552261 -0.8005245 0.8242416
v -0.2552261 0.0994755 0.8242416
v -0.2052231 -0.8005245 0.8242416
v -0.2052231 0.0994755 0.8242416
v -0.2052231 0.0342657 0.8742447
v -0.2150726 0.03600216 0.8742447
v -0.1704941 0.2312273 0.8742447
v -0.1803436 0.2329638 0.8742447
v -0.2150726 0.03600216 0.8242416
v -0.1803436 0.2329638 0.8242416
v -0.2052231 0.0342657 0.8242416
v -0.1704941 0.2312273 0.8242416
v -0.2052231 -0.5097343 0.8742447
v -0.2150726 -0.5079978 0.8742447
v -0.1704941 -0.3127728 0.8742447
v -0.1803436 -0.3110362 0.8742447
v -0.2150726 -0.5079978 0.8242416
v -0.1803436 -0.3110362 0.8242416
v -0.2052231 -0.5097343 0.8242416
v -0.1704941 -0.3127728 0.8242416
v -0.2453804 0.02734417 0.8742447
v -0.2552261 0.02560771 0.8742447
v -0.2801094 0.2243057 0.8742447
v -0.289959 0.2225692 0.8742447
v -0.2552261 0.02560771 0.8242416
v -0.289959 0.2225692 0.8242416
v -0.2453804 0.02734417 0.8242416
v -0.2801094 0.2243057 0.8242416
v -0.2453804 -0.3166558 0.8742447
v -0.2552261 -0.3183923 0.8742447
v -0.2801094 -0.1196942 0.8742447
v -0.289959 -0.1214308 0.8742447
v -0.2552261 -0.3183923 0.8242416
v -0.289959 -0.1214308 0.8242416
v -0.2453804 -0.3166558 0.8242416
v -0.2801094 -0.1196942 0.8242416
v -0.2453804 -0.7576559 0.8742447
v -0.2552261 -0.7593923 0.8742447
v -0.2801094 -0.5606943 0.8742447
v -0.289959 -0.5624307 0.8742447
v -0.2552261 -0.7593923 0.8242416
v -0.289959 -0.5624307 0.8242416
v -0.2453804 -0.7576559 0.8242416
v -0.2801094 -0.5606943 0.8242416
v -0.2552223 0.101212 0.8644104
v -0.2552223 0.296437 0.9089813
v -0.2552223 0.2981735 0.8991394
v -0.2052193 0.101212 0.8644104
v -0.2052193 0.2981735 0.8991394
v -0.2052193 0.296437 0.9089813
v -0.2552223 -0.1228343 0.8742523
v -0.2552223 -0.1210978 0.8644104
v -0.2552223 0.07412732 0.9089813
v -0.2552223 0.07586378 0.8991394
v -0.2052193 -0.1210978 0.8644104
v -0.2052193 0.07586378 0.8991394
v -0.2052193 -0.1228343 0.8742523
v -0.2052193 0.07412732 0.9089813
v -0.2552223 -0.3167343 0.8742523
v -0.2552223 -0.3149978 0.8644104
v -0.2552223 -0.1197727 0.9089813
v -0.2552223 -0.1180363 0.8991394
v -0.2052193 -0.3149978 0.8644104
v -0.2052193 -0.1180363 0.8991394
v -0.2052193 -0.3167343 0.8742523
v -0.2052193 -0.1197727 0.9089813
v -0.2552223 -0.7687343 0.8742523
v -0.2552223 -0.7669978 0.8644104
v -0.2552223 -0.5717727 0.9089813
v -0.2552223 -0.5700362 0.8991394
v -0.2052193 -0.7669978 0.8644104
v -0.2052193 -0.5700362 0.8991394
v -0.2052193 -0.7687343 0.8742523
v -0.2052193 -0.5717727 0.9089813
v -0.2552223 0.08734417 0.8340912
v -0.2552223 0.08560765 0.8242416
v -0.2552223 0.2843057 0.7993622
v -0.2552223 0.2825692 0.7895126
v -0.2052193 0.08560765 0.8242416
v -0.2052193 0.2825692 0.7895126
v -0.2052193 0.08734417 0.8340912
v -0.2052193 0.2843057 0.7993622
v -0.2552223 -0.1716558 0.8340912
v -0.2552223 -0.1733923 0.8242416
v -0.2552223 0.02530575 0.7993622
v -0.2552223 0.02356923 0.7895126
v -0.2052193 -0.1733923 0.8242416
v -0.2052193 0.02356923 0.7895126
v -0.2052193 -0.1716558 0.8340912
v -0.2052193 0.02530575 0.7993622
v -0.2552223 -0.5006558 0.8340912
v -0.2552223 -0.5023923 0.8242416
v -0.2552223 -0.3036942 0.7993622
v -0.2552223 -0.3054308 0.7895126
v -0.2052193 -0.5023923 0.8242416
v -0.2052193 -0.3054308 0.7895126
v -0.2052193 -0.5006558 0.8340912
v -0.2052193 -0.3036942 0.7993622
v -0.2052231 0.3994756 0.8742447
v -0.2552261 0.3994756 0.8742447
v -0.2552261 0.3994756 0.8242416
v -0.2052231 0.3994756 0.8242416
v -0.1552238 -0.8005245 0.07724762
v -0.2052269 -0.8005245 0.07724762
v -0.1552238 0.0994755 0.07724762
v -0.2052269 0.0994755 0.07724762
v -0.2052269 -0.8005245 0.02724457
v -0.2052269 0.0994755 0.02724457
v -0.1552238 -0.8005245 0.02724457
v -0.1552238 0.0994755 0.02724457
v -0.1552238 0.0342657 0.07724762
v -0.1650734 0.03600216 0.07724762
v -0.1204948 0.2312273 0.07724762
v -0.1303444 0.2329638 0.07724762
v -0.1650734 0.03600216 0.02724457
v -0.1303444 0.2329638 0.02724457
v -0.1552238 0.0342657 0.02724457
v -0.1204948 0.2312273 0.02724457
v -0.1552238 -0.5097343 0.07724762
v -0.1650734 -0.5079978 0.07724762
v -0.1204948 -0.3127728 0.07724762
v -0.1303444 -0.3110362 0.07724762
v -0.1650734 -0.5079978 0.02724457
v -0.1303444 -0.3110362 0.02724457
v -0.1552238 -0.5097343 0.02724457
v -0.1204948 -0.3127728 0.02724457
v -0.1953812 0.02734417 0.07724762
v -0.2052269 0.02560771 0.07724762
v -0.2301102 0.2243057 0.07724762
v -0.2399597 0.2225692 0.07724762
v -0.2052269 0.02560771 0.02724457
v -0.2399597 0.2225692 0.02724457
v -0.1953812 0.02734417 0.02724457
v -0.2301102 0.2243057 0.02724457
v -0.1953812 -0.3166558 0.07724762
v -0.2052269 -0.3183923 0.07724762
v -0.2301102 -0.1196942 0.07724762
v -0.2399597 -0.1214308 0.07724762
v -0.2052269 -0.3183923 0.02724457
v -0.2399597 -0.1214308 0.02724457
v -0.1953812 -0.3166558 0.02724457
v -0.2301102 -0.1196942 0.02724457
v -0.1953812 -0.7576559 0.07724762
v -0.2052269 -0.7593923 0.07724762
v -0.2301102 -0.5606943 0.07724762
v -0.2399597 -0.5624307 0.07724762
v -0.2052269 -0.7593923 0.02724457
v -0.2399597 -0.5624307 0.02724457
v -0.1953812 -0.7576559 0.02724457
v -0.2301102 -0.5606943 0.02724457
v -0.2052269 0.101212 0.0674057
v -0.2052269 0.296437 0.1119766
v -0.2052269 0.2981735 0.1021347
v -0.1552238 0.101212 0.0674057
v -0.1552238 0.2981735 0.1021347
v -0.1552238 0.296437 0.1119766
v -0.2052269 -0.1228343 0.07724762
v -0.2052269 -0.1210978 0.0674057
v -0.2052269 0.07412732 0.1119766
v -0.2052269 0.07586378 0.1021347
v -0.1552238 -0.1210978 0.0674057
v -0.1552238 0.07586378 0.1021347
v -0.1552238 -0.1228343 0.07724762
v -0.1552238 0.07412732 0.1119766
v -0.2052269 -0.3167343 0.07724762
v -0.2052269 -0.3149978 0.0674057
v -0.2052269 -0.1197727 0.1119766
v -0.2052269 -0.1180363 0.1021347
v -0.1552238 -0.3149978 0.0674057
v -0.1552238 -0.1180363 0.1021347
v -0.1552238 -0.3167343 0.07724762
v -0.1552238 -0.1197727 0.1119766
v -0.2052269 -0.7687343 0.07724762
v -0.2052269 -0.7669978 0.0674057
v -0.2052269 -0.5717727 0.1119766
v -0.2052269 -0.5700362 0.1021347
v -0.1552238 -0.7669978 0.0674057
v -0.1552238 -0.5700362 0.1021347
v -0.1552238 -0.7687343 0.07724762
v -0.1552238 -0.5717727 0.1119766
v -0.2052269 0.08734417 0.03708649
v -0.2052269 0.08560765 0.02723694
v -0.2052269 0.2843057 0.002357483
v -0.2052269 0.2825692 -0.007492065
v -0.1552238 0.08560765 0.02723694
v -0.1552238 0.2825692 -0.007492065
v -0.1552238 0.08734417 0.03708649
v -0.1552238 0.2843057 0.002357483
v -0.2052269 -0.1716558 0.03708649
v -0.2052269 -0.1733923 0.02723694
v -0.2052269 0.02530575 0.002357483
v -0.2052269 0.02356923 -0.007492065
v -0.1552238 -0.1733923 0.02723694
v -0.1552238 0.02356923 -0.007492065
v -0.1552238 -0.1716558 0.03708649
v -0.1552238 0.02530575 0.002357483
v -0.2052269 -0.5006558 0.03708649
v -0.2052269 -0.5023923 0.02723694
v -0.2052269 -0.3036942 0.002357483
v -0.2052269 -0.3054308 -0.007492065
v -0.1552238 -0.5023923 0.02723694
v -0.1552238 -0.3054308 -0.007492065
v -0.1552238 -0.5006558 0.03708649
v -0.1552238 -0.3036942 0.002357483
v -0.1552238 0.3994756 0.07724762
v -0.2052269 0.3994756 0.07724762
v -0.2052269 0.3994756 0.02724457
v -0.1552238 0.3994756 0.02724457
v 0.06777954 -0.8005245 0.229248
v 0.01777649 -0.8005245 0.229248
v 0.06777954 0.0994755 0.229248
v 0.01777649 0.0994755 0.229248
v 0.01777649 -0.8005245 0.179245
v 0.01777649 0.0994755 0.179245
v 0.06777954 -0.8005245 0.179245
v 0.06777954 0.0994755 0.179245
v 0.06777954 0.0342657 0.229248
v 0.05792999 0.03600216 0.229248
v 0.1025085 0.2312273 0.229248
v 0.092659 0.2329638 0.229248
v 0.05792999 0.03600216 0.179245
v 0.092659 0.2329638 0.179245
v 0.06777954 0.0342657 0.179245
v 0.1025085 0.2312273 0.179245
v 0.06777954 -0.5097343 0.229248
v 0.05792999 -0.5079978 0.229248
v 0.1025085 -0.3127728 0.229248
v 0.092659 -0.3110362 0.229248
v 0.05792999 -0.5079978 0.179245
v 0.092659 -0.3110362 0.179245
v 0.06777954 -0.5097343 0.179245
v 0.1025085 -0.3127728 0.179245
v 0.02762222 0.101212 0.229248
v -0.007106781 0.2981735 0.229248
v -0.01695633 0.296437 0.229248
v -0.01695633 0.296437 0.179245
v 0.02762222 0.101212 0.179245
v -0.007106781 0.2981735 0.179245
v 0.02762222 -0.3166558 0.229248
v 0.01777649 -0.3183923 0.229248
v -0.007106781 -0.1196942 0.229248
v -0.01695633 -0.1214308 0.229248
v 0.01777649 -0.3183923 0.179245
v -0.01695633 -0.1214308 0.179245
v 0.02762222 -0.3166558 0.179245
v -0.007106781 -0.1196942 0.179245
v 0.02762222 -0.7576559 0.229248
v 0.01777649 -0.7593923 0.229248
v -0.007106781 -0.5606943 0.229248
v -0.01695633 -0.5624307 0.229248
v 0.01777649 -0.7593923 0.179245
v -0.01695633 -0.5624307 0.179245
v 0.02762222 -0.7576559 0.179245
v -0.007106781 -0.5606943 0.179245
v 0.01777649 0.101212 0.2194061
v 0.01777649 0.296437 0.2639771
v 0.01777649 0.2981735 0.2541351
v 0.06777954 0.101212 0.2194061
v 0.06777954 0.2981735 0.2541351
v 0.06777954 0.296437 0.2639771
v 0.01777649 -0.1228343 0.229248
v 0.01777649 -0.1210978 0.2194061
v 0.01777649 0.07412732 0.2639771
v 0.01777649 0.07586378 0.2541351
v 0.06777954 -0.1210978 0.2194061
v 0.06777954 0.07586378 0.2541351
v 0.06777954 -0.1228343 0.229248
v 0.06777954 0.07412732 0.2639771
v 0.01777649 -0.3167343 0.229248
v 0.01777649 -0.3149978 0.2194061
v 0.01777649 -0.1197727 0.2639771
v 0.01777649 -0.1180363 0.2541351
v 0.06777954 -0.3149978 0.2194061
v 0.06777954 -0.1180363 0.2541351
v 0.06777954 -0.3167343 0.229248
v 0.06777954 -0.1197727 0.2639771
v 0.01777649 -0.7687343 0.229248
v 0.01777649 -0.7669978 0.2194061
v 0.01777649 -0.5717727 0.2639771
v 0.01777649 -0.5700362 0.2541351
v 0.06777954 -0.7669978 0.2194061
v 0.06777954 -0.5700362 0.2541351
v 0.06777954 -0.7687343 0.229248
v 0.06777954 -0.5717727 0.2639771
v 0.01777649 0.05534416 0.1890945
v 0.01777649 0.0536077 0.179245
v 0.01777649 0.2523057 0.1543655
v 0.01777649 0.2505692 0.144516
v 0.06777954 0.0536077 0.179245
v 0.06777954 0.2505692 0.144516
v 0.06777954 0.05534416 0.1890945
v 0.06777954 0.2523057 0.1543655
v 0.01777649 -0.1716558 0.1890945
v 0.01777649 -0.1733923 0.179245
v 0.01777649 0.02530575 0.1543655
v 0.01777649 0.02356923 0.144516
v 0.06777954 -0.1733923 0.179245
v 0.06777954 0.02356923 0.144516
v 0.06777954 -0.1716558 0.1890945
v 0.06777954 0.02530575 0.1543655
v 0.01777649 -0.5006558 0.1890945
v 0.01777649 -0.5023923 0.179245
v 0.01777649 -0.3036942 0.1543655
v 0.01777649 -0.3054308 0.144516
v 0.06777954 -0.5023923 0.179245
v 0.06777954 -0.3054308 0.144516
v 0.06777954 -0.5006558 0.1890945
v 0.06777954 -0.3036942 0.1543655
v 0.06777954 0.3994756 0.229248
v 0.01777649 0.3994756 0.229248
v 0.01777649 0.3994756 0.179245
v 0.06777954 0.3994756 0.179245
v 0.1087761 -0.8005245 0.479248
v 0.05877304 -0.8005245 0.479248
v 0.1087761 0.0994755 0.479248
v 0.05877304 0.0994755 0.479248
v 0.05877304 -0.8005245 0.429245
v 0.05877304 0.0994755 0.429245
v 0.1087761 -0.8005245 0.429245
v 0.1087761 0.0994755 0.429245
v 0.1087761 0.0342657 0.479248
v 0.09892654 0.03600216 0.479248
v 0.1435051 0.2312273 0.479248
v 0.1336555 0.2329638 0.479248
v 0.09892654 0.03600216 0.429245
v 0.1336555 0.2329638 0.429245
v 0.1087761 0.0342657 0.429245
v 0.1435051 0.2312273 0.429245
v 0.1087761 -0.5097343 0.479248
v 0.09892654 -0.5079978 0.479248
v 0.1435051 -0.3127728 0.479248
v 0.1336555 -0.3110362 0.479248
v 0.09892654 -0.5079978 0.429245
v 0.1336555 -0.3110362 0.429245
v 0.1087761 -0.5097343 0.429245
v 0.1435051 -0.3127728 0.429245
v 0.06862259 0.101212 0.479248
v 0.03389359 0.2981735 0.479248
v 0.02404404 0.296437 0.479248
v 0.02404404 0.296437 0.429245
v 0.06862259 0.101212 0.429245
v 0.03389359 0.2981735 0.429245
v 0.06862259 -0.3166558 0.479248
v 0.05877686 -0.3183923 0.479248
v 0.03389359 -0.1196942 0.479248
v 0.02404404 -0.1214308 0.479248
v 0.05877686 -0.3183923 0.429245
v 0.02404404 -0.1214308 0.429245
v 0.06862259 -0.3166558 0.429245
v 0.03389359 -0.1196942 0.429245
v 0.06862259 -0.7576559 0.479248
v 0.05877686 -0.7593923 0.479248
v 0.03389359 -0.5606943 0.479248
v 0.02404404 -0.5624307 0.479248
v 0.05877686 -0.7593923 0.429245
v 0.02404404 -0.5624307 0.429245
v 0.06862259 -0.7576559 0.429245
v 0.03389359 -0.5606943 0.429245
v 0.05877686 0.101212 0.4694061
v 0.05877686 0.296437 0.5139771
v 0.05877686 0.2981735 0.5041351
v 0.1087799 0.101212 0.4694061
v 0.1087799 0.2981735 0.5041351
v 0.1087799 0.296437 0.5139771
v 0.05877686 -0.1228343 0.479248
v 0.05877686 -0.1210978 0.4694061
v 0.05877686 0.07412732 0.5139771
v 0.05877686 0.07586378 0.5041351
v 0.1087799 -0.1210978 0.4694061
v 0.1087799 0.07586378 0.5041351
v 0.1087799 -0.1228343 0.479248
v 0.1087799 0.07412732 0.5139771
v 0.05877686 -0.3167343 0.479248
v 0.05877686 -0.3149978 0.4694061
v 0.05877686 -0.1197727 0.5139771
v 0.05877686 -0.1180363 0.5041351
v 0.1087799 -0.3149978 0.4694061
v 0.1087799 -0.1180363 0.5041351
v 0.1087799 -0.3167343 0.479248
v 0.1087799 -0.1197727 0.5139771
v 0.05877686 -0.7687343 0.479248
v 0.05877686 -0.7669978 0.4694061
v 0.05877686 -0.5717727 0.5139771
v 0.05877686 -0.5700362 0.5041351
v 0.1087799 -0.7669978 0.4694061
v 0.1087799 -0.5700362 0.5041351
v 0.1087799 -0.7687343 0.479248
v 0.1087799 -0.5717727 0.5139771
v 0.05877686 0.05534416 0.4390945
v 0.05877686 0.0536077 0.429245
v 0.05877686 0.2523057 0.4043655
v 0.05877686 0.2505692 0.394516
v 0.1087799 0.0536077 0.429245
v 0.1087799 0.2505692 0.394516
v 0.1087799 0.05534416 0.4390945
v 0.1087799 0.2523057 0.4043655
v 0.05877686 -0.1716558 0.4390945
v 0.05877686 -0.1733923 0.429245
v 0.05877686 0.02530575 0.4043655
v 0.05877686 0.02356923 0.394516
v 0.1087799 -0.1733923 0.429245
v 0.1087799 0.02356923 0.394516
v 0.1087799 -0.1716558 0.4390945
v 0.1087799 0.02530575 0.4043655
v 0.05877686 -0.5006558 0.4390945
v 0.05877686 -0.5023923 0.429245
v 0.05877686 -0.3036942 0.4043655
v 0.05877686 -0.3054308 0.394516
v 0.1087799 -0.5023923 0.429245
v 0.1087799 -0.3054308 0.394516
v 0.1087799 -0.5006558 0.4390945
v 0.1087799 -0.3036942 0.4043655
v 0.1087761 0.3994756 0.479248
v 0.05877304 0.3994756 0.479248
v 0.05877304 0.3994756 0.429245
v 0.1087761 0.3994756 0.429245
v -0.02122116 -0.8005245 0.5912476
v -0.07122421 -0.8005245 0.5912476
v -0.02122116 0.0994755 0.5912476
v -0.07122421 0.0994755 0.5912476
v -0.07122421 -0.8005245 0.5412445
v -0.07122421 0.0994755 0.5412445
v -0.02122116 -0.8005245 0.5412445
v -0.02122116 0.0994755 0.5412445
v -0.02122116 0.0342657 0.5912476
v -0.03107071 0.03600216 0.5912476
v 0.01350784 0.2312273 0.5912476
v 0.003658295 0.2329638 0.5912476
v -0.03107071 0.03600216 0.5412445
v 0.003658295 0.2329638 0.5412445
v -0.02122116 0.0342657 0.5412445
v 0.01350784 0.2312273 0.5412445
v -0.02122116 -0.5097343 0.5912476
v -0.03107071 -0.5079978 0.5912476
v 0.01350784 -0.3127728 0.5912476
v 0.003658295 -0.3110362 0.5912476
v -0.03107071 -0.5079978 0.5412445
v 0.003658295 -0.3110362 0.5412445
v -0.02122116 -0.5097343 0.5412445
v 0.01350784 -0.3127728 0.5412445
v -0.06137848 0.101212 0.5912476
v -0.09610748 0.2981735 0.5912476
v -0.105957 0.296437 0.5912476
v -0.105957 0.296437 0.5412445
v -0.06137848 0.101212 0.5412445
v -0.09610748 0.2981735 0.5412445
v -0.06137848 -0.3166558 0.5912476
v -0.07122421 -0.3183923 0.5912476
v -0.09610748 -0.1196942 0.5912476
v -0.105957 -0.1214308 0.5912476
v -0.07122421 -0.3183923 0.5412445
v -0.105957 -0.1214308 0.5412445
v -0.06137848 -0.3166558 0.5412445
v -0.09610748 -0.1196942 0.5412445
v -0.06137848 -0.7576559 0.5912476
v -0.07122421 -0.7593923 0.5912476
v -0.09610748 -0.5606943 0.5912476
v -0.105957 -0.5624307 0.5912476
v -0.07122421 -0.7593923 0.5412445
v -0.105957 -0.5624307 0.5412445
v -0.06137848 -0.7576559 0.5412445
v -0.09610748 -0.5606943 0.5412445
v -0.07122421 0.101212 0.5814133
v -0.07122421 0.296437 0.6259842
v -0.07122421 0.2981735 0.6161423
v -0.02122116 0.101212 0.5814133
v -0.02122116 0.2981735 0.6161423
v -0.02122116 0.296437 0.6259842
v -0.07122421 -0.1228343 0.5912552
v -0.07122421 -0.1210978 0.5814133
v -0.07122421 0.07412732 0.6259842
v -0.07122421 0.07586378 0.6161423
v -0.02122116 -0.1210978 0.5814133
v -0.02122116 0.07586378 0.6161423
v -0.02122116 -0.1228343 0.5912552
v -0.02122116 0.07412732 0.6259842
v -0.07122421 -0.3167343 0.5912552
v -0.07122421 -0.3149978 0.5814133
v -0.07122421 -0.1197727 0.6259842
v -0.07122421 -0.1180363 0.6161423
v -0.02122116 -0.3149978 0.5814133
v -0.02122116 -0.1180363 0.6161423
v -0.02122116 -0.3167343 0.5912552
v -0.02122116 -0.1197727 0.6259842
v -0.07122421 -0.7687343 0.5912552
v -0.07122421 -0.7669978 0.5814133
v -0.07122421 -0.5717727 0.6259842
v -0.07122421 -0.5700362 0.6161423
v -0.02122116 -0.7669978 0.5814133
v -0.02122116 -0.5700362 0.6161423
v -0.02122116 -0.7687343 0.5912552
v -0.02122116 -0.5717727 0.6259842
v -0.07122421 0.05534416 0.5510941
v -0.07122421 0.0536077 0.5412445
v -0.07122421 0.2523057 0.5163651
v -0.07122421 0.2505692 0.5065155
v -0.02122116 0.0536077 0.5412445
v -0.02122116 0.2505692 0.5065155
v -0.02122116 0.05534416 0.5510941
v -0.02122116 0.2523057 0.5163651
v -0.07122421 -0.1716558 0.5510941
v -0.07122421 -0.1733923 0.5412445
v -0.07122421 0.02530575 0.5163651
v -0.07122421 0.02356923 0.5065155
v -0.02122116 -0.1733923 0.5412445
v -0.02122116 0.02356923 0.5065155
v -0.02122116 -0.1716558 0.5510941
v -0.02122116 0.02530575 0.5163651
v -0.07122421 -0.5006558 0.5510941
v -0.07122421 -0.5023923 0.5412445
v -0.07122421 -0.3036942 0.5163651
v -0.07122421 -0.3054308 0.5065155
v -0.02122116 -0.5023923 0.5412445
v -0.02122116 -0.3054308 0.5065155
v -0.02122116 -0.5006558 0.5510941
v -0.02122116 -0.3036942 0.5163651
v -0.02122116 0.3994756 0.5912476
v -0.07122421 0.3994756 0.5912476
v -0.07122421 0.3994756 0.5412445
v -0.02122116 0.3994756 0.5412445
v 0.0937767 -0.8005245 0.7772446
v 0.04377365 -0.8005245 0.7772446
v 0.0937767 0.0994755 0.7772446
v 0.04377365 0.0994755 0.7772446
v 0.04377365 -0.8005245 0.7272415
v 0.04377365 0.0994755 0.7272415
v 0.0937767 -0.8005245 0.7272415
v 0.0937767 0.0994755 0.7272415
v 0.0937767 0.0342657 0.7772446
v 0.08392715 0.03600216 0.7772446
v 0.1285057 0.2312273 0.7772446
v 0.1186562 0.2329638 0.7772446
v 0.08392715 0.03600216 0.7272415
v 0.1186562 0.2329638 0.7272415
v 0.0937767 0.0342657 0.7272415
v 0.1285057 0.2312273 0.7272415
v 0.0937767 -0.5097343 0.7772446
v 0.08392715 -0.5079978 0.7772446
v 0.1285057 -0.3127728 0.7772446
v 0.1186562 -0.3110362 0.7772446
v 0.08392715 -0.5079978 0.7272415
v 0.1186562 -0.3110362 0.7272415
v 0.0937767 -0.5097343 0.7272415
v 0.1285057 -0.3127728 0.7272415
v 0.0536232 0.101212 0.7772446
v 0.0188942 0.2981735 0.7772446
v 0.009044647 0.296437 0.7772446
v 0.009044647 0.296437 0.7272415
v 0.0536232 0.101212 0.7272415
v 0.0188942 0.2981735 0.7272415
v 0.0536232 -0.3166558 0.7772446
v 0.04377747 -0.3183923 0.7772446
v 0.0188942 -0.1196942 0.7772446
v 0.009044647 -0.1214308 0.7772446
v 0.04377747 -0.3183923 0.7272415
v 0.009044647 -0.1214308 0.7272415
v 0.0536232 -0.3166558 0.7272415
v 0.0188942 -0.1196942 0.7272415
v 0.0536232 -0.7576559 0.7772446
v 0.04377747 -0.7593923 0.7772446
v 0.0188942 -0.5606943 0.7772446
v 0.009044647 -0.5624307 0.7772446
v 0.04377747 -0.7593923 0.7272415
v 0.009044647 -0.5624307 0.7272415
v 0.0536232 -0.7576559 0.7272415
v 0.0188942 -0.5606943 0.7272415
v 0.04377747 0.101212 0.7674103
v 0.04377747 0.296437 0.8119812
v 0.04377747 0.2981735 0.8021393
v 0.09378052 0.101212 0.7674103
v 0.09378052 0.2981735 0.8021393
v 0.09378052 0.296437 0.8119812
v 0.04377747 -0.1228343 0.7772522
v 0.04377747 -0.1210978 0.7674103
v 0.04377747 0.07412732 0.8119812
v 0.04377747 0.07586378 0.8021393
v 0.09378052 -0.1210978 0.7674103
v 0.09378052 0.07586378 0.8021393
v 0.09378052 -0.1228343 0.7772522
v 0.09378052 0.07412732 0.8119812
v 0.04377747 -0.3167343 0.7772522
v 0.04377747 -0.3149978 0.7674103
v 0.04377747 -0.1197727 0.8119812
v 0.04377747 -0.1180363 0.8021393
v 0.09378052 -0.3149978 0.7674103
v 0.09378052 -0.1180363 0.8021393
v 0.09378052 -0.3167343 0.7772522
v 0.09378052 -0.1197727 0.8119812
v 0.04377747 -0.7687343 0.7772522
v 0.04377747 -0.7669978 0.7674103
v 0.04377747 -0.5717727 0.8119812
v 0.04377747 -0.5700362 0.8021393
v 0.09378052 -0.7669978 0.7674103
v 0.09378052 -0.5700362 0.8021393
v 0.09378052 -0.7687343 0.7772522
v 0.09378052 -0.5717727 0.8119812
v 0.04377747 0.05534416 0.7370911
v 0.04377747 0.0536077 0.7272415
v 0.04377747 0.2523057 0.7023621
v 0.04377747 0.2505692 0.6925125
v 0.09378052 0.0536077 0.7272415
v 0.09378052 0.2505692 0.6925125
v 0.09378052 0.05534416 0.7370911
v 0.09378052 0.2523057 0.7023621
v 0.04377747 -0.1716558 0.7370911
v 0.04377747 -0.1733923 0.7272415
v 0.04377747 0.02530575 0.7023621
v 0.04377747 0.02356923 0.6925125
v 0.09378052 -0.1733923 0.7272415
v 0.09378052 0.02356923 0.6925125
v 0.09378052 -0.1716558 0.7370911
v 0.09378052 0.02530575 0.7023621
v 0.04377747 -0.5006558 0.7370911
v 0.04377747 -0.5023923 0.7272415
v 0.04377747 -0.3036942 0.7023621
v 0.04377747 -0.3054308 0.6925125
v 0.09378052 -0.5023923 0.7272415
v 0.09378052 -0.3054308 0.6925125
v 0.09378052 -0.5006558 0.7370911
v 0.09378052 -0.3036942 0.7023621
v 0.0937767 0.3994756 0.7772446
v 0.04377365 0.3994756 0.7772446
v 0.04377365 0.3994756 0.7272415
v 0.0937767 0.3994756 0.7272415
v 0.008777618 -0.8005245 0.9222488
v -0.04122543 -0.8005245 0.9222488
v 0.008777618 0.0994755 0.9222488
v -0.04122543 0.0994755 0.9222488
v -0.04122543 -0.8005245 0.8722458
v -0.04122543 0.0994755 0.8722458
v 0.008777618 -0.8005245 0.8722458
v 0.008777618 0.0994755 0.8722458
v 0.008777618 0.0342657 0.9222488
v -0.00107193 0.03600216 0.9222488
v 0.04350662 0.2312273 0.9222488
v 0.03365707 0.2329638 0.9222488
v -0.00107193 0.03600216 0.8722458
v 0.03365707 0.2329638 0.8722458
v 0.008777618 0.0342657 0.8722458
v 0.04350662 0.2312273 0.8722458
v 0.008777618 -0.5097343 0.9222488
v -0.00107193 -0.5079978 0.9222488
v 0.04350662 -0.3127727 0.9222488
v 0.03365707 -0.3110362 0.9222488
v -0.00107193 -0.5079978 0.8722458
v 0.03365707 -0.3110362 0.8722458
v 0.008777618 -0.5097343 0.8722458
v 0.04350662 -0.3127727 0.8722458
v -0.0313797 0.101212 0.9222488
v -0.0661087 0.2981735 0.9222488
v -0.07595825 0.296437 0.9222488
v -0.07595825 0.296437 0.8722458
v -0.0313797 0.101212 0.8722458
v -0.0661087 0.2981735 0.8722458
v -0.0313797 -0.3166558 0.9222488
v -0.04122543 -0.3183923 0.9222488
v -0.0661087 -0.1196942 0.9222488
v -0.07595825 -0.1214308 0.9222488
v -0.04122543 -0.3183923 0.8722458
v -0.07595825 -0.1214308 0.8722458
v -0.0313797 -0.3166558 0.8722458
v -0.0661087 -0.1196942 0.8722458
v -0.0313797 -0.7576558 0.9222488
v -0.04122543 -0.7593923 0.9222488
v -0.0661087 -0.5606942 0.9222488
v -0.07595825 -0.5624307 0.9222488
v -0.04122543 -0.7593923 0.8722458
v -0.07595825 -0.5624307 0.8722458
v -0.0313797 -0.7576558 0.8722458
v -0.0661087 -0.5606942 0.8722458
v -0.04122543 0.101212 0.9124146
v -0.04122543 0.296437 0.9569855
v -0.04122543 0.2981735 0.9471436
v 0.008777618 0.101212 0.9124146
v 0.008777618 0.2981735 0.9471436
v 0.008777618 0.296437 0.9569855
v -0.04122543 -0.1228343 0.9222565
v -0.04122543 -0.1210978 0.9124146
v -0.04122543 0.07412732 0.9569855
v -0.04122543 0.07586378 0.9471436
v 0.008777618 -0.1210978 0.9124146
v 0.008777618 0.07586378 0.9471436
v 0.008777618 -0.1228343 0.9222565
v 0.008777618 0.07412732 0.9569855
v -0.04122543 -0.3167343 0.9222565
v -0.04122543 -0.3149978 0.9124146
v -0.04122543 -0.1197727 0.9569855
v -0.04122543 -0.1180363 0.9471436
v 0.008777618 -0.3149978 0.9124146
v 0.008777618 -0.1180363 0.9471436
v 0.008777618 -0.3167343 0.9222565
v 0.008777618 -0.1197727 0.9569855
v -0.04122543 -0.7687343 0.9222565
v -0.04122543 -0.7669978 0.9124146
v -0.04122543 -0.5717727 0.9569855
v -0.04122543 -0.5700362 0.9471436
v 0.008777618 -0.7669978 0.9124146
v 0.008777618 -0.5700362 0.9471436
v 0.008777618 -0.7687343 0.9222565
v 0.008777618 -0.5717727 0.9569855
v -0.04122543 0.05534416 0.8820953
v -0.04122543 0.0536077 0.8722458
v -0.04122543 0.2523057 0.8473663
v -0.04122543 0.2505692 0.8375168
v 0.008777618 0.0536077 0.8722458
v 0.008777618 0.2505692 0.8375168
v 0.008777618 0.05534416 0.8820953
v 0.008777618 0.2523057 0.8473663
v -0.04122543 -0.1716558 0.8820953
v -0.04122543 -0.1733923 0.8722458
v -0.04122543 0.02530575 0.8473663
v -0.04122543 0.02356923 0.8375168
v 0.008777618 -0.1733923 0.8722458
v 0.008777618 0.02356923 0.8375168
v 0.008777618 -0.1716558 0.8820953
v 0.008777618 0.02530575 0.8473663
v -0.04122543 -0.5006558 0.8820953
v -0.04122543 -0.5023923 0.8722458
v -0.04122543 -0.3036943 0.8473663
v -0.04122543 -0.3054308 0.8375168
v 0.008777618 -0.5023923 0.8722458
v 0.008777618 -0.3054308 0.8375168
v 0.008777618 -0.5006558 0.8820953
v 0.008777618 -0.3036943 0.8473663
v 0.008777618 0.3994756 0.9222488
v -0.04122543 0.3994756 0.9222488
v -0.04122543 0.3994756 0.8722458
v 0.008777618 0.3994756 0.8722458
v 0.05477905 -0.8005245 0.04924774
v 0.004776001 -0.8005245 0.04924774
v 0.004776001 -0.8005245 -0.0007553101
v 0.05477905 -0.8005245 -0.0007553101
v 0.05477905 0.0342657 0.04924774
v 0.0449295 0.03600216 0.04924774
v 0.08950806 0.2312273 0.04924774
v 0.07965851 0.2329638 0.04924774
v 0.0449295 0.03600216 -0.0007553101
v 0.07965851 0.2329638 -0.0007553101
v 0.05477905 0.0342657 -0.0007553101
v 0.08950806 0.2312273 -0.0007553101
v 0.05477905 -0.5097343 0.04924774
v 0.0449295 -0.5079978 0.04924774
v 0.08950806 -0.3127728 0.04924774
v 0.07965851 -0.3110362 0.04924774
v 0.0449295 -0.5079978 -0.0007553101
v 0.07965851 -0.3110362 -0.0007553101
v 0.05477905 -0.5097343 -0.0007553101
v 0.08950806 -0.3127728 -0.0007553101
v 0.01462173 0.101212 0.04924774
v -0.02010727 0.2981735 0.04924774
v -0.02995682 0.296437 0.04924774
v -0.02995682 0.296437 -0.0007553101
v 0.01462173 0.101212 -0.0007553101
v -0.02010727 0.2981735 -0.0007553101
v 0.01462173 -0.3166558 0.04924774
v 0.004776001 -0.3183923 0.04924774
v -0.02010727 -0.1196942 0.04924774
v -0.02995682 -0.1214308 0.04924774
v 0.004776001 -0.3183923 -0.0007553101
v -0.02995682 -0.1214308 -0.0007553101
v 0.01462173 -0.3166558 -0.0007553101
v -0.02010727 -0.1196942 -0.0007553101
v 0.01462173 -0.7576559 0.04924774
v 0.004776001 -0.7593923 0.04924774
v -0.02010727 -0.5606943 0.04924774
v -0.02995682 -0.5624307 0.04924774
v 0.004776001 -0.7593923 -0.0007553101
v -0.02995682 -0.5624307 -0.0007553101
v 0.01462173 -0.7576559 -0.0007553101
v -0.02010727 -0.5606943 -0.0007553101
v 0.004776001 0.101212 0.03940582
v 0.004776001 0.296437 0.08397675
v 0.004776001 0.2981735 0.07413483
v 0.05477905 0.101212 0.03940582
v 0.05477905 0.2981735 0.07413483
v 0.05477905 0.296437 0.08397675
v 0.004776001 -0.1228343 0.04924774
v 0.004776001 -0.1210978 0.03940582
v 0.004776001 0.07412732 0.08397675
v 0.004776001 0.07586378 0.07413483
v 0.05477905 -0.1210978 0.03940582
v 0.05477905 0.07586378 0.07413483
v 0.05477905 -0.1228343 0.04924774
v 0.05477905 0.07412732 0.08397675
v 0.004776001 -0.3167343 0.04924774
v 0.004776001 -0.3149978 0.03940582
v 0.004776001 -0.1197727 0.08397675
v 0.004776001 -0.1180363 0.07413483
v 0.05477905 -0.3149978 0.03940582
v 0.05477905 -0.1180363 0.07413483
v 0.05477905 -0.3167343 0.04924774
v 0.05477905 -0.1197727 0.08397675
v 0.004776001 -0.7687343 0.04924774
v 0.004776001 -0.7669978 0.03940582
v 0.004776001 -0.5717727 0.08397675
v 0.004776001 -0.5700362 0.07413483
v 0.05477905 -0.7669978 0.03940582
v 0.05477905 -0.5700362 0.07413483
v 0.05477905 -0.7687343 0.04924774
v 0.05477905 -0.5717727 0.08397675
v 0.004776001 0.05534416 0.009094238
v 0.004776001 0.0536077 -0.0007553101
v 0.004776001 0.2523057 -0.02563477
v 0.004776001 0.2505692 -0.03548431
v 0.05477905 0.0536077 -0.0007553101
v 0.05477905 0.2505692 -0.03548431
v 0.05477905 0.05534416 0.009094238
v 0.05477905 0.2523057 -0.02563477
v 0.004776001 -0.1716558 0.009094238
v 0.004776001 -0.1733923 -0.0007553101
v 0.004776001 0.02530575 -0.02563477
v 0.004776001 0.02356923 -0.03548431
v 0.05477905 -0.1733923 -0.0007553101
v 0.05477905 0.02356923 -0.03548431
v 0.05477905 -0.1716558 0.009094238
v 0.05477905 0.02530575 -0.02563477
v 0.004776001 -0.5006558 0.009094238
v 0.004776001 -0.5023923 -0.0007553101
v 0.004776001 -0.3036942 -0.02563477
v 0.004776001 -0.3054308 -0.03548431
v 0.05477905 -0.5023923 -0.0007553101
v 0.05477905 -0.3054308 -0.03548431
v 0.05477905 -0.5006558 0.009094238
v 0.05477905 -0.3036942 -0.02563477

vt 0.05477753 0.09947553
vt 0.004777526 0.09947553
vt 0.05477753 0.3994755
vt 0.004777526 0.3994755
vt 0.04924621 0.09947553
vt -0.0007537846 0.09947553
vt 0.04924621 0.3994755
vt -0.0007537846 0.3994755
vt -0.004777526 0.09947553
vt -0.05477753 0.09947553
vt -0.004777526 0.3994755
vt -0.05477753 0.3994755
vt 0.0007537846 0.09947553
vt -0.04924621 0.09947553
vt 0.0007537846 0.3994755
vt -0.04924621 0.3994755
vt -0.05477753 0.04924621
vt -0.004777526 0.04924621
vt -0.05477753 -0.0007537846
vt -0.004777526 -0.0007537846
vt 0.05477753 -0.0007537846
vt 0.004777526 -0.0007537846
vt 0.05477753 0.04924621
vt 0.004777526 0.04924621
vt -1.509945 -2.231308
vt -1.509945 -1.731308
vt -1.009945 -2.231308
vt -1.009945 -1.731308
vt -1.509945 -1.231308
vt -1.009945 -1.231308
vt -0.5099449 -2.231308
vt -0.5099449 -1.731308
vt -0.5099449 -1.231308
vt 0.0547775 -0.2005244
vt 0.004777551 -0.2005244
vt 0.0547775 0.6994755
vt 0.004777551 0.6994755
vt 0.04924621 -0.2005244
vt -0.0007537752 -0.2005244
vt 0.04924621 0.6994755
vt -0.0007537752 0.6994755
vt -0.004777551 -0.2005244
vt -0.0547775 -0.2005244
vt -0.004777551 0.6994755
vt -0.0547775 0.6994755
vt 0.0007537752 -0.2005244
vt -0.04924621 -0.2005244
vt 0.0007537752 0.6994755
vt -0.04924621 0.6994755
vt 0.03477859 0.1494757
vt 0.02477843 0.149476
vt 0.03477854 0.3494754
vt 0.02477837 0.3494757
vt 0.04924621 0.1494757
vt -0.0007537752 0.1494757
vt 0.04924621 0.3494757
vt -0.0007537752 0.3494757
vt -0.02477843 0.149476
vt -0.03477854 0.1494757
vt -0.02477843 0.3494757
vt -0.03477854 0.3494754
vt 0.0007537752 0.1494757
vt -0.04924621 0.1494757
vt 0.0007537752 0.3494757
vt -0.04924621 0.3494757
vt -0.03477848 0.04924621
vt -0.02477849 0.04924621
vt -0.03477848 -0.0007537752
vt -0.02477849 -0.0007537752
vt 0.03477848 -0.0007537752
vt 0.02477849 -0.0007537752
vt 0.03477848 0.04924621
vt 0.02477849 0.04924621

vn 0 0 1
vn -1 0 0
vn 0 0 -1
vn 1 0 0
vn 0 1 0
vn 0 -1 0
vn -0.9848083 0.173645 0
vn 0.9848083 -0.1736451 0
vn 0.1736269 0.9848115 0
vn -0.1736211 -0.9848126 0
vn -0.984805 -0.1736636 0
vn 0.9848083 0.1736451 0
vn -0.1736269 0.9848115 0
vn 0.1736864 -0.984801 0
vn 0 0.1736451 -0.9848083
vn 0 -0.1736451 0.9848083
vn 0 0.9847885 0.1737574
vn 0 -0.9847885 -0.1737574
vn 0 -0.1736451 -0.9848083
vn 0 0.1736451 0.9848083
vn 0 0.9848115 -0.1736269
vn 0 -0.9848126 0.1736211

usemtl Maiz
f 3/3/1 4/4/1 2/2/1 1/1/1
f 4/7/2 6/8/2 5/6/2 2/5/2
f 6/11/3 8/12/3 7/10/3 5/9/3
f 8/15/4 3/16/4 1/14/4 7/13/4
f 8/19/5 6/20/5 4/18/5 3/17/5
f 1/23/6 2/24/6 5/22/6 7/21/6
f 118/3/1 119/4/1 21/2/1 20/1/1
f 119/7/2 120/8/2 23/6/2 21/5/2
f 120/11/3 121/12/3 25/10/3 23/9/3
f 121/15/4 118/16/4 20/14/4 25/13/4
f 121/19/5 120/20/5 119/18/5 118/17/5
f 20/23/6 21/24/6 23/22/6 25/21/6
f 222/3/1 223/4/1 125/2/1 124/1/1
f 223/7/2 224/8/2 127/6/2 125/5/2
f 224/11/3 225/12/3 129/10/3 127/9/3
f 225/15/4 222/16/4 124/14/4 129/13/4
f 225/19/5 224/20/5 223/18/5 222/17/5
f 124/23/6 125/24/6 127/22/6 129/21/6
f 326/3/1 327/4/1 229/2/1 228/1/1
f 327/7/2 328/8/2 231/6/2 229/5/2
f 328/11/3 329/12/3 233/10/3 231/9/3
f 329/15/4 326/16/4 228/14/4 233/13/4
f 329/19/5 328/20/5 327/18/5 326/17/5
f 228/23/6 229/24/6 231/22/6 233/21/6
f 430/3/1 431/4/1 333/2/1 332/1/1
f 431/7/2 432/8/2 335/6/2 333/5/2
f 432/11/3 433/12/3 337/10/3 335/9/3
f 433/15/4 430/16/4 332/14/4 337/13/4
f 433/19/5 432/20/5 431/18/5 430/17/5
f 332/23/6 333/24/6 335/22/6 337/21/6
f 534/3/1 535/4/1 437/2/1 436/1/1
f 535/7/2 536/8/2 439/6/2 437/5/2
f 536/11/3 537/12/3 441/10/3 439/9/3
f 537/15/4 534/16/4 436/14/4 441/13/4
f 537/19/5 536/20/5 535/18/5 534/17/5
f 436/23/6 437/24/6 439/22/6 441/21/6
f 638/3/1 639/4/1 541/2/1 540/1/1
f 639/7/2 640/8/2 543/6/2 541/5/2
f 640/11/3 641/12/3 545/10/3 543/9/3
f 641/15/4 638/16/4 540/14/4 545/13/4
f 641/19/5 640/20/5 639/18/5 638/17/5
f 540/23/6 541/24/6 543/22/6 545/21/6
f 862/3/1 863/4/1 755/2/1 754/1/1
f 863/7/2 864/8/2 757/6/2 755/5/2
f 864/11/3 865/12/3 759/10/3 757/9/3
f 865/15/4 862/16/4 754/14/4 759/13/4
f 865/19/5 864/20/5 863/18/5 862/17/5
f 754/23/6 755/24/6 757/22/6 759/21/6
f 866/3/1 867/4/1 645/2/1 644/1/1
f 867/7/2 868/8/2 647/6/2 645/5/2
f 868/11/3 869/12/3 649/10/3 647/9/3
f 869/15/4 866/16/4 644/14/4 649/13/4
f 869/19/5 868/20/5 867/18/5 866/17/5
f 644/23/6 645/24/6 647/22/6 649/21/6
f 1090/3/1 1091/4/1 983/2/1 982/1/1
f 1091/7/2 1092/8/2 985/6/2 983/5/2
f 1092/11/3 1093/12/3 987/10/3 985/9/3
f 1093/15/4 1090/16/4 982/14/4 987/13/4
f 1093/19/5 1092/20/5 1091/18/5 1090/17/5
f 982/23/6 983/24/6 985/22/6 987/21/6
f 1094/3/1 1095/4/1 873/2/1 872/1/1
f 1095/7/2 1096/8/2 875/6/2 873/5/2
f 1096/11/3 1097/12/3 877/10/3 875/9/3
f 1097/15/4 1094/16/4 872/14/4 877/13/4
f 1097/19/5 1096/20/5 1095/18/5 1094/17/5
f 872/23/6 873/24/6 875/22/6 877/21/6
f 1208/3/1 1209/4/1 1101/2/1 1100/1/1
f 1209/7/2 1210/8/2 1103/6/2 1101/5/2
f 1210/11/3 1211/12/3 1105/10/3 1103/9/3
f 1211/15/4 1208/16/4 1100/14/4 1105/13/4
f 1211/19/5 1210/20/5 1209/18/5 1208/17/5
f 1100/23/6 1101/24/6 1103/22/6 1105/21/6
f 1322/3/1 1323/4/1 1215/2/1 1214/1/1
f 1323/7/2 1324/8/2 1217/6/2 1215/5/2
f 1324/11/3 1325/12/3 1219/10/3 1217/9/3
f 1325/15/4 1322/16/4 1214/14/4 1219/13/4
f 1325/19/5 1324/20/5 1323/18/5 1322/17/5
f 1214/23/6 1215/24/6 1217/22/6 1219/21/6
f 1428/3/1 1429/4/1 1329/2/1 1328/1/1
f 1429/7/2 1430/8/2 1331/6/2 1329/5/2
f 1430/11/3 1431/12/3 1333/10/3 1331/9/3
f 1431/15/4 1428/16/4 1328/14/4 1333/13/4
f 1431/19/5 1430/20/5 1429/18/5 1428/17/5
f 1328/23/6 1329/24/6 1331/22/6 1333/21/6
f 1534/3/1 1535/4/1 1435/2/1 1434/1/1
f 1535/7/2 1536/8/2 1437/6/2 1435/5/2
f 1536/11/3 1537/12/3 1439/10/3 1437/9/3
f 1537/15/4 1534/16/4 1434/14/4 1439/13/4
f 1537/19/5 1536/20/5 1535/18/5 1534/17/5
f 1434/23/6 1435/24/6 1437/22/6 1439/21/6
f 1640/3/1 1641/4/1 1541/2/1 1540/1/1
f 1641/7/2 1642/8/2 1543/6/2 1541/5/2
f 1642/11/3 1643/12/3 1545/10/3 1543/9/3
f 1643/15/4 1640/16/4 1540/14/4 1545/13/4
f 1643/19/5 1642/20/5 1641/18/5 1640/17/5
f 1540/23/6 1541/24/6 1543/22/6 1545/21/6
f 1746/3/1 1747/4/1 1647/2/1 1646/1/1
f 1747/7/2 1748/8/2 1649/6/2 1647/5/2
f 1748/11/3 1749/12/3 1651/10/3 1649/9/3
f 1749/15/4 1746/16/4 1646/14/4 1651/13/4
f 1749/19/5 1748/20/5 1747/18/5 1746/17/5
f 1646/23/6 1647/24/6 1649/22/6 1651/21/6
f 1852/3/1 1853/4/1 1753/2/1 1752/1/1
f 1853/7/2 1854/8/2 1755/6/2 1753/5/2
f 1854/11/3 1855/12/3 1757/10/3 1755/9/3
f 1855/15/4 1852/16/4 1752/14/4 1757/13/4
f 1855/19/5 1854/20/5 1853/18/5 1852/17/5
f 1752/23/6 1753/24/6 1755/22/6 1757/21/6
f 1958/3/1 1959/4/1 1859/2/1 1858/1/1
f 1959/7/2 1960/8/2 1861/6/2 1859/5/2
f 1960/11/3 1961/12/3 1863/10/3 1861/9/3
f 1961/15/4 1958/16/4 1858/14/4 1863/13/4
f 1961/19/5 1960/20/5 1959/18/5 1958/17/5
f 1858/23/6 1859/24/6 1861/22/6 1863/21/6
f 2064/3/1 2065/4/1 1965/2/1 1964/1/1
f 2065/7/2 2066/8/2 1967/6/2 1965/5/2
f 2066/11/3 2067/12/3 1969/10/3 1967/9/3
f 2067/15/4 2064/16/4 1964/14/4 1969/13/4
f 2067/19/5 2066/20/5 2065/18/5 2064/17/5
f 1964/23/6 1965/24/6 1967/22/6 1969/21/6
f 2170/3/1 2171/4/1 2071/2/1 2070/1/1
f 2171/7/2 2172/8/2 2073/6/2 2071/5/2
f 2172/11/3 2173/12/3 2075/10/3 2073/9/3
f 2173/15/4 2170/16/4 2070/14/4 2075/13/4
f 2173/19/5 2172/20/5 2171/18/5 2170/17/5
f 2070/23/6 2071/24/6 2073/22/6 2075/21/6
f 2276/3/1 2277/4/1 2177/2/1 2176/1/1
f 2277/7/2 2278/8/2 2179/6/2 2177/5/2
f 2278/11/3 2279/12/3 2181/10/3 2179/9/3
f 2279/15/4 2276/16/4 2176/14/4 2181/13/4
f 2279/19/5 2278/20/5 2277/18/5 2276/17/5
f 2176/23/6 2177/24/6 2179/22/6 2181/21/6
f 2382/3/1 2383/4/1 2283/2/1 2282/1/1
f 2383/7/2 2384/8/2 2285/6/2 2283/5/2
f 2384/11/3 2385/12/3 2287/10/3 2285/9/3
f 2385/15/4 2382/16/4 2282/14/4 2287/13/4
f 2385/19/5 2384/20/5 2383/18/5 2382/17/5
f 2282/23/6 2283/24/6 2285/22/6 2287/21/6
f 2488/3/1 2489/4/1 2389/2/1 2388/1/1
f 2489/7/2 2490/8/2 2391/6/2 2389/5/2
f 2490/11/3 2491/12/3 2393/10/3 2391/9/3
f 2491/15/4 2488/16/4 2388/14/4 2393/13/4
f 2491/19/5 2490/20/5 2489/18/5 2488/17/5
f 2388/23/6 2389/24/6 2391/22/6 2393/21/6
f 2594/3/1 2595/4/1 2495/2/1 2494/1/1
f 2595/7/2 2596/8/2 2497/6/2 2495/5/2
f 2596/11/3 2597/12/3 2499/10/3 2497/9/3
f 2597/15/4 2594/16/4 2494/14/4 2499/13/4
f 2597/19/5 2596/20/5 2595/18/5 2594/17/5
f 2494/23/6 2495/24/6 2497/22/6 2499/21/6
f 2698/3/1 2699/4/1 2601/2/1 2600/1/1
f 2699/7/2 2700/8/2 2603/6/2 2601/5/2
f 2700/11/3 2701/12/3 2605/10/3 2603/9/3
f 2701/15/4 2698/16/4 2600/14/4 2605/13/4
f 2701/19/5 2700/20/5 2699/18/5 2698/17/5
f 2600/23/6 2601/24/6 2603/22/6 2605/21/6
f 2802/3/1 2803/4/1 2705/2/1 2704/1/1
f 2803/7/2 2804/8/2 2707/6/2 2705/5/2
f 2804/11/3 2805/12/3 2709/10/3 2707/9/3
f 2805/15/4 2802/16/4 2704/14/4 2709/13/4
f 2805/19/5 2804/20/5 2803/18/5 2802/17/5
f 2704/23/6 2705/24/6 2707/22/6 2709/21/6
f 2906/3/1 2907/4/1 2809/2/1 2808/1/1
f 2907/7/2 2908/8/2 2811/6/2 2809/5/2
f 2908/11/3 2909/12/3 2813/10/3 2811/9/3
f 2909/15/4 2906/16/4 2808/14/4 2813/13/4
f 2909/19/5 2908/20/5 2907/18/5 2906/17/5
f 2808/23/6 2809/24/6 2811/22/6 2813/21/6
f 3010/3/1 3011/4/1 2913/2/1 2912/1/1
f 3011/7/2 3012/8/2 2915/6/2 2913/5/2
f 3012/11/3 3013/12/3 2917/10/3 2915/9/3
f 3013/15/4 3010/16/4 2912/14/4 2917/13/4
f 3013/19/5 3012/20/5 3011/18/5 3010/17/5
f 2912/23/6 2913/24/6 2915/22/6 2917/21/6
f 3114/3/1 3115/4/1 3017/2/1 3016/1/1
f 3115/7/2 3116/8/2 3019/6/2 3017/5/2
f 3116/11/3 3117/12/3 3021/10/3 3019/9/3
f 3117/15/4 3114/16/4 3016/14/4 3021/13/4
f 3117/19/5 3116/20/5 3115/18/5 3114/17/5
f 3016/23/6 3017/24/6 3019/22/6 3021/21/6

usemtl FarmGround
f 11/27/5 12/28/5 10/26/5 9/25/5
f 12/28/5 14/30/5 13/29/5 10/26/5
f 15/31/5 16/32/5 12/28/5 11/27/5
f 16/32/5 17/33/5 14/30/5 12/28/5

usemtl Tallo
f 20/36/1 21/37/1 19/35/1 18/34/1
f 21/40/2 23/41/2 22/39/2 19/38/2
f 23/44/3 25/45/3 24/43/3 22/42/3
f 25/48/4 20/49/4 18/47/4 24/46/4
f 25/19/5 23/20/5 21/18/5 20/17/5
f 18/23/6 19/24/6 22/22/6 24/21/6
f 28/52/1 29/53/1 27/51/1 26/50/1
f 29/56/7 31/57/7 30/55/7 27/54/7
f 31/60/3 33/61/3 32/59/3 30/58/3
f 33/64/8 28/65/8 26/63/8 32/62/8
f 33/68/9 31/69/9 29/67/9 28/66/9
f 26/72/10 27/73/10 30/71/10 32/70/10
f 36/52/1 37/53/1 35/51/1 34/50/1
f 37/56/7 39/57/7 38/55/7 35/54/7
f 39/60/3 41/61/3 40/59/3 38/58/3
f 41/64/8 36/65/8 34/63/8 40/62/8
f 41/68/9 39/69/9 37/67/9 36/66/9
f 34/72/10 35/73/10 38/71/10 40/70/10
f 43/52/1 44/53/1 21/51/1 42/50/1
f 44/56/11 45/57/11 23/55/11 21/54/11
f 45/60/3 47/61/3 46/59/3 23/58/3
f 47/64/12 43/65/12 42/63/12 46/62/12
f 47/68/13 45/69/13 44/67/13 43/66/13
f 42/72/14 21/73/14 23/71/14 46/70/14
f 50/52/1 51/53/1 49/51/1 48/50/1
f 51/56/11 53/57/11 52/55/11 49/54/11
f 53/60/3 55/61/3 54/59/3 52/58/3
f 55/64/12 50/65/12 48/63/12 54/62/12
f 55/68/13 53/69/13 51/67/13 50/66/13
f 48/72/14 49/73/14 52/71/14 54/70/14
f 58/52/1 59/53/1 57/51/1 56/50/1
f 59/56/11 61/57/11 60/55/11 57/54/11
f 61/60/3 63/61/3 62/59/3 60/58/3
f 63/64/12 58/65/12 56/63/12 62/62/12
f 63/68/13 61/69/13 59/67/13 58/66/13
f 56/72/14 57/73/14 60/71/14 62/70/14
f 65/52/2 66/53/2 64/51/2 21/50/2
f 66/56/15 68/57/15 67/55/15 64/54/15
f 68/60/4 69/61/4 20/59/4 67/58/4
f 69/64/16 65/65/16 21/63/16 20/62/16
f 69/68/17 68/69/17 66/67/17 65/66/17
f 21/72/18 64/73/18 67/71/18 20/70/18
f 72/52/2 73/53/2 71/51/2 70/50/2
f 73/56/15 75/57/15 74/55/15 71/54/15
f 75/60/4 77/61/4 76/59/4 74/58/4
f 77/64/16 72/65/16 70/63/16 76/62/16
f 77/68/17 75/69/17 73/67/17 72/66/17
f 70/72/18 71/73/18 74/71/18 76/70/18
f 80/52/2 81/53/2 79/51/2 78/50/2
f 81/56/15 83/57/15 82/55/15 79/54/15
f 83/60/4 85/61/4 84/59/4 82/58/4
f 85/64/16 80/65/16 78/63/16 84/62/16
f 85/68/17 83/69/17 81/67/17 80/66/17
f 78/72/18 79/73/18 82/71/18 84/70/18
f 88/52/2 89/53/2 87/51/2 86/50/2
f 89/56/15 91/57/15 90/55/15 87/54/15
f 91/60/4 93/61/4 92/59/4 90/58/4
f 93/64/16 88/65/16 86/63/16 92/62/16
f 93/68/17 91/69/17 89/67/17 88/66/17
f 86/72/18 87/73/18 90/71/18 92/70/18
f 96/52/2 97/53/2 95/51/2 94/50/2
f 97/56/19 99/57/19 98/55/19 95/54/19
f 99/60/4 101/61/4 100/59/4 98/58/4
f 101/64/20 96/65/20 94/63/20 100/62/20
f 101/68/21 99/69/21 97/67/21 96/66/21
f 94/72/22 95/73/22 98/71/22 100/70/22
f 104/52/2 105/53/2 103/51/2 102/50/2
f 105/56/19 107/57/19 106/55/19 103/54/19
f 107/60/4 109/61/4 108/59/4 106/58/4
f 109/64/20 104/65/20 102/63/20 108/62/20
f 109/68/21 107/69/21 105/67/21 104/66/21
f 102/72/22 103/73/22 106/71/22 108/70/22
f 112/52/2 113/53/2 111/51/2 110/50/2
f 113/56/19 115/57/19 114/55/19 111/54/19
f 115/60/4 117/61/4 116/59/4 114/58/4
f 117/64/20 112/65/20 110/63/20 116/62/20
f 117/68/21 115/69/21 113/67/21 112/66/21
f 110/72/22 111/73/22 114/71/22 116/70/22
f 124/36/1 125/37/1 123/35/1 122/34/1
f 125/40/2 127/41/2 126/39/2 123/38/2
f 127/44/3 129/45/3 128/43/3 126/42/3
f 129/48/4 124/49/4 122/47/4 128/46/4
f 129/19/5 127/20/5 125/18/5 124/17/5
f 122/23/6 123/24/6 126/22/6 128/21/6
f 132/52/1 133/53/1 131/51/1 130/50/1
f 133/56/7 135/57/7 134/55/7 131/54/7
f 135/60/3 137/61/3 136/59/3 134/58/3
f 137/64/8 132/65/8 130/63/8 136/62/8
f 137/68/9 135/69/9 133/67/9 132/66/9
f 130/72/10 131/73/10 134/71/10 136/70/10
f 140/52/1 141/53/1 139/51/1 138/50/1
f 141/56/7 143/57/7 142/55/7 139/54/7
f 143/60/3 145/61/3 144/59/3 142/58/3
f 145/64/8 140/65/8 138/63/8 144/62/8
f 145/68/9 143/69/9 141/67/9 140/66/9
f 138/72/10 139/73/10 142/71/10 144/70/10
f 147/52/1 148/53/1 125/51/1 146/50/1
f 148/56/11 149/57/11 127/55/11 125/54/11
f 149/60/3 151/61/3 150/59/3 127/58/3
f 151/64/12 147/65/12 146/63/12 150/62/12
f 151/68/13 149/69/13 148/67/13 147/66/13
f 146/72/14 125/73/14 127/71/14 150/70/14
f 154/52/1 155/53/1 153/51/1 152/50/1
f 155/56/11 157/57/11 156/55/11 153/54/11
f 157/60/3 159/61/3 158/59/3 156/58/3
f 159/64/12 154/65/12 152/63/12 158/62/12
f 159/68/13 157/69/13 155/67/13 154/66/13
f 152/72/14 153/73/14 156/71/14 158/70/14
f 162/52/1 163/53/1 161/51/1 160/50/1
f 163/56/11 165/57/11 164/55/11 161/54/11
f 165/60/3 167/61/3 166/59/3 164/58/3
f 167/64/12 162/65/12 160/63/12 166/62/12
f 167/68/13 165/69/13 163/67/13 162/66/13
f 160/72/14 161/73/14 164/71/14 166/70/14
f 169/52/2 170/53/2 168/51/2 125/50/2
f 170/56/15 172/57/15 171/55/15 168/54/15
f 172/60/4 173/61/4 124/59/4 171/58/4
f 173/64/16 169/65/16 125/63/16 124/62/16
f 173/68/17 172/69/17 170/67/17 169/66/17
f 125/72/18 168/73/18 171/71/18 124/70/18
f 176/52/2 177/53/2 175/51/2 174/50/2
f 177/56/15 179/57/15 178/55/15 175/54/15
f 179/60/4 181/61/4 180/59/4 178/58/4
f 181/64/16 176/65/16 174/63/16 180/62/16
f 181/68/17 179/69/17 177/67/17 176/66/17
f 174/72/18 175/73/18 178/71/18 180/70/18
f 184/52/2 185/53/2 183/51/2 182/50/2
f 185/56/15 187/57/15 186/55/15 183/54/15
f 187/60/4 189/61/4 188/59/4 186/58/4
f 189/64/16 184/65/16 182/63/16 188/62/16
f 189/68/17 187/69/17 185/67/17 184/66/17
f 182/72/18 183/73/18 186/71/18 188/70/18
f 192/52/2 193/53/2 191/51/2 190/50/2
f 193/56/15 195/57/15 194/55/15 191/54/15
f 195/60/4 197/61/4 196/59/4 194/58/4
f 197/64/16 192/65/16 190/63/16 196/62/16
f 197/68/17 195/69/17 193/67/17 192/66/17
f 190/72/18 191/73/18 194/71/18 196/70/18
f 200/52/2 201/53/2 199/51/2 198/50/2
f 201/56/19 203/57/19 202/55/19 199/54/19
f 203/60/4 205/61/4 204/59/4 202/58/4
f 205/64/20 200/65/20 198/63/20 204/62/20
f 205/68/21 203/69/21 201/67/21 200/66/21
f 198/72/22 199/73/22 202/71/22 204/70/22
f 208/52/2 209/53/2 207/51/2 206/50/2
f 209/56/19 211/57/19 210/55/19 207/54/19
f 211/60/4 213/61/4 212/59/4 210/58/4
f 213/64/20 208/65/20 206/63/20 212/62/20
f 213/68/21 211/69/21 209/67/21 208/66/21
f 206/72/22 207/73/22 210/71/22 212/70/22
f 216/52/2 217/53/2 215/51/2 214/50/2
f 217/56/19 219/57/19 218/55/19 215/54/19
f 219/60/4 221/61/4 220/59/4 218/58/4
f 221/64/20 216/65/20 214/63/20 220/62/20
f 221/68/21 219/69/21 217/67/21 216/66/21
f 214/72/22 215/73/22 218/71/22 220/70/22
f 228/36/1 229/37/1 227/35/1 226/34/1
f 229/40/2 231/41/2 230/39/2 227/38/2
f 231/44/3 233/45/3 232/43/3 230/42/3
f 233/48/4 228/49/4 226/47/4 232/46/4
f 233/19/5 231/20/5 229/18/5 228/17/5
f 226/23/6 227/24/6 230/22/6 232/21/6
f 236/52/1 237/53/1 235/51/1 234/50/1
f 237/56/7 239/57/7 238/55/7 235/54/7
f 239/60/3 241/61/3 240/59/3 238/58/3
f 241/64/8 236/65/8 234/63/8 240/62/8
f 241/68/9 239/69/9 237/67/9 236/66/9
f 234/72/10 235/73/10 238/71/10 240/70/10
f 244/52/1 245/53/1 243/51/1 242/50/1
f 245/56/7 247/57/7 246/55/7 243/54/7
f 247/60/3 249/61/3 248/59/3 246/58/3
f 249/64/8 244/65/8 242/63/8 248/62/8
f 249/68/9 247/69/9 245/67/9 244/66/9
f 242/72/10 243/73/10 246/71/10 248/70/10
f 251/52/1 252/53/1 229/51/1 250/50/1
f 252/56/11 253/57/11 231/55/11 229/54/11
f 253/60/3 255/61/3 254/59/3 231/58/3
f 255/64/12 251/65/12 250/63/12 254/62/12
f 255/68/13 253/69/13 252/67/13 251/66/13
f 250/72/14 229/73/14 231/71/14 254/70/14
f 258/52/1 259/53/1 257/51/1 256/50/1
f 259/56/11 261/57/11 260/55/11 257/54/11
f 261/60/3 263/61/3 262/59/3 260/58/3
f 263/64/12 258/65/12 256/63/12 262/62/12
f 263/68/13 261/69/13 259/67/13 258/66/13
f 256/72/14 257/73/14 260/71/14 262/70/14
f 266/52/1 267/53/1 265/51/1 264/50/1
f 267/56/11 269/57/11 268/55/11 265/54/11
f 269/60/3 271/61/3 270/59/3 268/58/3
f 271/64/12 266/65/12 264/63/12 270/62/12
f 271/68/13 269/69/13 267/67/13 266/66/13
f 264/72/14 265/73/14 268/71/14 270/70/14
f 273/52/2 274/53/2 272/51/2 229/50/2
f 274/56/15 276/57/15 275/55/15 272/54/15
f 276/60/4 277/61/4 228/59/4 275/58/4
f 277/64/16 273/65/16 229/63/16 228/62/16
f 277/68/17 276/69/17 274/67/17 273/66/17
f 229/72/18 272/73/18 275/71/18 228/70/18
f 280/52/2 281/53/2 279/51/2 278/50/2
f 281/56/15 283/57/15 282/55/15 279/54/15
f 283/60/4 285/61/4 284/59/4 282/58/4
f 285/64/16 280/65/16 278/63/16 284/62/16
f 285/68/17 283/69/17 281/67/17 280/66/17
f 278/72/18 279/73/18 282/71/18 284/70/18
f 288/52/2 289/53/2 287/51/2 286/50/2
f 289/56/15 291/57/15 290/55/15 287/54/15
f 291/60/4 293/61/4 292/59/4 290/58/4
f 293/64/16 288/65/16 286/63/16 292/62/16
f 293/68/17 291/69/17 289/67/17 288/66/17
f 286/72/18 287/73/18 290/71/18 292/70/18
f 296/52/2 297/53/2 295/51/2 294/50/2
f 297/56/15 299/57/15 298/55/15 295/54/15
f 299/60/4 301/61/4 300/59/4 298/58/4
f 301/64/16 296/65/16 294/63/16 300/62/16
f 301/68/17 299/69/17 297/67/17 296/66/17
f 294/72/18 295/73/18 298/71/18 300/70/18
f 304/52/2 305/53/2 303/51/2 302/50/2
f 305/56/19 307/57/19 306/55/19 303/54/19
f 307/60/4 309/61/4 308/59/4 306/58/4
f 309/64/20 304/65/20 302/63/20 308/62/20
f 309/68/21 307/69/21 305/67/21 304/66/21
f 302/72/22 303/73/22 306/71/22 308/70/22
f 312/52/2 313/53/2 311/51/2 310/50/2
f 313/56/19 315/57/19 314/55/19 311/54/19
f 315/60/4 317/61/4 316/59/4 314/58/4
f 317/64/20 312/65/20 310/63/20 316/62/20
f 317/68/21 315/69/21 313/67/21 312/66/21
f 310/72/22 311/73/22 314/71/22 316/70/22
f 320/52/2 321/53/2 319/51/2 318/50/2
f 321/56/19 323/57/19 322/55/19 319/54/19
f 323/60/4 325/61/4 324/59/4 322/58/4
f 325/64/20 320/65/20 318/63/20 324/62/20
f 325/68/21 323/69/21 321/67/21 320/66/21
f 318/72/22 319/73/22 322/71/22 324/70/22
f 332/36/1 333/37/1 331/35/1 330/34/1
f 333/40/2 335/41/2 334/39/2 331/38/2
f 335/44/3 337/45/3 336/43/3 334/42/3
f 337/48/4 332/49/4 330/47/4 336/46/4
f 337/19/5 335/20/5 333/18/5 332/17/5
f 330/23/6 331/24/6 334/22/6 336/21/6
f 340/52/1 341/53/1 339/51/1 338/50/1
f 341/56/7 343/57/7 342/55/7 339/54/7
f 343/60/3 345/61/3 344/59/3 342/58/3
f 345/64/8 340/65/8 338/63/8 344/62/8
f 345/68/9 343/69/9 341/67/9 340/66/9
f 338/72/10 339/73/10 342/71/10 344/70/10
f 348/52/1 349/53/1 347/51/1 346/50/1
f 349/56/7 351/57/7 350/55/7 347/54/7
f 351/60/3 353/61/3 352/59/3 350/58/3
f 353/64/8 348/65/8 346/63/8 352/62/8
f 353/68/9 351/69/9 349/67/9 348/66/9
f 346/72/10 347/73/10 350/71/10 352/70/10
f 355/52/1 356/53/1 333/51/1 354/50/1
f 356/56/11 357/57/11 335/55/11 333/54/11
f 357/60/3 359/61/3 358/59/3 335/58/3
f 359/64/12 355/65/12 354/63/12 358/62/12
f 359/68/13 357/69/13 356/67/13 355/66/13
f 354/72/14 333/73/14 335/71/14 358/70/14
f 362/52/1 363/53/1 361/51/1 360/50/1
f 363/56/11 365/57/11 364/55/11 361/54/11
f 365/60/3 367/61/3 366/59/3 364/58/3
f 367/64/12 362/65/12 360/63/12 366/62/12
f 367/68/13 365/69/13 363/67/13 362/66/13
f 360/72/14 361/73/14 364/71/14 366/70/14
f 370/52/1 371/53/1 369/51/1 368/50/1
f 371/56/11 373/57/11 372/55/11 369/54/11
f 373/60/3 375/61/3 374/59/3 372/58/3
f 375/64/12 370/65/12 368/63/12 374/62/12
f 375/68/13 373/69/13 371/67/13 370/66/13
f 368/72/14 369/73/14 372/71/14 374/70/14
f 377/52/2 378/53/2 376/51/2 333/50/2
f 378/56/15 380/57/15 379/55/15 376/54/15
f 380/60/4 381/61/4 332/59/4 379/58/4
f 381/64/16 377/65/16 333/63/16 332/62/16
f 381/68/17 380/69/17 378/67/17 377/66/17
f 333/72/18 376/73/18 379/71/18 332/70/18
f 384/52/2 385/53/2 383/51/2 382/50/2
f 385/56/15 387/57/15 386/55/15 383/54/15
f 387/60/4 389/61/4 388/59/4 386/58/4
f 389/64/16 384/65/16 382/63/16 388/62/16
f 389/68/17 387/69/17 385/67/17 384/66/17
f 382/72/18 383/73/18 386/71/18 388/70/18
f 392/52/2 393/53/2 391/51/2 390/50/2
f 393/56/15 395/57/15 394/55/15 391/54/15
f 395/60/4 397/61/4 396/59/4 394/58/4
f 397/64/16 392/65/16 390/63/16 396/62/16
f 397/68/17 395/69/17 393/67/17 392/66/17
f 390/72/18 391/73/18 394/71/18 396/70/18
f 400/52/2 401/53/2 399/51/2 398/50/2
f 401/56/15 403/57/15 402/55/15 399/54/15
f 403/60/4 405/61/4 404/59/4 402/58/4
f 405/64/16 400/65/16 398/63/16 404/62/16
f 405/68/17 403/69/17 401/67/17 400/66/17
f 398/72/18 399/73/18 402/71/18 404/70/18
f 408/52/2 409/53/2 407/51/2 406/50/2
f 409/56/19 411/57/19 410/55/19 407/54/19
f 411/60/4 413/61/4 412/59/4 410/58/4
f 413/64/20 408/65/20 406/63/20 412/62/20
f 413/68/21 411/69/21 409/67/21 408/66/21
f 406/72/22 407/73/22 410/71/22 412/70/22
f 416/52/2 417/53/2 415/51/2 414/50/2
f 417/56/19 419/57/19 418/55/19 415/54/19
f 419/60/4 421/61/4 420/59/4 418/58/4
f 421/64/20 416/65/20 414/63/20 420/62/20
f 421/68/21 419/69/21 417/67/21 416/66/21
f 414/72/22 415/73/22 418/71/22 420/70/22
f 424/52/2 425/53/2 423/51/2 422/50/2
f 425/56/19 427/57/19 426/55/19 423/54/19
f 427/60/4 429/61/4 428/59/4 426/58/4
f 429/64/20 424/65/20 422/63/20 428/62/20
f 429/68/21 427/69/21 425/67/21 424/66/21
f 422/72/22 423/73/22 426/71/22 428/70/22
f 436/36/1 437/37/1 435/35/1 434/34/1
f 437/40/2 439/41/2 438/39/2 435/38/2
f 439/44/3 441/45/3 440/43/3 438/42/3
f 441/48/4 436/49/4 434/47/4 440/46/4
f 441/19/5 439/20/5 437/18/5 436/17/5
f 434/23/6 435/24/6 438/22/6 440/21/6
f 444/52/1 445/53/1 443/51/1 442/50/1
f 445/56/7 447/57/7 446/55/7 443/54/7
f 447/60/3 449/61/3 448/59/3 446/58/3
f 449/64/8 444/65/8 442/63/8 448/62/8
f 449/68/9 447/69/9 445/67/9 444/66/9
f 442/72/10 443/73/10 446/71/10 448/70/10
f 452/52/1 453/53/1 451/51/1 450/50/1
f 453/56/7 455/57/7 454/55/7 451/54/7
f 455/60/3 457/61/3 456/59/3 454/58/3
f 457/64/8 452/65/8 450/63/8 456/62/8
f 457/68/9 455/69/9 453/67/9 452/66/9
f 450/72/10 451/73/10 454/71/10 456/70/10
f 459/52/1 460/53/1 437/51/1 458/50/1
f 460/56/11 461/57/11 439/55/11 437/54/11
f 461/60/3 463/61/3 462/59/3 439/58/3
f 463/64/12 459/65/12 458/63/12 462/62/12
f 463/68/13 461/69/13 460/67/13 459/66/13
f 458/72/14 437/73/14 439/71/14 462/70/14
f 466/52/1 467/53/1 465/51/1 464/50/1
f 467/56/11 469/57/11 468/55/11 465/54/11
f 469/60/3 471/61/3 470/59/3 468/58/3
f 471/64/12 466/65/12 464/63/12 470/62/12
f 471/68/13 469/69/13 467/67/13 466/66/13
f 464/72/14 465/73/14 468/71/14 470/70/14
f 474/52/1 475/53/1 473/51/1 472/50/1
f 475/56/11 477/57/11 476/55/11 473/54/11
f 477/60/3 479/61/3 478/59/3 476/58/3
f 479/64/12 474/65/12 472/63/12 478/62/12
f 479/68/13 477/69/13 475/67/13 474/66/13
f 472/72/14 473/73/14 476/71/14 478/70/14
f 481/52/2 482/53/2 480/51/2 437/50/2
f 482/56/15 484/57/15 483/55/15 480/54/15
f 484/60/4 485/61/4 436/59/4 483/58/4
f 485/64/16 481/65/16 437/63/16 436/62/16
f 485/68/17 484/69/17 482/67/17 481/66/17
f 437/72/18 480/73/18 483/71/18 436/70/18
f 488/52/2 489/53/2 487/51/2 486/50/2
f 489/56/15 491/57/15 490/55/15 487/54/15
f 491/60/4 493/61/4 492/59/4 490/58/4
f 493/64/16 488/65/16 486/63/16 492/62/16
f 493/68/17 491/69/17 489/67/17 488/66/17
f 486/72/18 487/73/18 490/71/18 492/70/18
f 496/52/2 497/53/2 495/51/2 494/50/2
f 497/56/15 499/57/15 498/55/15 495/54/15
f 499/60/4 501/61/4 500/59/4 498/58/4
f 501/64/16 496/65/16 494/63/16 500/62/16
f 501/68/17 499/69/17 497/67/17 496/66/17
f 494/72/18 495/73/18 498/71/18 500/70/18
f 504/52/2 505/53/2 503/51/2 502/50/2
f 505/56/15 507/57/15 506/55/15 503/54/15
f 507/60/4 509/61/4 508/59/4 506/58/4
f 509/64/16 504/65/16 502/63/16 508/62/16
f 509/68/17 507/69/17 505/67/17 504/66/17
f 502/72/18 503/73/18 506/71/18 508/70/18
f 512/52/2 513/53/2 511/51/2 510/50/2
f 513/56/19 515/57/19 514/55/19 511/54/19
f 515/60/4 517/61/4 516/59/4 514/58/4
f 517/64/20 512/65/20 510/63/20 516/62/20
f 517/68/21 515/69/21 513/67/21 512/66/21
f 510/72/22 511/73/22 514/71/22 516/70/22
f 520/52/2 521/53/2 519/51/2 518/50/2
f 521/56/19 523/57/19 522/55/19 519/54/19
f 523/60/4 525/61/4 524/59/4 522/58/4
f 525/64/20 520/65/20 518/63/20 524/62/20
f 525/68/21 523/69/21 521/67/21 520/66/21
f 518/72/22 519/73/22 522/71/22 524/70/22
f 528/52/2 529/53/2 527/51/2 526/50/2
f 529/56/19 531/57/19 530/55/19 527/54/19
f 531/60/4 533/61/4 532/59/4 530/58/4
f 533/64/20 528/65/20 526/63/20 532/62/20
f 533/68/21 531/69/21 529/67/21 528/66/21
f 526/72/22 527/73/22 530/71/22 532/70/22
f 540/36/1 541/37/1 539/35/1 538/34/1
f 541/40/2 543/41/2 542/39/2 539/38/2
f 543/44/3 545/45/3 544/43/3 542/42/3
f 545/48/4 540/49/4 538/47/4 544/46/4
f 545/19/5 543/20/5 541/18/5 540/17/5
f 538/23/6 539/24/6 542/22/6 544/21/6
f 548/52/1 549/53/1 547/51/1 546/50/1
f 549/56/7 551/57/7 550/55/7 547/54/7
f 551/60/3 553/61/3 552/59/3 550/58/3
f 553/64/8 548/65/8 546/63/8 552/62/8
f 553/68/9 551/69/9 549/67/9 548/66/9
f 546/72/10 547/73/10 550/71/10 552/70/10
f 556/52/1 557/53/1 555/51/1 554/50/1
f 557/56/7 559/57/7 558/55/7 555/54/7
f 559/60/3 561/61/3 560/59/3 558/58/3
f 561/64/8 556/65/8 554/63/8 560/62/8
f 561/68/9 559/69/9 557/67/9 556/66/9
f 554/72/10 555/73/10 558/71/10 560/70/10
f 563/52/1 564/53/1 541/51/1 562/50/1
f 564/56/11 565/57/11 543/55/11 541/54/11
f 565/60/3 567/61/3 566/59/3 543/58/3
f 567/64/12 563/65/12 562/63/12 566/62/12
f 567/68/13 565/69/13 564/67/13 563/66/13
f 562/72/14 541/73/14 543/71/14 566/70/14
f 570/52/1 571/53/1 569/51/1 568/50/1
f 571/56/11 573/57/11 572/55/11 569/54/11
f 573/60/3 575/61/3 574/59/3 572/58/3
f 575/64/12 570/65/12 568/63/12 574/62/12
f 575/68/13 573/69/13 571/67/13 570/66/13
f 568/72/14 569/73/14 572/71/14 574/70/14
f 578/52/1 579/53/1 577/51/1 576/50/1
f 579/56/11 581/57/11 580/55/11 577/54/11
f 581/60/3 583/61/3 582/59/3 580/58/3
f 583/64/12 578/65/12 576/63/12 582/62/12
f 583/68/13 581/69/13 579/67/13 578/66/13
f 576/72/14 577/73/14 580/71/14 582/70/14
f 585/52/2 586/53/2 584/51/2 541/50/2
f 586/56/15 588/57/15 587/55/15 584/54/15
f 588/60/4 589/61/4 540/59/4 587/58/4
f 589/64/16 585/65/16 541/63/16 540/62/16
f 589/68/17 588/69/17 586/67/17 585/66/17
f 541/72/18 584/73/18 587/71/18 540/70/18
f 592/52/2 593/53/2 591/51/2 590/50/2
f 593/56/15 595/57/15 594/55/15 591/54/15
f 595/60/4 597/61/4 596/59/4 594/58/4
f 597/64/16 592/65/16 590/63/16 596/62/16
f 597/68/17 595/69/17 593/67/17 592/66/17
f 590/72/18 591/73/18 594/71/18 596/70/18
f 600/52/2 601/53/2 599/51/2 598/50/2
f 601/56/15 603/57/15 602/55/15 599/54/15
f 603/60/4 605/61/4 604/59/4 602/58/4
f 605/64/16 600/65/16 598/63/16 604/62/16
f 605/68/17 603/69/17 601/67/17 600/66/17
f 598/72/18 599/73/18 602/71/18 604/70/18
f 608/52/2 609/53/2 607/51/2 606/50/2
f 609/56/15 611/57/15 610/55/15 607/54/15
f 611/60/4 613/61/4 612/59/4 610/58/4
f 613/64/16 608/65/16 606/63/16 612/62/16
f 613/68/17 611/69/17 609/67/17 608/66/17
f 606/72/18 607/73/18 610/71/18 612/70/18
f 616/52/2 617/53/2 615/51/2 614/50/2
f 617/56/19 619/57/19 618/55/19 615/54/19
f 619/60/4 621/61/4 620/59/4 618/58/4
f 621/64/20 616/65/20 614/63/20 620/62/20
f 621/68/21 619/69/21 617/67/21 616/66/21
f 614/72/22 615/73/22 618/71/22 620/70/22
f 624/52/2 625/53/2 623/51/2 622/50/2
f 625/56/19 627/57/19 626/55/19 623/54/19
f 627/60/4 629/61/4 628/59/4 626/58/4
f 629/64/20 624/65/20 622/63/20 628/62/20
f 629/68/21 627/69/21 625/67/21 624/66/21
f 622/72/22 623/73/22 626/71/22 628/70/22
f 632/52/2 633/53/2 631/51/2 630/50/2
f 633/56/19 635/57/19 634/55/19 631/54/19
f 635/60/4 637/61/4 636/59/4 634/58/4
f 637/64/20 632/65/20 630/63/20 636/62/20
f 637/68/21 635/69/21 633/67/21 632/66/21
f 630/72/22 631/73/22 634/71/22 636/70/22
f 644/36/1 645/37/1 643/35/1 642/34/1
f 645/40/2 647/41/2 646/39/2 643/38/2
f 647/44/3 649/45/3 648/43/3 646/42/3
f 649/48/4 644/49/4 642/47/4 648/46/4
f 649/19/5 647/20/5 645/18/5 644/17/5
f 642/23/6 643/24/6 646/22/6 648/21/6
f 652/52/1 653/53/1 651/51/1 650/50/1
f 653/56/7 655/57/7 654/55/7 651/54/7
f 655/60/3 657/61/3 656/59/3 654/58/3
f 657/64/8 652/65/8 650/63/8 656/62/8
f 657/68/9 655/69/9 653/67/9 652/66/9
f 650/72/10 651/73/10 654/71/10 656/70/10
f 660/52/1 661/53/1 659/51/1 658/50/1
f 661/56/7 663/57/7 662/55/7 659/54/7
f 663/60/3 665/61/3 664/59/3 662/58/3
f 665/64/8 660/65/8 658/63/8 664/62/8
f 665/68/9 663/69/9 661/67/9 660/66/9
f 658/72/10 659/73/10 662/71/10 664/70/10
f 668/52/1 669/53/1 667/51/1 666/50/1
f 669/56/7 671/57/7 670/55/7 667/54/7
f 671/60/3 673/61/3 672/59/3 670/58/3
f 673/64/8 668/65/8 666/63/8 672/62/8
f 673/68/9 671/69/9 669/67/9 668/66/9
f 666/72/10 667/73/10 670/71/10 672/70/10
f 675/52/1 676/53/1 645/51/1 674/50/1
f 676/56/11 677/57/11 647/55/11 645/54/11
f 677/60/3 679/61/3 678/59/3 647/58/3
f 679/64/12 675/65/12 674/63/12 678/62/12
f 679/68/13 677/69/13 676/67/13 675/66/13
f 674/72/14 645/73/14 647/71/14 678/70/14
f 682/52/1 683/53/1 681/51/1 680/50/1
f 683/56/11 685/57/11 684/55/11 681/54/11
f 685/60/3 687/61/3 686/59/3 684/58/3
f 687/64/12 682/65/12 680/63/12 686/62/12
f 687/68/13 685/69/13 683/67/13 682/66/13
f 680/72/14 681/73/14 684/71/14 686/70/14
f 690/52/1 691/53/1 689/51/1 688/50/1
f 691/56/11 693/57/11 692/55/11 689/54/11
f 693/60/3 695/61/3 694/59/3 692/58/3
f 695/64/12 690/65/12 688/63/12 694/62/12
f 695/68/13 693/69/13 691/67/13 690/66/13
f 688/72/14 689/73/14 692/71/14 694/70/14
f 698/52/2 699/53/2 697/51/2 696/50/2
f 699/56/15 701/57/15 700/55/15 697/54/15
f 701/60/4 703/61/4 702/59/4 700/58/4
f 703/64/16 698/65/16 696/63/16 702/62/16
f 703/68/17 701/69/17 699/67/17 698/66/17
f 696/72/18 697/73/18 700/71/18 702/70/18
f 706/52/2 707/53/2 705/51/2 704/50/2
f 707/56/15 709/57/15 708/55/15 705/54/15
f 709/60/4 711/61/4 710/59/4 708/58/4
f 711/64/16 706/65/16 704/63/16 710/62/16
f 711/68/17 709/69/17 707/67/17 706/66/17
f 704/72/18 705/73/18 708/71/18 710/70/18
f 714/52/2 715/53/2 713/51/2 712/50/2
f 715/56/15 717/57/15 716/55/15 713/54/15
f 717/60/4 719/61/4 718/59/4 716/58/4
f 719/64/16 714/65/16 712/63/16 718/62/16
f 719/68/17 717/69/17 715/67/17 714/66/17
f 712/72/18 713/73/18 716/71/18 718/70/18
f 722/52/2 723/53/2 721/51/2 720/50/2
f 723/56/15 725/57/15 724/55/15 721/54/15
f 725/60/4 727/61/4 726/59/4 724/58/4
f 727/64/16 722/65/16 720/63/16 726/62/16
f 727/68/17 725/69/17 723/67/17 722/66/17
f 720/72/18 721/73/18 724/71/18 726/70/18
f 730/52/2 731/53/2 729/51/2 728/50/2
f 731/56/19 733/57/19 732/55/19 729/54/19
f 733/60/4 735/61/4 734/59/4 732/58/4
f 735/64/20 730/65/20 728/63/20 734/62/20
f 735/68/21 733/69/21 731/67/21 730/66/21
f 728/72/22 729/73/22 732/71/22 734/70/22
f 738/52/2 739/53/2 737/51/2 736/50/2
f 739/56/19 741/57/19 740/55/19 737/54/19
f 741/60/4 743/61/4 742/59/4 740/58/4
f 743/64/20 738/65/20 736/63/20 742/62/20
f 743/68/21 741/69/21 739/67/21 738/66/21
f 736/72/22 737/73/22 740/71/22 742/70/22
f 746/52/2 747/53/2 745/51/2 744/50/2
f 747/56/19 749/57/19 748/55/19 745/54/19
f 749/60/4 751/61/4 750/59/4 748/58/4
f 751/64/20 746/65/20 744/63/20 750/62/20
f 751/68/21 749/69/21 747/67/21 746/66/21
f 744/72/22 745/73/22 748/71/22 750/70/22
f 754/36/1 755/37/1 753/35/1 752/34/1
f 755/40/2 757/41/2 756/39/2 753/38/2
f 757/44/3 759/45/3 758/43/3 756/42/3
f 759/48/4 754/49/4 752/47/4 758/46/4
f 759/19/5 757/20/5 755/18/5 754/17/5
f 752/23/6 753/24/6 756/22/6 758/21/6
f 762/52/1 763/53/1 761/51/1 760/50/1
f 763/56/7 765/57/7 764/55/7 761/54/7
f 765/60/3 767/61/3 766/59/3 764/58/3
f 767/64/8 762/65/8 760/63/8 766/62/8
f 767/68/9 765/69/9 763/67/9 762/66/9
f 760/72/10 761/73/10 764/71/10 766/70/10
f 770/52/1 771/53/1 769/51/1 768/50/1
f 771/56/7 773/57/7 772/55/7 769/54/7
f 773/60/3 775/61/3 774/59/3 772/58/3
f 775/64/8 770/65/8 768/63/8 774/62/8
f 775/68/9 773/69/9 771/67/9 770/66/9
f 768/72/10 769/73/10 772/71/10 774/70/10
f 778/52/1 779/53/1 777/51/1 776/50/1
f 779/56/7 781/57/7 780/55/7 777/54/7
f 781/60/3 783/61/3 782/59/3 780/58/3
f 783/64/8 778/65/8 776/63/8 782/62/8
f 783/68/9 781/69/9 779/67/9 778/66/9
f 776/72/10 777/73/10 780/71/10 782/70/10
f 785/52/1 786/53/1 755/51/1 784/50/1
f 786/56/11 787/57/11 757/55/11 755/54/11
f 787/60/3 789/61/3 788/59/3 757/58/3
f 789/64/12 785/65/12 784/63/12 788/62/12
f 789/68/13 787/69/13 786/67/13 785/66/13
f 784/72/14 755/73/14 757/71/14 788/70/14
f 792/52/1 793/53/1 791/51/1 790/50/1
f 793/56/11 795/57/11 794/55/11 791/54/11
f 795/60/3 797/61/3 796/59/3 794/58/3
f 797/64/12 792/65/12 790/63/12 796/62/12
f 797/68/13 795/69/13 793/67/13 792/66/13
f 790/72/14 791/73/14 794/71/14 796/70/14
f 800/52/1 801/53/1 799/51/1 798/50/1
f 801/56/11 803/57/11 802/55/11 799/54/11
f 803/60/3 805/61/3 804/59/3 802/58/3
f 805/64/12 800/65/12 798/63/12 804/62/12
f 805/68/13 803/69/13 801/67/13 800/66/13
f 798/72/14 799/73/14 802/71/14 804/70/14
f 808/52/2 809/53/2 807/51/2 806/50/2
f 809/56/15 811/57/15 810/55/15 807/54/15
f 811/60/4 813/61/4 812/59/4 810/58/4
f 813/64/16 808/65/16 806/63/16 812/62/16
f 813/68/17 811/69/17 809/67/17 808/66/17
f 806/72/18 807/73/18 810/71/18 812/70/18
f 816/52/2 817/53/2 815/51/2 814/50/2
f 817/56/15 819/57/15 818/55/15 815/54/15
f 819/60/4 821/61/4 820/59/4 818/58/4
f 821/64/16 816/65/16 814/63/16 820/62/16
f 821/68/17 819/69/17 817/67/17 816/66/17
f 814/72/18 815/73/18 818/71/18 820/70/18
f 824/52/2 825/53/2 823/51/2 822/50/2
f 825/56/15 827/57/15 826/55/15 823/54/15
f 827/60/4 829/61/4 828/59/4 826/58/4
f 829/64/16 824/65/16 822/63/16 828/62/16
f 829/68/17 827/69/17 825/67/17 824/66/17
f 822/72/18 823/73/18 826/71/18 828/70/18
f 832/52/2 833/53/2 831/51/2 830/50/2
f 833/56/15 835/57/15 834/55/15 831/54/15
f 835/60/4 837/61/4 836/59/4 834/58/4
f 837/64/16 832/65/16 830/63/16 836/62/16
f 837/68/17 835/69/17 833/67/17 832/66/17
f 830/72/18 831/73/18 834/71/18 836/70/18
f 840/52/2 841/53/2 839/51/2 838/50/2
f 841/56/19 843/57/19 842/55/19 839/54/19
f 843/60/4 845/61/4 844/59/4 842/58/4
f 845/64/20 840/65/20 838/63/20 844/62/20
f 845/68/21 843/69/21 841/67/21 840/66/21
f 838/72/22 839/73/22 842/71/22 844/70/22
f 848/52/2 849/53/2 847/51/2 846/50/2
f 849/56/19 851/57/19 850/55/19 847/54/19
f 851/60/4 853/61/4 852/59/4 850/58/4
f 853/64/20 848/65/20 846/63/20 852/62/20
f 853/68/21 851/69/21 849/67/21 848/66/21
f 846/72/22 847/73/22 850/71/22 852/70/22
f 856/52/2 857/53/2 855/51/2 854/50/2
f 857/56/19 859/57/19 858/55/19 855/54/19
f 859/60/4 861/61/4 860/59/4 858/58/4
f 861/64/20 856/65/20 854/63/20 860/62/20
f 861/68/21 859/69/21 857/67/21 856/66/21
f 854/72/22 855/73/22 858/71/22 860/70/22
f 872/36/1 873/37/1 871/35/1 870/34/1
f 873/40/2 875/41/2 874/39/2 871/38/2
f 875/44/3 877/45/3 876/43/3 874/42/3
f 877/48/4 872/49/4 870/47/4 876/46/4
f 877/19/5 875/20/5 873/18/5 872/17/5
f 870/23/6 871/24/6 874/22/6 876/21/6
f 880/52/1 881/53/1 879/51/1 878/50/1
f 881/56/7 883/57/7 882/55/7 879/54/7
f 883/60/3 885/61/3 884/59/3 882/58/3
f 885/64/8 880/65/8 878/63/8 884/62/8
f 885/68/9 883/69/9 881/67/9 880/66/9
f 878/72/10 879/73/10 882/71/10 884/70/10
f 888/52/1 889/53/1 887/51/1 886/50/1
f 889/56/7 891/57/7 890/55/7 887/54/7
f 891/60/3 893/61/3 892/59/3 890/58/3
f 893/64/8 888/65/8 886/63/8 892/62/8
f 893/68/9 891/69/9 889/67/9 888/66/9
f 886/72/10 887/73/10 890/71/10 892/70/10
f 896/52/1 897/53/1 895/51/1 894/50/1
f 897/56/7 899/57/7 898/55/7 895/54/7
f 899/60/3 901/61/3 900/59/3 898/58/3
f 901/64/8 896/65/8 894/63/8 900/62/8
f 901/68/9 899/69/9 897/67/9 896/66/9
f 894/72/10 895/73/10 898/71/10 900/70/10
f 903/52/1 904/53/1 873/51/1 902/50/1
f 904/56/11 905/57/11 875/55/11 873/54/11
f 905/60/3 907/61/3 906/59/3 875/58/3
f 907/64/12 903/65/12 902/63/12 906/62/12
f 907/68/13 905/69/13 904/67/13 903/66/13
f 902/72/14 873/73/14 875/71/14 906/70/14
f 910/52/1 911/53/1 909/51/1 908/50/1
f 911/56/11 913/57/11 912/55/11 909/54/11
f 913/60/3 915/61/3 914/59/3 912/58/3
f 915/64/12 910/65/12 908/63/12 914/62/12
f 915/68/13 913/69/13 911/67/13 910/66/13
f 908/72/14 909/73/14 912/71/14 914/70/14
f 918/52/1 919/53/1 917/51/1 916/50/1
f 919/56/11 921/57/11 920/55/11 917/54/11
f 921/60/3 923/61/3 922/59/3 920/58/3
f 923/64/12 918/65/12 916/63/12 922/62/12
f 923/68/13 921/69/13 919/67/13 918/66/13
f 916/72/14 917/73/14 920/71/14 922/70/14
f 926/52/2 927/53/2 925/51/2 924/50/2
f 927/56/15 929/57/15 928/55/15 925/54/15
f 929/60/4 931/61/4 930/59/4 928/58/4
f 931/64/16 926/65/16 924/63/16 930/62/16
f 931/68/17 929/69/17 927/67/17 926/66/17
f 924/72/18 925/73/18 928/71/18 930/70/18
f 934/52/2 935/53/2 933/51/2 932/50/2
f 935/56/15 937/57/15 936/55/15 933/54/15
f 937/60/4 939/61/4 938/59/4 936/58/4
f 939/64/16 934/65/16 932/63/16 938/62/16
f 939/68/17 937/69/17 935/67/17 934/66/17
f 932/72/18 933/73/18 936/71/18 938/70/18
f 942/52/2 943/53/2 941/51/2 940/50/2
f 943/56/15 945/57/15 944/55/15 941/54/15
f 945/60/4 947/61/4 946/59/4 944/58/4
f 947/64/16 942/65/16 940/63/16 946/62/16
f 947/68/17 945/69/17 943/67/17 942/66/17
f 940/72/18 941/73/18 944/71/18 946/70/18
f 950/52/2 951/53/2 949/51/2 948/50/2
f 951/56/15 953/57/15 952/55/15 949/54/15
f 953/60/4 955/61/4 954/59/4 952/58/4
f 955/64/16 950/65/16 948/63/16 954/62/16
f 955/68/17 953/69/17 951/67/17 950/66/17
f 948/72/18 949/73/18 952/71/18 954/70/18
f 958/52/2 959/53/2 957/51/2 956/50/2
f 959/56/19 961/57/19 960/55/19 957/54/19
f 961/60/4 963/61/4 962/59/4 960/58/4
f 963/64/20 958/65/20 956/63/20 962/62/20
f 963/68/21 961/69/21 959/67/21 958/66/21
f 956/72/22 957/73/22 960/71/22 962/70/22
f 966/52/2 967/53/2 965/51/2 964/50/2
f 967/56/19 969/57/19 968/55/19 965/54/19
f 969/60/4 971/61/4 970/59/4 968/58/4
f 971/64/20 966/65/20 964/63/20 970/62/20
f 971/68/21 969/69/21 967/67/21 966/66/21
f 964/72/22 965/73/22 968/71/22 970/70/22
f 974/52/2 975/53/2 973/51/2 972/50/2
f 975/56/19 977/57/19 976/55/19 973/54/19
f 977/60/4 979/61/4 978/59/4 976/58/4
f 979/64/20 974/65/20 972/63/20 978/62/20
f 979/68/21 977/69/21 975/67/21 974/66/21
f 972/72/22 973/73/22 976/71/22 978/70/22
f 982/36/1 983/37/1 981/35/1 980/34/1
f 983/40/2 985/41/2 984/39/2 981/38/2
f 985/44/3 987/45/3 986/43/3 984/42/3
f 987/48/4 982/49/4 980/47/4 986/46/4
f 987/19/5 985/20/5 983/18/5 982/17/5
f 980/23/6 981/24/6 984/22/6 986/21/6
f 990/52/1 991/53/1 989/51/1 988/50/1
f 991/56/7 993/57/7 992/55/7 989/54/7
f 993/60/3 995/61/3 994/59/3 992/58/3
f 995/64/8 990/65/8 988/63/8 994/62/8
f 995/68/9 993/69/9 991/67/9 990/66/9
f 988/72/10 989/73/10 992/71/10 994/70/10
f 998/52/1 999/53/1 997/51/1 996/50/1
f 999/56/7 1001/57/7 1000/55/7 997/54/7
f 1001/60/3 1003/61/3 1002/59/3 1000/58/3
f 1003/64/8 998/65/8 996/63/8 1002/62/8
f 1003/68/9 1001/69/9 999/67/9 998/66/9
f 996/72/10 997/73/10 1000/71/10 1002/70/10
f 1006/52/1 1007/53/1 1005/51/1 1004/50/1
f 1007/56/7 1009/57/7 1008/55/7 1005/54/7
f 1009/60/3 1011/61/3 1010/59/3 1008/58/3
f 1011/64/8 1006/65/8 1004/63/8 1010/62/8
f 1011/68/9 1009/69/9 1007/67/9 1006/66/9
f 1004/72/10 1005/73/10 1008/71/10 1010/70/10
f 1013/52/1 1014/53/1 983/51/1 1012/50/1
f 1014/56/11 1015/57/11 985/55/11 983/54/11
f 1015/60/3 1017/61/3 1016/59/3 985/58/3
f 1017/64/12 1013/65/12 1012/63/12 1016/62/12
f 1017/68/13 1015/69/13 1014/67/13 1013/66/13
f 1012/72/14 983/73/14 985/71/14 1016/70/14
f 1020/52/1 1021/53/1 1019/51/1 1018/50/1
f 1021/56/11 1023/57/11 1022/55/11 1019/54/11
f 1023/60/3 1025/61/3 1024/59/3 1022/58/3
f 1025/64/12 1020/65/12 1018/63/12 1024/62/12
f 1025/68/13 1023/69/13 1021/67/13 1020/66/13
f 1018/72/14 1019/73/14 1022/71/14 1024/70/14
f 1028/52/1 1029/53/1 1027/51/1 1026/50/1
f 1029/56/11 1031/57/11 1030/55/11 1027/54/11
f 1031/60/3 1033/61/3 1032/59/3 1030/58/3
f 1033/64/12 1028/65/12 1026/63/12 1032/62/12
f 1033/68/13 1031/69/13 1029/67/13 1028/66/13
f 1026/72/14 1027/73/14 1030/71/14 1032/70/14
f 1036/52/2 1037/53/2 1035/51/2 1034/50/2
f 1037/56/15 1039/57/15 1038/55/15 1035/54/15
f 1039/60/4 1041/61/4 1040/59/4 1038/58/4
f 1041/64/16 1036/65/16 1034/63/16 1040/62/16
f 1041/68/17 1039/69/17 1037/67/17 1036/66/17
f 1034/72/18 1035/73/18 1038/71/18 1040/70/18
f 1044/52/2 1045/53/2 1043/51/2 1042/50/2
f 1045/56/15 1047/57/15 1046/55/15 1043/54/15
f 1047/60/4 1049/61/4 1048/59/4 1046/58/4
f 1049/64/16 1044/65/16 1042/63/16 1048/62/16
f 1049/68/17 1047/69/17 1045/67/17 1044/66/17
f 1042/72/18 1043/73/18 1046/71/18 1048/70/18
f 1052/52/2 1053/53/2 1051/51/2 1050/50/2
f 1053/56/15 1055/57/15 1054/55/15 1051/54/15
f 1055/60/4 1057/61/4 1056/59/4 1054/58/4
f 1057/64/16 1052/65/16 1050/63/16 1056/62/16
f 1057/68/17 1055/69/17 1053/67/17 1052/66/17
f 1050/72/18 1051/73/18 1054/71/18 1056/70/18
f 1060/52/2 1061/53/2 1059/51/2 1058/50/2
f 1061/56/15 1063/57/15 1062/55/15 1059/54/15
f 1063/60/4 1065/61/4 1064/59/4 1062/58/4
f 1065/64/16 1060/65/16 1058/63/16 1064/62/16
f 1065/68/17 1063/69/17 1061/67/17 1060/66/17
f 1058/72/18 1059/73/18 1062/71/18 1064/70/18
f 1068/52/2 1069/53/2 1067/51/2 1066/50/2
f 1069/56/19 1071/57/19 1070/55/19 1067/54/19
f 1071/60/4 1073/61/4 1072/59/4 1070/58/4
f 1073/64/20 1068/65/20 1066/63/20 1072/62/20
f 1073/68/21 1071/69/21 1069/67/21 1068/66/21
f 1066/72/22 1067/73/22 1070/71/22 1072/70/22
f 1076/52/2 1077/53/2 1075/51/2 1074/50/2
f 1077/56/19 1079/57/19 1078/55/19 1075/54/19
f 1079/60/4 1081/61/4 1080/59/4 1078/58/4
f 1081/64/20 1076/65/20 1074/63/20 1080/62/20
f 1081/68/21 1079/69/21 1077/67/21 1076/66/21
f 1074/72/22 1075/73/22 1078/71/22 1080/70/22
f 1084/52/2 1085/53/2 1083/51/2 1082/50/2
f 1085/56/19 1087/57/19 1086/55/19 1083/54/19
f 1087/60/4 1089/61/4 1088/59/4 1086/58/4
f 1089/64/20 1084/65/20 1082/63/20 1088/62/20
f 1089/68/21 1087/69/21 1085/67/21 1084/66/21
f 1082/72/22 1083/73/22 1086/71/22 1088/70/22
f 1100/36/1 1101/37/1 1099/35/1 1098/34/1
f 1101/40/2 1103/41/2 1102/39/2 1099/38/2
f 1103/44/3 1105/45/3 1104/43/3 1102/42/3
f 1105/48/4 1100/49/4 1098/47/4 1104/46/4
f 1105/19/5 1103/20/5 1101/18/5 1100/17/5
f 1098/23/6 1099/24/6 1102/22/6 1104/21/6
f 1108/52/1 1109/53/1 1107/51/1 1106/50/1
f 1109/56/7 1111/57/7 1110/55/7 1107/54/7
f 1111/60/3 1113/61/3 1112/59/3 1110/58/3
f 1113/64/8 1108/65/8 1106/63/8 1112/62/8
f 1113/68/9 1111/69/9 1109/67/9 1108/66/9
f 1106/72/10 1107/73/10 1110/71/10 1112/70/10
f 1116/52/1 1117/53/1 1115/51/1 1114/50/1
f 1117/56/7 1119/57/7 1118/55/7 1115/54/7
f 1119/60/3 1121/61/3 1120/59/3 1118/58/3
f 1121/64/8 1116/65/8 1114/63/8 1120/62/8
f 1121/68/9 1119/69/9 1117/67/9 1116/66/9
f 1114/72/10 1115/73/10 1118/71/10 1120/70/10
f 1124/52/1 1125/53/1 1123/51/1 1122/50/1
f 1125/56/7 1127/57/7 1126/55/7 1123/54/7
f 1127/60/3 1129/61/3 1128/59/3 1126/58/3
f 1129/64/8 1124/65/8 1122/63/8 1128/62/8
f 1129/68/9 1127/69/9 1125/67/9 1124/66/9
f 1122/72/10 1123/73/10 1126/71/10 1128/70/10
f 1131/52/1 1132/53/1 1101/51/1 1130/50/1
f 1132/56/11 1133/57/11 1103/55/11 1101/54/11
f 1133/60/3 1135/61/3 1134/59/3 1103/58/3
f 1135/64/12 1131/65/12 1130/63/12 1134/62/12
f 1135/68/13 1133/69/13 1132/67/13 1131/66/13
f 1130/72/14 1101/73/14 1103/71/14 1134/70/14
f 1138/52/1 1139/53/1 1137/51/1 1136/50/1
f 1139/56/11 1141/57/11 1140/55/11 1137/54/11
f 1141/60/3 1143/61/3 1142/59/3 1140/58/3
f 1143/64/12 1138/65/12 1136/63/12 1142/62/12
f 1143/68/13 1141/69/13 1139/67/13 1138/66/13
f 1136/72/14 1137/73/14 1140/71/14 1142/70/14
f 1146/52/1 1147/53/1 1145/51/1 1144/50/1
f 1147/56/11 1149/57/11 1148/55/11 1145/54/11
f 1149/60/3 1151/61/3 1150/59/3 1148/58/3
f 1151/64/12 1146/65/12 1144/63/12 1150/62/12
f 1151/68/13 1149/69/13 1147/67/13 1146/66/13
f 1144/72/14 1145/73/14 1148/71/14 1150/70/14
f 1154/52/2 1155/53/2 1153/51/2 1152/50/2
f 1155/56/15 1157/57/15 1156/55/15 1153/54/15
f 1157/60/4 1159/61/4 1158/59/4 1156/58/4
f 1159/64/16 1154/65/16 1152/63/16 1158/62/16
f 1159/68/17 1157/69/17 1155/67/17 1154/66/17
f 1152/72/18 1153/73/18 1156/71/18 1158/70/18
f 1162/52/2 1163/53/2 1161/51/2 1160/50/2
f 1163/56/15 1165/57/15 1164/55/15 1161/54/15
f 1165/60/4 1167/61/4 1166/59/4 1164/58/4
f 1167/64/16 1162/65/16 1160/63/16 1166/62/16
f 1167/68/17 1165/69/17 1163/67/17 1162/66/17
f 1160/72/18 1161/73/18 1164/71/18 1166/70/18
f 1170/52/2 1171/53/2 1169/51/2 1168/50/2
f 1171/56/15 1173/57/15 1172/55/15 1169/54/15
f 1173/60/4 1175/61/4 1174/59/4 1172/58/4
f 1175/64/16 1170/65/16 1168/63/16 1174/62/16
f 1175/68/17 1173/69/17 1171/67/17 1170/66/17
f 1168/72/18 1169/73/18 1172/71/18 1174/70/18
f 1178/52/2 1179/53/2 1177/51/2 1176/50/2
f 1179/56/15 1181/57/15 1180/55/15 1177/54/15
f 1181/60/4 1183/61/4 1182/59/4 1180/58/4
f 1183/64/16 1178/65/16 1176/63/16 1182/62/16
f 1183/68/17 1181/69/17 1179/67/17 1178/66/17
f 1176/72/18 1177/73/18 1180/71/18 1182/70/18
f 1186/52/2 1187/53/2 1185/51/2 1184/50/2
f 1187/56/19 1189/57/19 1188/55/19 1185/54/19
f 1189/60/4 1191/61/4 1190/59/4 1188/58/4
f 1191/64/20 1186/65/20 1184/63/20 1190/62/20
f 1191/68/21 1189/69/21 1187/67/21 1186/66/21
f 1184/72/22 1185/73/22 1188/71/22 1190/70/22
f 1194/52/2 1195/53/2 1193/51/2 1192/50/2
f 1195/56/19 1197/57/19 1196/55/19 1193/54/19
f 1197/60/4 1199/61/4 1198/59/4 1196/58/4
f 1199/64/20 1194/65/20 1192/63/20 1198/62/20
f 1199/68/21 1197/69/21 1195/67/21 1194/66/21
f 1192/72/22 1193/73/22 1196/71/22 1198/70/22
f 1202/52/2 1203/53/2 1201/51/2 1200/50/2
f 1203/56/19 1205/57/19 1204/55/19 1201/54/19
f 1205/60/4 1207/61/4 1206/59/4 1204/58/4
f 1207/64/20 1202/65/20 1200/63/20 1206/62/20
f 1207/68/21 1205/69/21 1203/67/21 1202/66/21
f 1200/72/22 1201/73/22 1204/71/22 1206/70/22
f 1214/36/1 1215/37/1 1213/35/1 1212/34/1
f 1215/40/2 1217/41/2 1216/39/2 1213/38/2
f 1217/44/3 1219/45/3 1218/43/3 1216/42/3
f 1219/48/4 1214/49/4 1212/47/4 1218/46/4
f 1219/19/5 1217/20/5 1215/18/5 1214/17/5
f 1212/23/6 1213/24/6 1216/22/6 1218/21/6
f 1222/52/1 1223/53/1 1221/51/1 1220/50/1
f 1223/56/7 1225/57/7 1224/55/7 1221/54/7
f 1225/60/3 1227/61/3 1226/59/3 1224/58/3
f 1227/64/8 1222/65/8 1220/63/8 1226/62/8
f 1227/68/9 1225/69/9 1223/67/9 1222/66/9
f 1220/72/10 1221/73/10 1224/71/10 1226/70/10
f 1230/52/1 1231/53/1 1229/51/1 1228/50/1
f 1231/56/7 1233/57/7 1232/55/7 1229/54/7
f 1233/60/3 1235/61/3 1234/59/3 1232/58/3
f 1235/64/8 1230/65/8 1228/63/8 1234/62/8
f 1235/68/9 1233/69/9 1231/67/9 1230/66/9
f 1228/72/10 1229/73/10 1232/71/10 1234/70/10
f 1238/52/1 1239/53/1 1237/51/1 1236/50/1
f 1239/56/7 1241/57/7 1240/55/7 1237/54/7
f 1241/60/3 1243/61/3 1242/59/3 1240/58/3
f 1243/64/8 1238/65/8 1236/63/8 1242/62/8
f 1243/68/9 1241/69/9 1239/67/9 1238/66/9
f 1236/72/10 1237/73/10 1240/71/10 1242/70/10
f 1245/52/1 1246/53/1 1215/51/1 1244/50/1
f 1246/56/11 1247/57/11 1217/55/11 1215/54/11
f 1247/60/3 1249/61/3 1248/59/3 1217/58/3
f 1249/64/12 1245/65/12 1244/63/12 1248/62/12
f 1249/68/13 1247/69/13 1246/67/13 1245/66/13
f 1244/72/14 1215/73/14 1217/71/14 1248/70/14
f 1252/52/1 1253/53/1 1251/51/1 1250/50/1
f 1253/56/11 1255/57/11 1254/55/11 1251/54/11
f 1255/60/3 1257/61/3 1256/59/3 1254/58/3
f 1257/64/12 1252/65/12 1250/63/12 1256/62/12
f 1257/68/13 1255/69/13 1253/67/13 1252/66/13
f 1250/72/14 1251/73/14 1254/71/14 1256/70/14
f 1260/52/1 1261/53/1 1259/51/1 1258/50/1
f 1261/56/11 1263/57/11 1262/55/11 1259/54/11
f 1263/60/3 1265/61/3 1264/59/3 1262/58/3
f 1265/64/12 1260/65/12 1258/63/12 1264/62/12
f 1265/68/13 1263/69/13 1261/67/13 1260/66/13
f 1258/72/14 1259/73/14 1262/71/14 1264/70/14
f 1268/52/2 1269/53/2 1267/51/2 1266/50/2
f 1269/56/15 1271/57/15 1270/55/15 1267/54/15
f 1271/60/4 1273/61/4 1272/59/4 1270/58/4
f 1273/64/16 1268/65/16 1266/63/16 1272/62/16
f 1273/68/17 1271/69/17 1269/67/17 1268/66/17
f 1266/72/18 1267/73/18 1270/71/18 1272/70/18
f 1276/52/2 1277/53/2 1275/51/2 1274/50/2
f 1277/56/15 1279/57/15 1278/55/15 1275/54/15
f 1279/60/4 1281/61/4 1280/59/4 1278/58/4
f 1281/64/16 1276/65/16 1274/63/16 1280/62/16
f 1281/68/17 1279/69/17 1277/67/17 1276/66/17
f 1274/72/18 1275/73/18 1278/71/18 1280/70/18
f 1284/52/2 1285/53/2 1283/51/2 1282/50/2
f 1285/56/15 1287/57/15 1286/55/15 1283/54/15
f 1287/60/4 1289/61/4 1288/59/4 1286/58/4
f 1289/64/16 1284/65/16 1282/63/16 1288/62/16
f 1289/68/17 1287/69/17 1285/67/17 1284/66/17
f 1282/72/18 1283/73/18 1286/71/18 1288/70/18
f 1292/52/2 1293/53/2 1291/51/2 1290/50/2
f 1293/56/15 1295/57/15 1294/55/15 1291/54/15
f 1295/60/4 1297/61/4 1296/59/4 1294/58/4
f 1297/64/16 1292/65/16 1290/63/16 1296/62/16
f 1297/68/17 1295/69/17 1293/67/17 1292/66/17
f 1290/72/18 1291/73/18 1294/71/18 1296/70/18
f 1300/52/2 1301/53/2 1299/51/2 1298/50/2
f 1301/56/19 1303/57/19 1302/55/19 1299/54/19
f 1303/60/4 1305/61/4 1304/59/4 1302/58/4
f 1305/64/20 1300/65/20 1298/63/20 1304/62/20
f 1305/68/21 1303/69/21 1301/67/21 1300/66/21
f 1298/72/22 1299/73/22 1302/71/22 1304/70/22
f 1308/52/2 1309/53/2 1307/51/2 1306/50/2
f 1309/56/19 1311/57/19 1310/55/19 1307/54/19
f 1311/60/4 1313/61/4 1312/59/4 1310/58/4
f 1313/64/20 1308/65/20 1306/63/20 1312/62/20
f 1313/68/21 1311/69/21 1309/67/21 1308/66/21
f 1306/72/22 1307/73/22 1310/71/22 1312/70/22
f 1316/52/2 1317/53/2 1315/51/2 1314/50/2
f 1317/56/19 1319/57/19 1318/55/19 1315/54/19
f 1319/60/4 1321/61/4 1320/59/4 1318/58/4
f 1321/64/20 1316/65/20 1314/63/20 1320/62/20
f 1321/68/21 1319/69/21 1317/67/21 1316/66/21
f 1314/72/22 1315/73/22 1318/71/22 1320/70/22
f 1328/36/1 1329/37/1 1327/35/1 1326/34/1
f 1329/40/2 1331/41/2 1330/39/2 1327/38/2
f 1331/44/3 1333/45/3 1332/43/3 1330/42/3
f 1333/48/4 1328/49/4 1326/47/4 1332/46/4
f 1333/19/5 1331/20/5 1329/18/5 1328/17/5
f 1326/23/6 1327/24/6 1330/22/6 1332/21/6
f 1336/52/1 1337/53/1 1335/51/1 1334/50/1
f 1337/56/7 1339/57/7 1338/55/7 1335/54/7
f 1339/60/3 1341/61/3 1340/59/3 1338/58/3
f 1341/64/8 1336/65/8 1334/63/8 1340/62/8
f 1341/68/9 1339/69/9 1337/67/9 1336/66/9
f 1334/72/10 1335/73/10 1338/71/10 1340/70/10
f 1344/52/1 1345/53/1 1343/51/1 1342/50/1
f 1345/56/7 1347/57/7 1346/55/7 1343/54/7
f 1347/60/3 1349/61/3 1348/59/3 1346/58/3
f 1349/64/8 1344/65/8 1342/63/8 1348/62/8
f 1349/68/9 1347/69/9 1345/67/9 1344/66/9
f 1342/72/10 1343/73/10 1346/71/10 1348/70/10
f 1351/52/1 1352/53/1 1329/51/1 1350/50/1
f 1352/56/11 1353/57/11 1331/55/11 1329/54/11
f 1353/60/3 1355/61/3 1354/59/3 1331/58/3
f 1355/64/12 1351/65/12 1350/63/12 1354/62/12
f 1355/68/13 1353/69/13 1352/67/13 1351/66/13
f 1350/72/14 1329/73/14 1331/71/14 1354/70/14
f 1358/52/1 1359/53/1 1357/51/1 1356/50/1
f 1359/56/11 1361/57/11 1360/55/11 1357/54/11
f 1361/60/3 1363/61/3 1362/59/3 1360/58/3
f 1363/64/12 1358/65/12 1356/63/12 1362/62/12
f 1363/68/13 1361/69/13 1359/67/13 1358/66/13
f 1356/72/14 1357/73/14 1360/71/14 1362/70/14
f 1366/52/1 1367/53/1 1365/51/1 1364/50/1
f 1367/56/11 1369/57/11 1368/55/11 1365/54/11
f 1369/60/3 1371/61/3 1370/59/3 1368/58/3
f 1371/64/12 1366/65/12 1364/63/12 1370/62/12
f 1371/68/13 1369/69/13 1367/67/13 1366/66/13
f 1364/72/14 1365/73/14 1368/71/14 1370/70/14
f 1374/52/2 1375/53/2 1373/51/2 1372/50/2
f 1375/56/15 1377/57/15 1376/55/15 1373/54/15
f 1377/60/4 1379/61/4 1378/59/4 1376/58/4
f 1379/64/16 1374/65/16 1372/63/16 1378/62/16
f 1379/68/17 1377/69/17 1375/67/17 1374/66/17
f 1372/72/18 1373/73/18 1376/71/18 1378/70/18
f 1382/52/2 1383/53/2 1381/51/2 1380/50/2
f 1383/56/15 1385/57/15 1384/55/15 1381/54/15
f 1385/60/4 1387/61/4 1386/59/4 1384/58/4
f 1387/64/16 1382/65/16 1380/63/16 1386/62/16
f 1387/68/17 1385/69/17 1383/67/17 1382/66/17
f 1380/72/18 1381/73/18 1384/71/18 1386/70/18
f 1390/52/2 1391/53/2 1389/51/2 1388/50/2
f 1391/56/15 1393/57/15 1392/55/15 1389/54/15
f 1393/60/4 1395/61/4 1394/59/4 1392/58/4
f 1395/64/16 1390/65/16 1388/63/16 1394/62/16
f 1395/68/17 1393/69/17 1391/67/17 1390/66/17
f 1388/72/18 1389/73/18 1392/71/18 1394/70/18
f 1398/52/2 1399/53/2 1397/51/2 1396/50/2
f 1399/56/15 1401/57/15 1400/55/15 1397/54/15
f 1401/60/4 1403/61/4 1402/59/4 1400/58/4
f 1403/64/16 1398/65/16 1396/63/16 1402/62/16
f 1403/68/17 1401/69/17 1399/67/17 1398/66/17
f 1396/72/18 1397/73/18 1400/71/18 1402/70/18
f 1406/52/2 1407/53/2 1405/51/2 1404/50/2
f 1407/56/19 1409/57/19 1408/55/19 1405/54/19
f 1409/60/4 1411/61/4 1410/59/4 1408/58/4
f 1411/64/20 1406/65/20 1404/63/20 1410/62/20
f 1411/68/21 1409/69/21 1407/67/21 1406/66/21
f 1404/72/22 1405/73/22 1408/71/22 1410/70/22
f 1414/52/2 1415/53/2 1413/51/2 1412/50/2
f 1415/56/19 1417/57/19 1416/55/19 1413/54/19
f 1417/60/4 1419/61/4 1418/59/4 1416/58/4
f 1419/64/20 1414/65/20 1412/63/20 1418/62/20
f 1419/68/21 1417/69/21 1415/67/21 1414/66/21
f 1412/72/22 1413/73/22 1416/71/22 1418/70/22
f 1422/52/2 1423/53/2 1421/51/2 1420/50/2
f 1423/56/19 1425/57/19 1424/55/19 1421/54/19
f 1425/60/4 1427/61/4 1426/59/4 1424/58/4
f 1427/64/20 1422/65/20 1420/63/20 1426/62/20
f 1427/68/21 1425/69/21 1423/67/21 1422/66/21
f 1420/72/22 1421/73/22 1424/71/22 1426/70/22
f 1434/36/1 1435/37/1 1433/35/1 1432/34/1
f 1435/40/2 1437/41/2 1436/39/2 1433/38/2
f 1437/44/3 1439/45/3 1438/43/3 1436/42/3
f 1439/48/4 1434/49/4 1432/47/4 1438/46/4
f 1439/19/5 1437/20/5 1435/18/5 1434/17/5
f 1432/23/6 1433/24/6 1436/22/6 1438/21/6
f 1442/52/1 1443/53/1 1441/51/1 1440/50/1
f 1443/56/7 1445/57/7 1444/55/7 1441/54/7
f 1445/60/3 1447/61/3 1446/59/3 1444/58/3
f 1447/64/8 1442/65/8 1440/63/8 1446/62/8
f 1447/68/9 1445/69/9 1443/67/9 1442/66/9
f 1440/72/10 1441/73/10 1444/71/10 1446/70/10
f 1450/52/1 1451/53/1 1449/51/1 1448/50/1
f 1451/56/7 1453/57/7 1452/55/7 1449/54/7
f 1453/60/3 1455/61/3 1454/59/3 1452/58/3
f 1455/64/8 1450/65/8 1448/63/8 1454/62/8
f 1455/68/9 1453/69/9 1451/67/9 1450/66/9
f 1448/72/10 1449/73/10 1452/71/10 1454/70/10
f 1457/52/1 1458/53/1 1435/51/1 1456/50/1
f 1458/56/11 1459/57/11 1437/55/11 1435/54/11
f 1459/60/3 1461/61/3 1460/59/3 1437/58/3
f 1461/64/12 1457/65/12 1456/63/12 1460/62/12
f 1461/68/13 1459/69/13 1458/67/13 1457/66/13
f 1456/72/14 1435/73/14 1437/71/14 1460/70/14
f 1464/52/1 1465/53/1 1463/51/1 1462/50/1
f 1465/56/11 1467/57/11 1466/55/11 1463/54/11
f 1467/60/3 1469/61/3 1468/59/3 1466/58/3
f 1469/64/12 1464/65/12 1462/63/12 1468/62/12
f 1469/68/13 1467/69/13 1465/67/13 1464/66/13
f 1462/72/14 1463/73/14 1466/71/14 1468/70/14
f 1472/52/1 1473/53/1 1471/51/1 1470/50/1
f 1473/56/11 1475/57/11 1474/55/11 1471/54/11
f 1475/60/3 1477/61/3 1476/59/3 1474/58/3
f 1477/64/12 1472/65/12 1470/63/12 1476/62/12
f 1477/68/13 1475/69/13 1473/67/13 1472/66/13
f 1470/72/14 1471/73/14 1474/71/14 1476/70/14
f 1480/52/2 1481/53/2 1479/51/2 1478/50/2
f 1481/56/15 1483/57/15 1482/55/15 1479/54/15
f 1483/60/4 1485/61/4 1484/59/4 1482/58/4
f 1485/64/16 1480/65/16 1478/63/16 1484/62/16
f 1485/68/17 1483/69/17 1481/67/17 1480/66/17
f 1478/72/18 1479/73/18 1482/71/18 1484/70/18
f 1488/52/2 1489/53/2 1487/51/2 1486/50/2
f 1489/56/15 1491/57/15 1490/55/15 1487/54/15
f 1491/60/4 1493/61/4 1492/59/4 1490/58/4
f 1493/64/16 1488/65/16 1486/63/16 1492/62/16
f 1493/68/17 1491/69/17 1489/67/17 1488/66/17
f 1486/72/18 1487/73/18 1490/71/18 1492/70/18
f 1496/52/2 1497/53/2 1495/51/2 1494/50/2
f 1497/56/15 1499/57/15 1498/55/15 1495/54/15
f 1499/60/4 1501/61/4 1500/59/4 1498/58/4
f 1501/64/16 1496/65/16 1494/63/16 1500/62/16
f 1501/68/17 1499/69/17 1497/67/17 1496/66/17
f 1494/72/18 1495/73/18 1498/71/18 1500/70/18
f 1504/52/2 1505/53/2 1503/51/2 1502/50/2
f 1505/56/15 1507/57/15 1506/55/15 1503/54/15
f 1507/60/4 1509/61/4 1508/59/4 1506/58/4
f 1509/64/16 1504/65/16 1502/63/16 1508/62/16
f 1509/68/17 1507/69/17 1505/67/17 1504/66/17
f 1502/72/18 1503/73/18 1506/71/18 1508/70/18
f 1512/52/2 1513/53/2 1511/51/2 1510/50/2
f 1513/56/19 1515/57/19 1514/55/19 1511/54/19
f 1515/60/4 1517/61/4 1516/59/4 1514/58/4
f 1517/64/20 1512/65/20 1510/63/20 1516/62/20
f 1517/68/21 1515/69/21 1513/67/21 1512/66/21
f 1510/72/22 1511/73/22 1514/71/22 1516/70/22
f 1520/52/2 1521/53/2 1519/51/2 1518/50/2
f 1521/56/19 1523/57/19 1522/55/19 1519/54/19
f 1523/60/4 1525/61/4 1524/59/4 1522/58/4
f 1525/64/20 1520/65/20 1518/63/20 1524/62/20
f 1525/68/21 1523/69/21 1521/67/21 1520/66/21
f 1518/72/22 1519/73/22 1522/71/22 1524/70/22
f 1528/52/2 1529/53/2 1527/51/2 1526/50/2
f 1529/56/19 1531/57/19 1530/55/19 1527/54/19
f 1531/60/4 1533/61/4 1532/59/4 1530/58/4
f 1533/64/20 1528/65/20 1526/63/20 1532/62/20
f 1533/68/21 1531/69/21 1529/67/21 1528/66/21
f 1526/72/22 1527/73/22 1530/71/22 1532/70/22
f 1540/36/1 1541/37/1 1539/35/1 1538/34/1
f 1541/40/2 1543/41/2 1542/39/2 1539/38/2
f 1543/44/3 1545/45/3 1544/43/3 1542/42/3
f 1545/48/4 1540/49/4 1538/47/4 1544/46/4
f 1545/19/5 1543/20/5 1541/18/5 1540/17/5
f 1538/23/6 1539/24/6 1542/22/6 1544/21/6
f 1548/52/1 1549/53/1 1547/51/1 1546/50/1
f 1549/56/7 1551/57/7 1550/55/7 1547/54/7
f 1551/60/3 1553/61/3 1552/59/3 1550/58/3
f 1553/64/8 1548/65/8 1546/63/8 1552/62/8
f 1553/68/9 1551/69/9 1549/67/9 1548/66/9
f 1546/72/10 1547/73/10 1550/71/10 1552/70/10
f 1556/52/1 1557/53/1 1555/51/1 1554/50/1
f 1557/56/7 1559/57/7 1558/55/7 1555/54/7
f 1559/60/3 1561/61/3 1560/59/3 1558/58/3
f 1561/64/8 1556/65/8 1554/63/8 1560/62/8
f 1561/68/9 1559/69/9 1557/67/9 1556/66/9
f 1554/72/10 1555/73/10 1558/71/10 1560/70/10
f 1563/52/1 1564/53/1 1541/51/1 1562/50/1
f 1564/56/11 1565/57/11 1543/55/11 1541/54/11
f 1565/60/3 1567/61/3 1566/59/3 1543/58/3
f 1567/64/12 1563/65/12 1562/63/12 1566/62/12
f 1567/68/13 1565/69/13 1564/67/13 1563/66/13
f 1562/72/14 1541/73/14 1543/71/14 1566/70/14
f 1570/52/1 1571/53/1 1569/51/1 1568/50/1
f 1571/56/11 1573/57/11 1572/55/11 1569/54/11
f 1573/60/3 1575/61/3 1574/59/3 1572/58/3
f 1575/64/12 1570/65/12 1568/63/12 1574/62/12
f 1575/68/13 1573/69/13 1571/67/13 1570/66/13
f 1568/72/14 1569/73/14 1572/71/14 1574/70/14
f 1578/52/1 1579/53/1 1577/51/1 1576/50/1
f 1579/56/11 1581/57/11 1580/55/11 1577/54/11
f 1581/60/3 1583/61/3 1582/59/3 1580/58/3
f 1583/64/12 1578/65/12 1576/63/12 1582/62/12
f 1583/68/13 1581/69/13 1579/67/13 1578/66/13
f 1576/72/14 1577/73/14 1580/71/14 1582/70/14
f 1586/52/2 1587/53/2 1585/51/2 1584/50/2
f 1587/56/15 1589/57/15 1588/55/15 1585/54/15
f 1589/60/4 1591/61/4 1590/59/4 1588/58/4
f 1591/64/16 1586/65/16 1584/63/16 1590/62/16
f 1591/68/17 1589/69/17 1587/67/17 1586/66/17
f 1584/72/18 1585/73/18 1588/71/18 1590/70/18
f 1594/52/2 1595/53/2 1593/51/2 1592/50/2
f 1595/56/15 1597/57/15 1596/55/15 1593/54/15
f 1597/60/4 1599/61/4 1598/59/4 1596/58/4
f 1599/64/16 1594/65/16 1592/63/16 1598/62/16
f 1599/68/17 1597/69/17 1595/67/17 1594/66/17
f 1592/72/18 1593/73/18 1596/71/18 1598/70/18
f 1602/52/2 1603/53/2 1601/51/2 1600/50/2
f 1603/56/15 1605/57/15 1604/55/15 1601/54/15
f 1605/60/4 1607/61/4 1606/59/4 1604/58/4
f 1607/64/16 1602/65/16 1600/63/16 1606/62/16
f 1607/68/17 1605/69/17 1603/67/17 1602/66/17
f 1600/72/18 1601/73/18 1604/71/18 1606/70/18
f 1610/52/2 1611/53/2 1609/51/2 1608/50/2
f 1611/56/15 1613/57/15 1612/55/15 1609/54/15
f 1613/60/4 1615/61/4 1614/59/4 1612/58/4
f 1615/64/16 1610/65/16 1608/63/16 1614/62/16
f 1615/68/17 1613/69/17 1611/67/17 1610/66/17
f 1608/72/18 1609/73/18 1612/71/18 1614/70/18
f 1618/52/2 1619/53/2 1617/51/2 1616/50/2
f 1619/56/19 1621/57/19 1620/55/19 1617/54/19
f 1621/60/4 1623/61/4 1622/59/4 1620/58/4
f 1623/64/20 1618/65/20 1616/63/20 1622/62/20
f 1623/68/21 1621/69/21 1619/67/21 1618/66/21
f 1616/72/22 1617/73/22 1620/71/22 1622/70/22
f 1626/52/2 1627/53/2 1625/51/2 1624/50/2
f 1627/56/19 1629/57/19 1628/55/19 1625/54/19
f 1629/60/4 1631/61/4 1630/59/4 1628/58/4
f 1631/64/20 1626/65/20 1624/63/20 1630/62/20
f 1631/68/21 1629/69/21 1627/67/21 1626/66/21
f 1624/72/22 1625/73/22 1628/71/22 1630/70/22
f 1634/52/2 1635/53/2 1633/51/2 1632/50/2
f 1635/56/19 1637/57/19 1636/55/19 1633/54/19
f 1637/60/4 1639/61/4 1638/59/4 1636/58/4
f 1639/64/20 1634/65/20 1632/63/20 1638/62/20
f 1639/68/21 1637/69/21 1635/67/21 1634/66/21
f 1632/72/22 1633/73/22 1636/71/22 1638/70/22
f 1646/36/1 1647/37/1 1645/35/1 1644/34/1
f 1647/40/2 1649/41/2 1648/39/2 1645/38/2
f 1649/44/3 1651/45/3 1650/43/3 1648/42/3
f 1651/48/4 1646/49/4 1644/47/4 1650/46/4
f 1651/19/5 1649/20/5 1647/18/5 1646/17/5
f 1644/23/6 1645/24/6 1648/22/6 1650/21/6
f 1654/52/1 1655/53/1 1653/51/1 1652/50/1
f 1655/56/7 1657/57/7 1656/55/7 1653/54/7
f 1657/60/3 1659/61/3 1658/59/3 1656/58/3
f 1659/64/8 1654/65/8 1652/63/8 1658/62/8
f 1659/68/9 1657/69/9 1655/67/9 1654/66/9
f 1652/72/10 1653/73/10 1656/71/10 1658/70/10
f 1662/52/1 1663/53/1 1661/51/1 1660/50/1
f 1663/56/7 1665/57/7 1664/55/7 1661/54/7
f 1665/60/3 1667/61/3 1666/59/3 1664/58/3
f 1667/64/8 1662/65/8 1660/63/8 1666/62/8
f 1667/68/9 1665/69/9 1663/67/9 1662/66/9
f 1660/72/10 1661/73/10 1664/71/10 1666/70/10
f 1669/52/1 1670/53/1 1647/51/1 1668/50/1
f 1670/56/11 1671/57/11 1649/55/11 1647/54/11
f 1671/60/3 1673/61/3 1672/59/3 1649/58/3
f 1673/64/12 1669/65/12 1668/63/12 1672/62/12
f 1673/68/13 1671/69/13 1670/67/13 1669/66/13
f 1668/72/14 1647/73/14 1649/71/14 1672/70/14
f 1676/52/1 1677/53/1 1675/51/1 1674/50/1
f 1677/56/11 1679/57/11 1678/55/11 1675/54/11
f 1679/60/3 1681/61/3 1680/59/3 1678/58/3
f 1681/64/12 1676/65/12 1674/63/12 1680/62/12
f 1681/68/13 1679/69/13 1677/67/13 1676/66/13
f 1674/72/14 1675/73/14 1678/71/14 1680/70/14
f 1684/52/1 1685/53/1 1683/51/1 1682/50/1
f 1685/56/11 1687/57/11 1686/55/11 1683/54/11
f 1687/60/3 1689/61/3 1688/59/3 1686/58/3
f 1689/64/12 1684/65/12 1682/63/12 1688/62/12
f 1689/68/13 1687/69/13 1685/67/13 1684/66/13
f 1682/72/14 1683/73/14 1686/71/14 1688/70/14
f 1692/52/2 1693/53/2 1691/51/2 1690/50/2
f 1693/56/15 1695/57/15 1694/55/15 1691/54/15
f 1695/60/4 1697/61/4 1696/59/4 1694/58/4
f 1697/64/16 1692/65/16 1690/63/16 1696/62/16
f 1697/68/17 1695/69/17 1693/67/17 1692/66/17
f 1690/72/18 1691/73/18 1694/71/18 1696/70/18
f 1700/52/2 1701/53/2 1699/51/2 1698/50/2
f 1701/56/15 1703/57/15 1702/55/15 1699/54/15
f 1703/60/4 1705/61/4 1704/59/4 1702/58/4
f 1705/64/16 1700/65/16 1698/63/16 1704/62/16
f 1705/68/17 1703/69/17 1701/67/17 1700/66/17
f 1698/72/18 1699/73/18 1702/71/18 1704/70/18
f 1708/52/2 1709/53/2 1707/51/2 1706/50/2
f 1709/56/15 1711/57/15 1710/55/15 1707/54/15
f 1711/60/4 1713/61/4 1712/59/4 1710/58/4
f 1713/64/16 1708/65/16 1706/63/16 1712/62/16
f 1713/68/17 1711/69/17 1709/67/17 1708/66/17
f 1706/72/18 1707/73/18 1710/71/18 1712/70/18
f 1716/52/2 1717/53/2 1715/51/2 1714/50/2
f 1717/56/15 1719/57/15 1718/55/15 1715/54/15
f 1719/60/4 1721/61/4 1720/59/4 1718/58/4
f 1721/64/16 1716/65/16 1714/63/16 1720/62/16
f 1721/68/17 1719/69/17 1717/67/17 1716/66/17
f 1714/72/18 1715/73/18 1718/71/18 1720/70/18
f 1724/52/2 1725/53/2 1723/51/2 1722/50/2
f 1725/56/19 1727/57/19 1726/55/19 1723/54/19
f 1727/60/4 1729/61/4 1728/59/4 1726/58/4
f 1729/64/20 1724/65/20 1722/63/20 1728/62/20
f 1729/68/21 1727/69/21 1725/67/21 1724/66/21
f 1722/72/22 1723/73/22 1726/71/22 1728/70/22
f 1732/52/2 1733/53/2 1731/51/2 1730/50/2
f 1733/56/19 1735/57/19 1734/55/19 1731/54/19
f 1735/60/4 1737/61/4 1736/59/4 1734/58/4
f 1737/64/20 1732/65/20 1730/63/20 1736/62/20
f 1737/68/21 1735/69/21 1733/67/21 1732/66/21
f 1730/72/22 1731/73/22 1734/71/22 1736/70/22
f 1740/52/2 1741/53/2 1739/51/2 1738/50/2
f 1741/56/19 1743/57/19 1742/55/19 1739/54/19
f 1743/60/4 1745/61/4 1744/59/4 1742/58/4
f 1745/64/20 1740/65/20 1738/63/20 1744/62/20
f 1745/68/21 1743/69/21 1741/67/21 1740/66/21
f 1738/72/22 1739/73/22 1742/71/22 1744/70/22
f 1752/36/1 1753/37/1 1751/35/1 1750/34/1
f 1753/40/2 1755/41/2 1754/39/2 1751/38/2
f 1755/44/3 1757/45/3 1756/43/3 1754/42/3
f 1757/48/4 1752/49/4 1750/47/4 1756/46/4
f 1757/19/5 1755/20/5 1753/18/5 1752/17/5
f 1750/23/6 1751/24/6 1754/22/6 1756/21/6
f 1760/52/1 1761/53/1 1759/51/1 1758/50/1
f 1761/56/7 1763/57/7 1762/55/7 1759/54/7
f 1763/60/3 1765/61/3 1764/59/3 1762/58/3
f 1765/64/8 1760/65/8 1758/63/8 1764/62/8
f 1765/68/9 1763/69/9 1761/67/9 1760/66/9
f 1758/72/10 1759/73/10 1762/71/10 1764/70/10
f 1768/52/1 1769/53/1 1767/51/1 1766/50/1
f 1769/56/7 1771/57/7 1770/55/7 1767/54/7
f 1771/60/3 1773/61/3 1772/59/3 1770/58/3
f 1773/64/8 1768/65/8 1766/63/8 1772/62/8
f 1773/68/9 1771/69/9 1769/67/9 1768/66/9
f 1766/72/10 1767/73/10 1770/71/10 1772/70/10
f 1775/52/1 1776/53/1 1753/51/1 1774/50/1
f 1776/56/11 1777/57/11 1755/55/11 1753/54/11
f 1777/60/3 1779/61/3 1778/59/3 1755/58/3
f 1779/64/12 1775/65/12 1774/63/12 1778/62/12
f 1779/68/13 1777/69/13 1776/67/13 1775/66/13
f 1774/72/14 1753/73/14 1755/71/14 1778/70/14
f 1782/52/1 1783/53/1 1781/51/1 1780/50/1
f 1783/56/11 1785/57/11 1784/55/11 1781/54/11
f 1785/60/3 1787/61/3 1786/59/3 1784/58/3
f 1787/64/12 1782/65/12 1780/63/12 1786/62/12
f 1787/68/13 1785/69/13 1783/67/13 1782/66/13
f 1780/72/14 1781/73/14 1784/71/14 1786/70/14
f 1790/52/1 1791/53/1 1789/51/1 1788/50/1
f 1791/56/11 1793/57/11 1792/55/11 1789/54/11
f 1793/60/3 1795/61/3 1794/59/3 1792/58/3
f 1795/64/12 1790/65/12 1788/63/12 1794/62/12
f 1795/68/13 1793/69/13 1791/67/13 1790/66/13
f 1788/72/14 1789/73/14 1792/71/14 1794/70/14
f 1798/52/2 1799/53/2 1797/51/2 1796/50/2
f 1799/56/15 1801/57/15 1800/55/15 1797/54/15
f 1801/60/4 1803/61/4 1802/59/4 1800/58/4
f 1803/64/16 1798/65/16 1796/63/16 1802/62/16
f 1803/68/17 1801/69/17 1799/67/17 1798/66/17
f 1796/72/18 1797/73/18 1800/71/18 1802/70/18
f 1806/52/2 1807/53/2 1805/51/2 1804/50/2
f 1807/56/15 1809/57/15 1808/55/15 1805/54/15
f 1809/60/4 1811/61/4 1810/59/4 1808/58/4
f 1811/64/16 1806/65/16 1804/63/16 1810/62/16
f 1811/68/17 1809/69/17 1807/67/17 1806/66/17
f 1804/72/18 1805/73/18 1808/71/18 1810/70/18
f 1814/52/2 1815/53/2 1813/51/2 1812/50/2
f 1815/56/15 1817/57/15 1816/55/15 1813/54/15
f 1817/60/4 1819/61/4 1818/59/4 1816/58/4
f 1819/64/16 1814/65/16 1812/63/16 1818/62/16
f 1819/68/17 1817/69/17 1815/67/17 1814/66/17
f 1812/72/18 1813/73/18 1816/71/18 1818/70/18
f 1822/52/2 1823/53/2 1821/51/2 1820/50/2
f 1823/56/15 1825/57/15 1824/55/15 1821/54/15
f 1825/60/4 1827/61/4 1826/59/4 1824/58/4
f 1827/64/16 1822/65/16 1820/63/16 1826/62/16
f 1827/68/17 1825/69/17 1823/67/17 1822/66/17
f 1820/72/18 1821/73/18 1824/71/18 1826/70/18
f 1830/52/2 1831/53/2 1829/51/2 1828/50/2
f 1831/56/19 1833/57/19 1832/55/19 1829/54/19
f 1833/60/4 1835/61/4 1834/59/4 1832/58/4
f 1835/64/20 1830/65/20 1828/63/20 1834/62/20
f 1835/68/21 1833/69/21 1831/67/21 1830/66/21
f 1828/72/22 1829/73/22 1832/71/22 1834/70/22
f 1838/52/2 1839/53/2 1837/51/2 1836/50/2
f 1839/56/19 1841/57/19 1840/55/19 1837/54/19
f 1841/60/4 1843/61/4 1842/59/4 1840/58/4
f 1843/64/20 1838/65/20 1836/63/20 1842/62/20
f 1843/68/21 1841/69/21 1839/67/21 1838/66/21
f 1836/72/22 1837/73/22 1840/71/22 1842/70/22
f 1846/52/2 1847/53/2 1845/51/2 1844/50/2
f 1847/56/19 1849/57/19 1848/55/19 1845/54/19
f 1849/60/4 1851/61/4 1850/59/4 1848/58/4
f 1851/64/20 1846/65/20 1844/63/20 1850/62/20
f 1851/68/21 1849/69/21 1847/67/21 1846/66/21
f 1844/72/22 1845/73/22 1848/71/22 1850/70/22
f 1858/36/1 1859/37/1 1857/35/1 1856/34/1
f 1859/40/2 1861/41/2 1860/39/2 1857/38/2
f 1861/44/3 1863/45/3 1862/43/3 1860/42/3
f 1863/48/4 1858/49/4 1856/47/4 1862/46/4
f 1863/19/5 1861/20/5 1859/18/5 1858/17/5
f 1856/23/6 1857/24/6 1860/22/6 1862/21/6
f 1866/52/1 1867/53/1 1865/51/1 1864/50/1
f 1867/56/7 1869/57/7 1868/55/7 1865/54/7
f 1869/60/3 1871/61/3 1870/59/3 1868/58/3
f 1871/64/8 1866/65/8 1864/63/8 1870/62/8
f 1871/68/9 1869/69/9 1867/67/9 1866/66/9
f 1864/72/10 1865/73/10 1868/71/10 1870/70/10
f 1874/52/1 1875/53/1 1873/51/1 1872/50/1
f 1875/56/7 1877/57/7 1876/55/7 1873/54/7
f 1877/60/3 1879/61/3 1878/59/3 1876/58/3
f 1879/64/8 1874/65/8 1872/63/8 1878/62/8
f 1879/68/9 1877/69/9 1875/67/9 1874/66/9
f 1872/72/10 1873/73/10 1876/71/10 1878/70/10
f 1881/52/1 1882/53/1 1859/51/1 1880/50/1
f 1882/56/11 1883/57/11 1861/55/11 1859/54/11
f 1883/60/3 1885/61/3 1884/59/3 1861/58/3
f 1885/64/12 1881/65/12 1880/63/12 1884/62/12
f 1885/68/13 1883/69/13 1882/67/13 1881/66/13
f 1880/72/14 1859/73/14 1861/71/14 1884/70/14
f 1888/52/1 1889/53/1 1887/51/1 1886/50/1
f 1889/56/11 1891/57/11 1890/55/11 1887/54/11
f 1891/60/3 1893/61/3 1892/59/3 1890/58/3
f 1893/64/12 1888/65/12 1886/63/12 1892/62/12
f 1893/68/13 1891/69/13 1889/67/13 1888/66/13
f 1886/72/14 1887/73/14 1890/71/14 1892/70/14
f 1896/52/1 1897/53/1 1895/51/1 1894/50/1
f 1897/56/11 1899/57/11 1898/55/11 1895/54/11
f 1899/60/3 1901/61/3 1900/59/3 1898/58/3
f 1901/64/12 1896/65/12 1894/63/12 1900/62/12
f 1901/68/13 1899/69/13 1897/67/13 1896/66/13
f 1894/72/14 1895/73/14 1898/71/14 1900/70/14
f 1904/52/2 1905/53/2 1903/51/2 1902/50/2
f 1905/56/15 1907/57/15 1906/55/15 1903/54/15
f 1907/60/4 1909/61/4 1908/59/4 1906/58/4
f 1909/64/16 1904/65/16 1902/63/16 1908/62/16
f 1909/68/17 1907/69/17 1905/67/17 1904/66/17
f 1902/72/18 1903/73/18 1906/71/18 1908/70/18
f 1912/52/2 1913/53/2 1911/51/2 1910/50/2
f 1913/56/15 1915/57/15 1914/55/15 1911/54/15
f 1915/60/4 1917/61/4 1916/59/4 1914/58/4
f 1917/64/16 1912/65/16 1910/63/16 1916/62/16
f 1917/68/17 1915/69/17 1913/67/17 1912/66/17
f 1910/72/18 1911/73/18 1914/71/18 1916/70/18
f 1920/52/2 1921/53/2 1919/51/2 1918/50/2
f 1921/56/15 1923/57/15 1922/55/15 1919/54/15
f 1923/60/4 1925/61/4 1924/59/4 1922/58/4
f 1925/64/16 1920/65/16 1918/63/16 1924/62/16
f 1925/68/17 1923/69/17 1921/67/17 1920/66/17
f 1918/72/18 1919/73/18 1922/71/18 1924/70/18
f 1928/52/2 1929/53/2 1927/51/2 1926/50/2
f 1929/56/15 1931/57/15 1930/55/15 1927/54/15
f 1931/60/4 1933/61/4 1932/59/4 1930/58/4
f 1933/64/16 1928/65/16 1926/63/16 1932/62/16
f 1933/68/17 1931/69/17 1929/67/17 1928/66/17
f 1926/72/18 1927/73/18 1930/71/18 1932/70/18
f 1936/52/2 1937/53/2 1935/51/2 1934/50/2
f 1937/56/19 1939/57/19 1938/55/19 1935/54/19
f 1939/60/4 1941/61/4 1940/59/4 1938/58/4
f 1941/64/20 1936/65/20 1934/63/20 1940/62/20
f 1941/68/21 1939/69/21 1937/67/21 1936/66/21
f 1934/72/22 1935/73/22 1938/71/22 1940/70/22
f 1944/52/2 1945/53/2 1943/51/2 1942/50/2
f 1945/56/19 1947/57/19 1946/55/19 1943/54/19
f 1947/60/4 1949/61/4 1948/59/4 1946/58/4
f 1949/64/20 1944/65/20 1942/63/20 1948/62/20
f 1949/68/21 1947/69/21 1945/67/21 1944/66/21
f 1942/72/22 1943/73/22 1946/71/22 1948/70/22
f 1952/52/2 1953/53/2 1951/51/2 1950/50/2
f 1953/56/19 1955/57/19 1954/55/19 1951/54/19
f 1955/60/4 1957/61/4 1956/59/4 1954/58/4
f 1957/64/20 1952/65/20 1950/63/20 1956/62/20
f 1957/68/21 1955/69/21 1953/67/21 1952/66/21
f 1950/72/22 1951/73/22 1954/71/22 1956/70/22
f 1964/36/1 1965/37/1 1963/35/1 1962/34/1
f 1965/40/2 1967/41/2 1966/39/2 1963/38/2
f 1967/44/3 1969/45/3 1968/43/3 1966/42/3
f 1969/48/4 1964/49/4 1962/47/4 1968/46/4
f 1969/19/5 1967/20/5 1965/18/5 1964/17/5
f 1962/23/6 1963/24/6 1966/22/6 1968/21/6
f 1972/52/1 1973/53/1 1971/51/1 1970/50/1
f 1973/56/7 1975/57/7 1974/55/7 1971/54/7
f 1975/60/3 1977/61/3 1976/59/3 1974/58/3
f 1977/64/8 1972/65/8 1970/63/8 1976/62/8
f 1977/68/9 1975/69/9 1973/67/9 1972/66/9
f 1970/72/10 1971/73/10 1974/71/10 1976/70/10
f 1980/52/1 1981/53/1 1979/51/1 1978/50/1
f 1981/56/7 1983/57/7 1982/55/7 1979/54/7
f 1983/60/3 1985/61/3 1984/59/3 1982/58/3
f 1985/64/8 1980/65/8 1978/63/8 1984/62/8
f 1985/68/9 1983/69/9 1981/67/9 1980/66/9
f 1978/72/10 1979/73/10 1982/71/10 1984/70/10
f 1988/52/1 1989/53/1 1987/51/1 1986/50/1
f 1989/56/11 1991/57/11 1990/55/11 1987/54/11
f 1991/60/3 1993/61/3 1992/59/3 1990/58/3
f 1993/64/12 1988/65/12 1986/63/12 1992/62/12
f 1993/68/13 1991/69/13 1989/67/13 1988/66/13
f 1986/72/14 1987/73/14 1990/71/14 1992/70/14
f 1996/52/1 1997/53/1 1995/51/1 1994/50/1
f 1997/56/11 1999/57/11 1998/55/11 1995/54/11
f 1999/60/3 2001/61/3 2000/59/3 1998/58/3
f 2001/64/12 1996/65/12 1994/63/12 2000/62/12
f 2001/68/13 1999/69/13 1997/67/13 1996/66/13
f 1994/72/14 1995/73/14 1998/71/14 2000/70/14
f 2004/52/1 2005/53/1 2003/51/1 2002/50/1
f 2005/56/11 2007/57/11 2006/55/11 2003/54/11
f 2007/60/3 2009/61/3 2008/59/3 2006/58/3
f 2009/64/12 2004/65/12 2002/63/12 2008/62/12
f 2009/68/13 2007/69/13 2005/67/13 2004/66/13
f 2002/72/14 2003/73/14 2006/71/14 2008/70/14
f 2011/52/2 2012/53/2 2010/51/2 1965/50/2
f 2012/56/15 2014/57/15 2013/55/15 2010/54/15
f 2014/60/4 2015/61/4 1964/59/4 2013/58/4
f 2015/64/16 2011/65/16 1965/63/16 1964/62/16
f 2015/68/17 2014/69/17 2012/67/17 2011/66/17
f 1965/72/18 2010/73/18 2013/71/18 1964/70/18
f 2018/52/2 2019/53/2 2017/51/2 2016/50/2
f 2019/56/15 2021/57/15 2020/55/15 2017/54/15
f 2021/60/4 2023/61/4 2022/59/4 2020/58/4
f 2023/64/16 2018/65/16 2016/63/16 2022/62/16
f 2023/68/17 2021/69/17 2019/67/17 2018/66/17
f 2016/72/18 2017/73/18 2020/71/18 2022/70/18
f 2026/52/2 2027/53/2 2025/51/2 2024/50/2
f 2027/56/15 2029/57/15 2028/55/15 2025/54/15
f 2029/60/4 2031/61/4 2030/59/4 2028/58/4
f 2031/64/16 2026/65/16 2024/63/16 2030/62/16
f 2031/68/17 2029/69/17 2027/67/17 2026/66/17
f 2024/72/18 2025/73/18 2028/71/18 2030/70/18
f 2034/52/2 2035/53/2 2033/51/2 2032/50/2
f 2035/56/15 2037/57/15 2036/55/15 2033/54/15
f 2037/60/4 2039/61/4 2038/59/4 2036/58/4
f 2039/64/16 2034/65/16 2032/63/16 2038/62/16
f 2039/68/17 2037/69/17 2035/67/17 2034/66/17
f 2032/72/18 2033/73/18 2036/71/18 2038/70/18
f 2042/52/2 2043/53/2 2041/51/2 2040/50/2
f 2043/56/19 2045/57/19 2044/55/19 2041/54/19
f 2045/60/4 2047/61/4 2046/59/4 2044/58/4
f 2047/64/20 2042/65/20 2040/63/20 2046/62/20
f 2047/68/21 2045/69/21 2043/67/21 2042/66/21
f 2040/72/22 2041/73/22 2044/71/22 2046/70/22
f 2050/52/2 2051/53/2 2049/51/2 2048/50/2
f 2051/56/19 2053/57/19 2052/55/19 2049/54/19
f 2053/60/4 2055/61/4 2054/59/4 2052/58/4
f 2055/64/20 2050/65/20 2048/63/20 2054/62/20
f 2055/68/21 2053/69/21 2051/67/21 2050/66/21
f 2048/72/22 2049/73/22 2052/71/22 2054/70/22
f 2058/52/2 2059/53/2 2057/51/2 2056/50/2
f 2059/56/19 2061/57/19 2060/55/19 2057/54/19
f 2061/60/4 2063/61/4 2062/59/4 2060/58/4
f 2063/64/20 2058/65/20 2056/63/20 2062/62/20
f 2063/68/21 2061/69/21 2059/67/21 2058/66/21
f 2056/72/22 2057/73/22 2060/71/22 2062/70/22
f 2070/36/1 2071/37/1 2069/35/1 2068/34/1
f 2071/40/2 2073/41/2 2072/39/2 2069/38/2
f 2073/44/3 2075/45/3 2074/43/3 2072/42/3
f 2075/48/4 2070/49/4 2068/47/4 2074/46/4
f 2075/19/5 2073/20/5 2071/18/5 2070/17/5
f 2068/23/6 2069/24/6 2072/22/6 2074/21/6
f 2078/52/1 2079/53/1 2077/51/1 2076/50/1
f 2079/56/7 2081/57/7 2080/55/7 2077/54/7
f 2081/60/3 2083/61/3 2082/59/3 2080/58/3
f 2083/64/8 2078/65/8 2076/63/8 2082/62/8
f 2083/68/9 2081/69/9 2079/67/9 2078/66/9
f 2076/72/10 2077/73/10 2080/71/10 2082/70/10
f 2086/52/1 2087/53/1 2085/51/1 2084/50/1
f 2087/56/7 2089/57/7 2088/55/7 2085/54/7
f 2089/60/3 2091/61/3 2090/59/3 2088/58/3
f 2091/64/8 2086/65/8 2084/63/8 2090/62/8
f 2091/68/9 2089/69/9 2087/67/9 2086/66/9
f 2084/72/10 2085/73/10 2088/71/10 2090/70/10
f 2094/52/1 2095/53/1 2093/51/1 2092/50/1
f 2095/56/11 2097/57/11 2096/55/11 2093/54/11
f 2097/60/3 2099/61/3 2098/59/3 2096/58/3
f 2099/64/12 2094/65/12 2092/63/12 2098/62/12
f 2099/68/13 2097/69/13 2095/67/13 2094/66/13
f 2092/72/14 2093/73/14 2096/71/14 2098/70/14
f 2102/52/1 2103/53/1 2101/51/1 2100/50/1
f 2103/56/11 2105/57/11 2104/55/11 2101/54/11
f 2105/60/3 2107/61/3 2106/59/3 2104/58/3
f 2107/64/12 2102/65/12 2100/63/12 2106/62/12
f 2107/68/13 2105/69/13 2103/67/13 2102/66/13
f 2100/72/14 2101/73/14 2104/71/14 2106/70/14
f 2110/52/1 2111/53/1 2109/51/1 2108/50/1
f 2111/56/11 2113/57/11 2112/55/11 2109/54/11
f 2113/60/3 2115/61/3 2114/59/3 2112/58/3
f 2115/64/12 2110/65/12 2108/63/12 2114/62/12
f 2115/68/13 2113/69/13 2111/67/13 2110/66/13
f 2108/72/14 2109/73/14 2112/71/14 2114/70/14
f 2117/52/2 2118/53/2 2116/51/2 2071/50/2
f 2118/56/15 2120/57/15 2119/55/15 2116/54/15
f 2120/60/4 2121/61/4 2070/59/4 2119/58/4
f 2121/64/16 2117/65/16 2071/63/16 2070/62/16
f 2121/68/17 2120/69/17 2118/67/17 2117/66/17
f 2071/72/18 2116/73/18 2119/71/18 2070/70/18
f 2124/52/2 2125/53/2 2123/51/2 2122/50/2
f 2125/56/15 2127/57/15 2126/55/15 2123/54/15
f 2127/60/4 2129/61/4 2128/59/4 2126/58/4
f 2129/64/16 2124/65/16 2122/63/16 2128/62/16
f 2129/68/17 2127/69/17 2125/67/17 2124/66/17
f 2122/72/18 2123/73/18 2126/71/18 2128/70/18
f 2132/52/2 2133/53/2 2131/51/2 2130/50/2
f 2133/56/15 2135/57/15 2134/55/15 2131/54/15
f 2135/60/4 2137/61/4 2136/59/4 2134/58/4
f 2137/64/16 2132/65/16 2130/63/16 2136/62/16
f 2137/68/17 2135/69/17 2133/67/17 2132/66/17
f 2130/72/18 2131/73/18 2134/71/18 2136/70/18
f 2140/52/2 2141/53/2 2139/51/2 2138/50/2
f 2141/56/15 2143/57/15 2142/55/15 2139/54/15
f 2143/60/4 2145/61/4 2144/59/4 2142/58/4
f 2145/64/16 2140/65/16 2138/63/16 2144/62/16
f 2145/68/17 2143/69/17 2141/67/17 2140/66/17
f 2138/72/18 2139/73/18 2142/71/18 2144/70/18
f 2148/52/2 2149/53/2 2147/51/2 2146/50/2
f 2149/56/19 2151/57/19 2150/55/19 2147/54/19
f 2151/60/4 2153/61/4 2152/59/4 2150/58/4
f 2153/64/20 2148/65/20 2146/63/20 2152/62/20
f 2153/68/21 2151/69/21 2149/67/21 2148/66/21
f 2146/72/22 2147/73/22 2150/71/22 2152/70/22
f 2156/52/2 2157/53/2 2155/51/2 2154/50/2
f 2157/56/19 2159/57/19 2158/55/19 2155/54/19
f 2159/60/4 2161/61/4 2160/59/4 2158/58/4
f 2161/64/20 2156/65/20 2154/63/20 2160/62/20
f 2161/68/21 2159/69/21 2157/67/21 2156/66/21
f 2154/72/22 2155/73/22 2158/71/22 2160/70/22
f 2164/52/2 2165/53/2 2163/51/2 2162/50/2
f 2165/56/19 2167/57/19 2166/55/19 2163/54/19
f 2167/60/4 2169/61/4 2168/59/4 2166/58/4
f 2169/64/20 2164/65/20 2162/63/20 2168/62/20
f 2169/68/21 2167/69/21 2165/67/21 2164/66/21
f 2162/72/22 2163/73/22 2166/71/22 2168/70/22
f 2176/36/1 2177/37/1 2175/35/1 2174/34/1
f 2177/40/2 2179/41/2 2178/39/2 2175/38/2
f 2179/44/3 2181/45/3 2180/43/3 2178/42/3
f 2181/48/4 2176/49/4 2174/47/4 2180/46/4
f 2181/19/5 2179/20/5 2177/18/5 2176/17/5
f 2174/23/6 2175/24/6 2178/22/6 2180/21/6
f 2184/52/1 2185/53/1 2183/51/1 2182/50/1
f 2185/56/7 2187/57/7 2186/55/7 2183/54/7
f 2187/60/3 2189/61/3 2188/59/3 2186/58/3
f 2189/64/8 2184/65/8 2182/63/8 2188/62/8
f 2189/68/9 2187/69/9 2185/67/9 2184/66/9
f 2182/72/10 2183/73/10 2186/71/10 2188/70/10
f 2192/52/1 2193/53/1 2191/51/1 2190/50/1
f 2193/56/7 2195/57/7 2194/55/7 2191/54/7
f 2195/60/3 2197/61/3 2196/59/3 2194/58/3
f 2197/64/8 2192/65/8 2190/63/8 2196/62/8
f 2197/68/9 2195/69/9 2193/67/9 2192/66/9
f 2190/72/10 2191/73/10 2194/71/10 2196/70/10
f 2200/52/1 2201/53/1 2199/51/1 2198/50/1
f 2201/56/11 2203/57/11 2202/55/11 2199/54/11
f 2203/60/3 2205/61/3 2204/59/3 2202/58/3
f 2205/64/12 2200/65/12 2198/63/12 2204/62/12
f 2205/68/13 2203/69/13 2201/67/13 2200/66/13
f 2198/72/14 2199/73/14 2202/71/14 2204/70/14
f 2208/52/1 2209/53/1 2207/51/1 2206/50/1
f 2209/56/11 2211/57/11 2210/55/11 2207/54/11
f 2211/60/3 2213/61/3 2212/59/3 2210/58/3
f 2213/64/12 2208/65/12 2206/63/12 2212/62/12
f 2213/68/13 2211/69/13 2209/67/13 2208/66/13
f 2206/72/14 2207/73/14 2210/71/14 2212/70/14
f 2216/52/1 2217/53/1 2215/51/1 2214/50/1
f 2217/56/11 2219/57/11 2218/55/11 2215/54/11
f 2219/60/3 2221/61/3 2220/59/3 2218/58/3
f 2221/64/12 2216/65/12 2214/63/12 2220/62/12
f 2221/68/13 2219/69/13 2217/67/13 2216/66/13
f 2214/72/14 2215/73/14 2218/71/14 2220/70/14
f 2223/52/2 2224/53/2 2222/51/2 2177/50/2
f 2224/56/15 2226/57/15 2225/55/15 2222/54/15
f 2226/60/4 2227/61/4 2176/59/4 2225/58/4
f 2227/64/16 2223/65/16 2177/63/16 2176/62/16
f 2227/68/17 2226/69/17 2224/67/17 2223/66/17
f 2177/72/18 2222/73/18 2225/71/18 2176/70/18
f 2230/52/2 2231/53/2 2229/51/2 2228/50/2
f 2231/56/15 2233/57/15 2232/55/15 2229/54/15
f 2233/60/4 2235/61/4 2234/59/4 2232/58/4
f 2235/64/16 2230/65/16 2228/63/16 2234/62/16
f 2235/68/17 2233/69/17 2231/67/17 2230/66/17
f 2228/72/18 2229/73/18 2232/71/18 2234/70/18
f 2238/52/2 2239/53/2 2237/51/2 2236/50/2
f 2239/56/15 2241/57/15 2240/55/15 2237/54/15
f 2241/60/4 2243/61/4 2242/59/4 2240/58/4
f 2243/64/16 2238/65/16 2236/63/16 2242/62/16
f 2243/68/17 2241/69/17 2239/67/17 2238/66/17
f 2236/72/18 2237/73/18 2240/71/18 2242/70/18
f 2246/52/2 2247/53/2 2245/51/2 2244/50/2
f 2247/56/15 2249/57/15 2248/55/15 2245/54/15
f 2249/60/4 2251/61/4 2250/59/4 2248/58/4
f 2251/64/16 2246/65/16 2244/63/16 2250/62/16
f 2251/68/17 2249/69/17 2247/67/17 2246/66/17
f 2244/72/18 2245/73/18 2248/71/18 2250/70/18
f 2254/52/2 2255/53/2 2253/51/2 2252/50/2
f 2255/56/19 2257/57/19 2256/55/19 2253/54/19
f 2257/60/4 2259/61/4 2258/59/4 2256/58/4
f 2259/64/20 2254/65/20 2252/63/20 2258/62/20
f 2259/68/21 2257/69/21 2255/67/21 2254/66/21
f 2252/72/22 2253/73/22 2256/71/22 2258/70/22
f 2262/52/2 2263/53/2 2261/51/2 2260/50/2
f 2263/56/19 2265/57/19 2264/55/19 2261/54/19
f 2265/60/4 2267/61/4 2266/59/4 2264/58/4
f 2267/64/20 2262/65/20 2260/63/20 2266/62/20
f 2267/68/21 2265/69/21 2263/67/21 2262/66/21
f 2260/72/22 2261/73/22 2264/71/22 2266/70/22
f 2270/52/2 2271/53/2 2269/51/2 2268/50/2
f 2271/56/19 2273/57/19 2272/55/19 2269/54/19
f 2273/60/4 2275/61/4 2274/59/4 2272/58/4
f 2275/64/20 2270/65/20 2268/63/20 2274/62/20
f 2275/68/21 2273/69/21 2271/67/21 2270/66/21
f 2268/72/22 2269/73/22 2272/71/22 2274/70/22
f 2282/36/1 2283/37/1 2281/35/1 2280/34/1
f 2283/40/2 2285/41/2 2284/39/2 2281/38/2
f 2285/44/3 2287/45/3 2286/43/3 2284/42/3
f 2287/48/4 2282/49/4 2280/47/4 2286/46/4
f 2287/19/5 2285/20/5 2283/18/5 2282/17/5
f 2280/23/6 2281/24/6 2284/22/6 2286/21/6
f 2290/52/1 2291/53/1 2289/51/1 2288/50/1
f 2291/56/7 2293/57/7 2292/55/7 2289/54/7
f 2293/60/3 2295/61/3 2294/59/3 2292/58/3
f 2295/64/8 2290/65/8 2288/63/8 2294/62/8
f 2295/68/9 2293/69/9 2291/67/9 2290/66/9
f 2288/72/10 2289/73/10 2292/71/10 2294/70/10
f 2298/52/1 2299/53/1 2297/51/1 2296/50/1
f 2299/56/7 2301/57/7 2300/55/7 2297/54/7
f 2301/60/3 2303/61/3 2302/59/3 2300/58/3
f 2303/64/8 2298/65/8 2296/63/8 2302/62/8
f 2303/68/9 2301/69/9 2299/67/9 2298/66/9
f 2296/72/10 2297/73/10 2300/71/10 2302/70/10
f 2306/52/1 2307/53/1 2305/51/1 2304/50/1
f 2307/56/11 2309/57/11 2308/55/11 2305/54/11
f 2309/60/3 2311/61/3 2310/59/3 2308/58/3
f 2311/64/12 2306/65/12 2304/63/12 2310/62/12
f 2311/68/13 2309/69/13 2307/67/13 2306/66/13
f 2304/72/14 2305/73/14 2308/71/14 2310/70/14
f 2314/52/1 2315/53/1 2313/51/1 2312/50/1
f 2315/56/11 2317/57/11 2316/55/11 2313/54/11
f 2317/60/3 2319/61/3 2318/59/3 2316/58/3
f 2319/64/12 2314/65/12 2312/63/12 2318/62/12
f 2319/68/13 2317/69/13 2315/67/13 2314/66/13
f 2312/72/14 2313/73/14 2316/71/14 2318/70/14
f 2322/52/1 2323/53/1 2321/51/1 2320/50/1
f 2323/56/11 2325/57/11 2324/55/11 2321/54/11
f 2325/60/3 2327/61/3 2326/59/3 2324/58/3
f 2327/64/12 2322/65/12 2320/63/12 2326/62/12
f 2327/68/13 2325/69/13 2323/67/13 2322/66/13
f 2320/72/14 2321/73/14 2324/71/14 2326/70/14
f 2329/52/2 2330/53/2 2328/51/2 2283/50/2
f 2330/56/15 2332/57/15 2331/55/15 2328/54/15
f 2332/60/4 2333/61/4 2282/59/4 2331/58/4
f 2333/64/16 2329/65/16 2283/63/16 2282/62/16
f 2333/68/17 2332/69/17 2330/67/17 2329/66/17
f 2283/72/18 2328/73/18 2331/71/18 2282/70/18
f 2336/52/2 2337/53/2 2335/51/2 2334/50/2
f 2337/56/15 2339/57/15 2338/55/15 2335/54/15
f 2339/60/4 2341/61/4 2340/59/4 2338/58/4
f 2341/64/16 2336/65/16 2334/63/16 2340/62/16
f 2341/68/17 2339/69/17 2337/67/17 2336/66/17
f 2334/72/18 2335/73/18 2338/71/18 2340/70/18
f 2344/52/2 2345/53/2 2343/51/2 2342/50/2
f 2345/56/15 2347/57/15 2346/55/15 2343/54/15
f 2347/60/4 2349/61/4 2348/59/4 2346/58/4
f 2349/64/16 2344/65/16 2342/63/16 2348/62/16
f 2349/68/17 2347/69/17 2345/67/17 2344/66/17
f 2342/72/18 2343/73/18 2346/71/18 2348/70/18
f 2352/52/2 2353/53/2 2351/51/2 2350/50/2
f 2353/56/15 2355/57/15 2354/55/15 2351/54/15
f 2355/60/4 2357/61/4 2356/59/4 2354/58/4
f 2357/64/16 2352/65/16 2350/63/16 2356/62/16
f 2357/68/17 2355/69/17 2353/67/17 2352/66/17
f 2350/72/18 2351/73/18 2354/71/18 2356/70/18
f 2360/52/2 2361/53/2 2359/51/2 2358/50/2
f 2361/56/19 2363/57/19 2362/55/19 2359/54/19
f 2363/60/4 2365/61/4 2364/59/4 2362/58/4
f 2365/64/20 2360/65/20 2358/63/20 2364/62/20
f 2365/68/21 2363/69/21 2361/67/21 2360/66/21
f 2358/72/22 2359/73/22 2362/71/22 2364/70/22
f 2368/52/2 2369/53/2 2367/51/2 2366/50/2
f 2369/56/19 2371/57/19 2370/55/19 2367/54/19
f 2371/60/4 2373/61/4 2372/59/4 2370/58/4
f 2373/64/20 2368/65/20 2366/63/20 2372/62/20
f 2373/68/21 2371/69/21 2369/67/21 2368/66/21
f 2366/72/22 2367/73/22 2370/71/22 2372/70/22
f 2376/52/2 2377/53/2 2375/51/2 2374/50/2
f 2377/56/19 2379/57/19 2378/55/19 2375/54/19
f 2379/60/4 2381/61/4 2380/59/4 2378/58/4
f 2381/64/20 2376/65/20 2374/63/20 2380/62/20
f 2381/68/21 2379/69/21 2377/67/21 2376/66/21
f 2374/72/22 2375/73/22 2378/71/22 2380/70/22
f 2388/36/1 2389/37/1 2387/35/1 2386/34/1
f 2389/40/2 2391/41/2 2390/39/2 2387/38/2
f 2391/44/3 2393/45/3 2392/43/3 2390/42/3
f 2393/48/4 2388/49/4 2386/47/4 2392/46/4
f 2393/19/5 2391/20/5 2389/18/5 2388/17/5
f 2386/23/6 2387/24/6 2390/22/6 2392/21/6
f 2396/52/1 2397/53/1 2395/51/1 2394/50/1
f 2397/56/7 2399/57/7 2398/55/7 2395/54/7
f 2399/60/3 2401/61/3 2400/59/3 2398/58/3
f 2401/64/8 2396/65/8 2394/63/8 2400/62/8
f 2401/68/9 2399/69/9 2397/67/9 2396/66/9
f 2394/72/10 2395/73/10 2398/71/10 2400/70/10
f 2404/52/1 2405/53/1 2403/51/1 2402/50/1
f 2405/56/7 2407/57/7 2406/55/7 2403/54/7
f 2407/60/3 2409/61/3 2408/59/3 2406/58/3
f 2409/64/8 2404/65/8 2402/63/8 2408/62/8
f 2409/68/9 2407/69/9 2405/67/9 2404/66/9
f 2402/72/10 2403/73/10 2406/71/10 2408/70/10
f 2412/52/1 2413/53/1 2411/51/1 2410/50/1
f 2413/56/11 2415/57/11 2414/55/11 2411/54/11
f 2415/60/3 2417/61/3 2416/59/3 2414/58/3
f 2417/64/12 2412/65/12 2410/63/12 2416/62/12
f 2417/68/13 2415/69/13 2413/67/13 2412/66/13
f 2410/72/14 2411/73/14 2414/71/14 2416/70/14
f 2420/52/1 2421/53/1 2419/51/1 2418/50/1
f 2421/56/11 2423/57/11 2422/55/11 2419/54/11
f 2423/60/3 2425/61/3 2424/59/3 2422/58/3
f 2425/64/12 2420/65/12 2418/63/12 2424/62/12
f 2425/68/13 2423/69/13 2421/67/13 2420/66/13
f 2418/72/14 2419/73/14 2422/71/14 2424/70/14
f 2428/52/1 2429/53/1 2427/51/1 2426/50/1
f 2429/56/11 2431/57/11 2430/55/11 2427/54/11
f 2431/60/3 2433/61/3 2432/59/3 2430/58/3
f 2433/64/12 2428/65/12 2426/63/12 2432/62/12
f 2433/68/13 2431/69/13 2429/67/13 2428/66/13
f 2426/72/14 2427/73/14 2430/71/14 2432/70/14
f 2435/52/2 2436/53/2 2434/51/2 2389/50/2
f 2436/56/15 2438/57/15 2437/55/15 2434/54/15
f 2438/60/4 2439/61/4 2388/59/4 2437/58/4
f 2439/64/16 2435/65/16 2389/63/16 2388/62/16
f 2439/68/17 2438/69/17 2436/67/17 2435/66/17
f 2389/72/18 2434/73/18 2437/71/18 2388/70/18
f 2442/52/2 2443/53/2 2441/51/2 2440/50/2
f 2443/56/15 2445/57/15 2444/55/15 2441/54/15
f 2445/60/4 2447/61/4 2446/59/4 2444/58/4
f 2447/64/16 2442/65/16 2440/63/16 2446/62/16
f 2447/68/17 2445/69/17 2443/67/17 2442/66/17
f 2440/72/18 2441/73/18 2444/71/18 2446/70/18
f 2450/52/2 2451/53/2 2449/51/2 2448/50/2
f 2451/56/15 2453/57/15 2452/55/15 2449/54/15
f 2453/60/4 2455/61/4 2454/59/4 2452/58/4
f 2455/64/16 2450/65/16 2448/63/16 2454/62/16
f 2455/68/17 2453/69/17 2451/67/17 2450/66/17
f 2448/72/18 2449/73/18 2452/71/18 2454/70/18
f 2458/52/2 2459/53/2 2457/51/2 2456/50/2
f 2459/56/15 2461/57/15 2460/55/15 2457/54/15
f 2461/60/4 2463/61/4 2462/59/4 2460/58/4
f 2463/64/16 2458/65/16 2456/63/16 2462/62/16
f 2463/68/17 2461/69/17 2459/67/17 2458/66/17
f 2456/72/18 2457/73/18 2460/71/18 2462/70/18
f 2466/52/2 2467/53/2 2465/51/2 2464/50/2
f 2467/56/19 2469/57/19 2468/55/19 2465/54/19
f 2469/60/4 2471/61/4 2470/59/4 2468/58/4
f 2471/64/20 2466/65/20 2464/63/20 2470/62/20
f 2471/68/21 2469/69/21 2467/67/21 2466/66/21
f 2464/72/22 2465/73/22 2468/71/22 2470/70/22
f 2474/52/2 2475/53/2 2473/51/2 2472/50/2
f 2475/56/19 2477/57/19 2476/55/19 2473/54/19
f 2477/60/4 2479/61/4 2478/59/4 2476/58/4
f 2479/64/20 2474/65/20 2472/63/20 2478/62/20
f 2479/68/21 2477/69/21 2475/67/21 2474/66/21
f 2472/72/22 2473/73/22 2476/71/22 2478/70/22
f 2482/52/2 2483/53/2 2481/51/2 2480/50/2
f 2483/56/19 2485/57/19 2484/55/19 2481/54/19
f 2485/60/4 2487/61/4 2486/59/4 2484/58/4
f 2487/64/20 2482/65/20 2480/63/20 2486/62/20
f 2487/68/21 2485/69/21 2483/67/21 2482/66/21
f 2480/72/22 2481/73/22 2484/71/22 2486/70/22
f 2494/36/1 2495/37/1 2493/35/1 2492/34/1
f 2495/40/2 2497/41/2 2496/39/2 2493/38/2
f 2497/44/3 2499/45/3 2498/43/3 2496/42/3
f 2499/48/4 2494/49/4 2492/47/4 2498/46/4
f 2499/19/5 2497/20/5 2495/18/5 2494/17/5
f 2492/23/6 2493/24/6 2496/22/6 2498/21/6
f 2502/52/1 2503/53/1 2501/51/1 2500/50/1
f 2503/56/7 2505/57/7 2504/55/7 2501/54/7
f 2505/60/3 2507/61/3 2506/59/3 2504/58/3
f 2507/64/8 2502/65/8 2500/63/8 2506/62/8
f 2507/68/9 2505/69/9 2503/67/9 2502/66/9
f 2500/72/10 2501/73/10 2504/71/10 2506/70/10
f 2510/52/1 2511/53/1 2509/51/1 2508/50/1
f 2511/56/7 2513/57/7 2512/55/7 2509/54/7
f 2513/60/3 2515/61/3 2514/59/3 2512/58/3
f 2515/64/8 2510/65/8 2508/63/8 2514/62/8
f 2515/68/9 2513/69/9 2511/67/9 2510/66/9
f 2508/72/10 2509/73/10 2512/71/10 2514/70/10
f 2518/52/1 2519/53/1 2517/51/1 2516/50/1
f 2519/56/11 2521/57/11 2520/55/11 2517/54/11
f 2521/60/3 2523/61/3 2522/59/3 2520/58/3
f 2523/64/12 2518/65/12 2516/63/12 2522/62/12
f 2523/68/13 2521/69/13 2519/67/13 2518/66/13
f 2516/72/14 2517/73/14 2520/71/14 2522/70/14
f 2526/52/1 2527/53/1 2525/51/1 2524/50/1
f 2527/56/11 2529/57/11 2528/55/11 2525/54/11
f 2529/60/3 2531/61/3 2530/59/3 2528/58/3
f 2531/64/12 2526/65/12 2524/63/12 2530/62/12
f 2531/68/13 2529/69/13 2527/67/13 2526/66/13
f 2524/72/14 2525/73/14 2528/71/14 2530/70/14
f 2534/52/1 2535/53/1 2533/51/1 2532/50/1
f 2535/56/11 2537/57/11 2536/55/11 2533/54/11
f 2537/60/3 2539/61/3 2538/59/3 2536/58/3
f 2539/64/12 2534/65/12 2532/63/12 2538/62/12
f 2539/68/13 2537/69/13 2535/67/13 2534/66/13
f 2532/72/14 2533/73/14 2536/71/14 2538/70/14
f 2541/52/2 2542/53/2 2540/51/2 2495/50/2
f 2542/56/15 2544/57/15 2543/55/15 2540/54/15
f 2544/60/4 2545/61/4 2494/59/4 2543/58/4
f 2545/64/16 2541/65/16 2495/63/16 2494/62/16
f 2545/68/17 2544/69/17 2542/67/17 2541/66/17
f 2495/72/18 2540/73/18 2543/71/18 2494/70/18
f 2548/52/2 2549/53/2 2547/51/2 2546/50/2
f 2549/56/15 2551/57/15 2550/55/15 2547/54/15
f 2551/60/4 2553/61/4 2552/59/4 2550/58/4
f 2553/64/16 2548/65/16 2546/63/16 2552/62/16
f 2553/68/17 2551/69/17 2549/67/17 2548/66/17
f 2546/72/18 2547/73/18 2550/71/18 2552/70/18
f 2556/52/2 2557/53/2 2555/51/2 2554/50/2
f 2557/56/15 2559/57/15 2558/55/15 2555/54/15
f 2559/60/4 2561/61/4 2560/59/4 2558/58/4
f 2561/64/16 2556/65/16 2554/63/16 2560/62/16
f 2561/68/17 2559/69/17 2557/67/17 2556/66/17
f 2554/72/18 2555/73/18 2558/71/18 2560/70/18
f 2564/52/2 2565/53/2 2563/51/2 2562/50/2
f 2565/56/15 2567/57/15 2566/55/15 2563/54/15
f 2567/60/4 2569/61/4 2568/59/4 2566/58/4
f 2569/64/16 2564/65/16 2562/63/16 2568/62/16
f 2569/68/17 2567/69/17 2565/67/17 2564/66/17
f 2562/72/18 2563/73/18 2566/71/18 2568/70/18
f 2572/52/2 2573/53/2 2571/51/2 2570/50/2
f 2573/56/19 2575/57/19 2574/55/19 2571/54/19
f 2575/60/4 2577/61/4 2576/59/4 2574/58/4
f 2577/64/20 2572/65/20 2570/63/20 2576/62/20
f 2577/68/21 2575/69/21 2573/67/21 2572/66/21
f 2570/72/22 2571/73/22 2574/71/22 2576/70/22
f 2580/52/2 2581/53/2 2579/51/2 2578/50/2
f 2581/56/19 2583/57/19 2582/55/19 2579/54/19
f 2583/60/4 2585/61/4 2584/59/4 2582/58/4
f 2585/64/20 2580/65/20 2578/63/20 2584/62/20
f 2585/68/21 2583/69/21 2581/67/21 2580/66/21
f 2578/72/22 2579/73/22 2582/71/22 2584/70/22
f 2588/52/2 2589/53/2 2587/51/2 2586/50/2
f 2589/56/19 2591/57/19 2590/55/19 2587/54/19
f 2591/60/4 2593/61/4 2592/59/4 2590/58/4
f 2593/64/20 2588/65/20 2586/63/20 2592/62/20
f 2593/68/21 2591/69/21 2589/67/21 2588/66/21
f 2586/72/22 2587/73/22 2590/71/22 2592/70/22
f 2600/36/1 2601/37/1 2599/35/1 2598/34/1
f 2601/40/2 2603/41/2 2602/39/2 2599/38/2
f 2603/44/3 2605/45/3 2604/43/3 2602/42/3
f 2605/48/4 2600/49/4 2598/47/4 2604/46/4
f 2605/19/5 2603/20/5 2601/18/5 2600/17/5
f 2598/23/6 2599/24/6 2602/22/6 2604/21/6
f 2608/52/1 2609/53/1 2607/51/1 2606/50/1
f 2609/56/7 2611/57/7 2610/55/7 2607/54/7
f 2611/60/3 2613/61/3 2612/59/3 2610/58/3
f 2613/64/8 2608/65/8 2606/63/8 2612/62/8
f 2613/68/9 2611/69/9 2609/67/9 2608/66/9
f 2606/72/10 2607/73/10 2610/71/10 2612/70/10
f 2616/52/1 2617/53/1 2615/51/1 2614/50/1
f 2617/56/7 2619/57/7 2618/55/7 2615/54/7
f 2619/60/3 2621/61/3 2620/59/3 2618/58/3
f 2621/64/8 2616/65/8 2614/63/8 2620/62/8
f 2621/68/9 2619/69/9 2617/67/9 2616/66/9
f 2614/72/10 2615/73/10 2618/71/10 2620/70/10
f 2623/52/1 2624/53/1 2601/51/1 2622/50/1
f 2624/56/11 2625/57/11 2603/55/11 2601/54/11
f 2625/60/3 2627/61/3 2626/59/3 2603/58/3
f 2627/64/12 2623/65/12 2622/63/12 2626/62/12
f 2627/68/13 2625/69/13 2624/67/13 2623/66/13
f 2622/72/14 2601/73/14 2603/71/14 2626/70/14
f 2630/52/1 2631/53/1 2629/51/1 2628/50/1
f 2631/56/11 2633/57/11 2632/55/11 2629/54/11
f 2633/60/3 2635/61/3 2634/59/3 2632/58/3
f 2635/64/12 2630/65/12 2628/63/12 2634/62/12
f 2635/68/13 2633/69/13 2631/67/13 2630/66/13
f 2628/72/14 2629/73/14 2632/71/14 2634/70/14
f 2638/52/1 2639/53/1 2637/51/1 2636/50/1
f 2639/56/11 2641/57/11 2640/55/11 2637/54/11
f 2641/60/3 2643/61/3 2642/59/3 2640/58/3
f 2643/64/12 2638/65/12 2636/63/12 2642/62/12
f 2643/68/13 2641/69/13 2639/67/13 2638/66/13
f 2636/72/14 2637/73/14 2640/71/14 2642/70/14
f 2645/52/2 2646/53/2 2644/51/2 2601/50/2
f 2646/56/15 2648/57/15 2647/55/15 2644/54/15
f 2648/60/4 2649/61/4 2600/59/4 2647/58/4
f 2649/64/16 2645/65/16 2601/63/16 2600/62/16
f 2649/68/17 2648/69/17 2646/67/17 2645/66/17
f 2601/72/18 2644/73/18 2647/71/18 2600/70/18
f 2652/52/2 2653/53/2 2651/51/2 2650/50/2
f 2653/56/15 2655/57/15 2654/55/15 2651/54/15
f 2655/60/4 2657/61/4 2656/59/4 2654/58/4
f 2657/64/16 2652/65/16 2650/63/16 2656/62/16
f 2657/68/17 2655/69/17 2653/67/17 2652/66/17
f 2650/72/18 2651/73/18 2654/71/18 2656/70/18
f 2660/52/2 2661/53/2 2659/51/2 2658/50/2
f 2661/56/15 2663/57/15 2662/55/15 2659/54/15
f 2663/60/4 2665/61/4 2664/59/4 2662/58/4
f 2665/64/16 2660/65/16 2658/63/16 2664/62/16
f 2665/68/17 2663/69/17 2661/67/17 2660/66/17
f 2658/72/18 2659/73/18 2662/71/18 2664/70/18
f 2668/52/2 2669/53/2 2667/51/2 2666/50/2
f 2669/56/15 2671/57/15 2670/55/15 2667/54/15
f 2671/60/4 2673/61/4 2672/59/4 2670/58/4
f 2673/64/16 2668/65/16 2666/63/16 2672/62/16
f 2673/68/17 2671/69/17 2669/67/17 2668/66/17
f 2666/72/18 2667/73/18 2670/71/18 2672/70/18
f 2676/52/2 2677/53/2 2675/51/2 2674/50/2
f 2677/56/19 2679/57/19 2678/55/19 2675/54/19
f 2679/60/4 2681/61/4 2680/59/4 2678/58/4
f 2681/64/20 2676/65/20 2674/63/20 2680/62/20
f 2681/68/21 2679/69/21 2677/67/21 2676/66/21
f 2674/72/22 2675/73/22 2678/71/22 2680/70/22
f 2684/52/2 2685/53/2 2683/51/2 2682/50/2
f 2685/56/19 2687/57/19 2686/55/19 2683/54/19
f 2687/60/4 2689/61/4 2688/59/4 2686/58/4
f 2689/64/20 2684/65/20 2682/63/20 2688/62/20
f 2689/68/21 2687/69/21 2685/67/21 2684/66/21
f 2682/72/22 2683/73/22 2686/71/22 2688/70/22
f 2692/52/2 2693/53/2 2691/51/2 2690/50/2
f 2693/56/19 2695/57/19 2694/55/19 2691/54/19
f 2695/60/4 2697/61/4 2696/59/4 2694/58/4
f 2697/64/20 2692/65/20 2690/63/20 2696/62/20
f 2697/68/21 2695/69/21 2693/67/21 2692/66/21
f 2690/72/22 2691/73/22 2694/71/22 2696/70/22
f 2704/36/1 2705/37/1 2703/35/1 2702/34/1
f 2705/40/2 2707/41/2 2706/39/2 2703/38/2
f 2707/44/3 2709/45/3 2708/43/3 2706/42/3
f 2709/48/4 2704/49/4 2702/47/4 2708/46/4
f 2709/19/5 2707/20/5 2705/18/5 2704/17/5
f 2702/23/6 2703/24/6 2706/22/6 2708/21/6
f 2712/52/1 2713/53/1 2711/51/1 2710/50/1
f 2713/56/7 2715/57/7 2714/55/7 2711/54/7
f 2715/60/3 2717/61/3 2716/59/3 2714/58/3
f 2717/64/8 2712/65/8 2710/63/8 2716/62/8
f 2717/68/9 2715/69/9 2713/67/9 2712/66/9
f 2710/72/10 2711/73/10 2714/71/10 2716/70/10
f 2720/52/1 2721/53/1 2719/51/1 2718/50/1
f 2721/56/7 2723/57/7 2722/55/7 2719/54/7
f 2723/60/3 2725/61/3 2724/59/3 2722/58/3
f 2725/64/8 2720/65/8 2718/63/8 2724/62/8
f 2725/68/9 2723/69/9 2721/67/9 2720/66/9
f 2718/72/10 2719/73/10 2722/71/10 2724/70/10
f 2727/52/1 2728/53/1 2705/51/1 2726/50/1
f 2728/56/11 2729/57/11 2707/55/11 2705/54/11
f 2729/60/3 2731/61/3 2730/59/3 2707/58/3
f 2731/64/12 2727/65/12 2726/63/12 2730/62/12
f 2731/68/13 2729/69/13 2728/67/13 2727/66/13
f 2726/72/14 2705/73/14 2707/71/14 2730/70/14
f 2734/52/1 2735/53/1 2733/51/1 2732/50/1
f 2735/56/11 2737/57/11 2736/55/11 2733/54/11
f 2737/60/3 2739/61/3 2738/59/3 2736/58/3
f 2739/64/12 2734/65/12 2732/63/12 2738/62/12
f 2739/68/13 2737/69/13 2735/67/13 2734/66/13
f 2732/72/14 2733/73/14 2736/71/14 2738/70/14
f 2742/52/1 2743/53/1 2741/51/1 2740/50/1
f 2743/56/11 2745/57/11 2744/55/11 2741/54/11
f 2745/60/3 2747/61/3 2746/59/3 2744/58/3
f 2747/64/12 2742/65/12 2740/63/12 2746/62/12
f 2747/68/13 2745/69/13 2743/67/13 2742/66/13
f 2740/72/14 2741/73/14 2744/71/14 2746/70/14
f 2749/52/2 2750/53/2 2748/51/2 2705/50/2
f 2750/56/15 2752/57/15 2751/55/15 2748/54/15
f 2752/60/4 2753/61/4 2704/59/4 2751/58/4
f 2753/64/16 2749/65/16 2705/63/16 2704/62/16
f 2753/68/17 2752/69/17 2750/67/17 2749/66/17
f 2705/72/18 2748/73/18 2751/71/18 2704/70/18
f 2756/52/2 2757/53/2 2755/51/2 2754/50/2
f 2757/56/15 2759/57/15 2758/55/15 2755/54/15
f 2759/60/4 2761/61/4 2760/59/4 2758/58/4
f 2761/64/16 2756/65/16 2754/63/16 2760/62/16
f 2761/68/17 2759/69/17 2757/67/17 2756/66/17
f 2754/72/18 2755/73/18 2758/71/18 2760/70/18
f 2764/52/2 2765/53/2 2763/51/2 2762/50/2
f 2765/56/15 2767/57/15 2766/55/15 2763/54/15
f 2767/60/4 2769/61/4 2768/59/4 2766/58/4
f 2769/64/16 2764/65/16 2762/63/16 2768/62/16
f 2769/68/17 2767/69/17 2765/67/17 2764/66/17
f 2762/72/18 2763/73/18 2766/71/18 2768/70/18
f 2772/52/2 2773/53/2 2771/51/2 2770/50/2
f 2773/56/15 2775/57/15 2774/55/15 2771/54/15
f 2775/60/4 2777/61/4 2776/59/4 2774/58/4
f 2777/64/16 2772/65/16 2770/63/16 2776/62/16
f 2777/68/17 2775/69/17 2773/67/17 2772/66/17
f 2770/72/18 2771/73/18 2774/71/18 2776/70/18
f 2780/52/2 2781/53/2 2779/51/2 2778/50/2
f 2781/56/19 2783/57/19 2782/55/19 2779/54/19
f 2783/60/4 2785/61/4 2784/59/4 2782/58/4
f 2785/64/20 2780/65/20 2778/63/20 2784/62/20
f 2785/68/21 2783/69/21 2781/67/21 2780/66/21
f 2778/72/22 2779/73/22 2782/71/22 2784/70/22
f 2788/52/2 2789/53/2 2787/51/2 2786/50/2
f 2789/56/19 2791/57/19 2790/55/19 2787/54/19
f 2791/60/4 2793/61/4 2792/59/4 2790/58/4
f 2793/64/20 2788/65/20 2786/63/20 2792/62/20
f 2793/68/21 2791/69/21 2789/67/21 2788/66/21
f 2786/72/22 2787/73/22 2790/71/22 2792/70/22
f 2796/52/2 2797/53/2 2795/51/2 2794/50/2
f 2797/56/19 2799/57/19 2798/55/19 2795/54/19
f 2799/60/4 2801/61/4 2800/59/4 2798/58/4
f 2801/64/20 2796/65/20 2794/63/20 2800/62/20
f 2801/68/21 2799/69/21 2797/67/21 2796/66/21
f 2794/72/22 2795/73/22 2798/71/22 2800/70/22
f 2808/36/1 2809/37/1 2807/35/1 2806/34/1
f 2809/40/2 2811/41/2 2810/39/2 2807/38/2
f 2811/44/3 2813/45/3 2812/43/3 2810/42/3
f 2813/48/4 2808/49/4 2806/47/4 2812/46/4
f 2813/19/5 2811/20/5 2809/18/5 2808/17/5
f 2806/23/6 2807/24/6 2810/22/6 2812/21/6
f 2816/52/1 2817/53/1 2815/51/1 2814/50/1
f 2817/56/7 2819/57/7 2818/55/7 2815/54/7
f 2819/60/3 2821/61/3 2820/59/3 2818/58/3
f 2821/64/8 2816/65/8 2814/63/8 2820/62/8
f 2821/68/9 2819/69/9 2817/67/9 2816/66/9
f 2814/72/10 2815/73/10 2818/71/10 2820/70/10
f 2824/52/1 2825/53/1 2823/51/1 2822/50/1
f 2825/56/7 2827/57/7 2826/55/7 2823/54/7
f 2827/60/3 2829/61/3 2828/59/3 2826/58/3
f 2829/64/8 2824/65/8 2822/63/8 2828/62/8
f 2829/68/9 2827/69/9 2825/67/9 2824/66/9
f 2822/72/10 2823/73/10 2826/71/10 2828/70/10
f 2831/52/1 2832/53/1 2809/51/1 2830/50/1
f 2832/56/11 2833/57/11 2811/55/11 2809/54/11
f 2833/60/3 2835/61/3 2834/59/3 2811/58/3
f 2835/64/12 2831/65/12 2830/63/12 2834/62/12
f 2835/68/13 2833/69/13 2832/67/13 2831/66/13
f 2830/72/14 2809/73/14 2811/71/14 2834/70/14
f 2838/52/1 2839/53/1 2837/51/1 2836/50/1
f 2839/56/11 2841/57/11 2840/55/11 2837/54/11
f 2841/60/3 2843/61/3 2842/59/3 2840/58/3
f 2843/64/12 2838/65/12 2836/63/12 2842/62/12
f 2843/68/13 2841/69/13 2839/67/13 2838/66/13
f 2836/72/14 2837/73/14 2840/71/14 2842/70/14
f 2846/52/1 2847/53/1 2845/51/1 2844/50/1
f 2847/56/11 2849/57/11 2848/55/11 2845/54/11
f 2849/60/3 2851/61/3 2850/59/3 2848/58/3
f 2851/64/12 2846/65/12 2844/63/12 2850/62/12
f 2851/68/13 2849/69/13 2847/67/13 2846/66/13
f 2844/72/14 2845/73/14 2848/71/14 2850/70/14
f 2853/52/2 2854/53/2 2852/51/2 2809/50/2
f 2854/56/15 2856/57/15 2855/55/15 2852/54/15
f 2856/60/4 2857/61/4 2808/59/4 2855/58/4
f 2857/64/16 2853/65/16 2809/63/16 2808/62/16
f 2857/68/17 2856/69/17 2854/67/17 2853/66/17
f 2809/72/18 2852/73/18 2855/71/18 2808/70/18
f 2860/52/2 2861/53/2 2859/51/2 2858/50/2
f 2861/56/15 2863/57/15 2862/55/15 2859/54/15
f 2863/60/4 2865/61/4 2864/59/4 2862/58/4
f 2865/64/16 2860/65/16 2858/63/16 2864/62/16
f 2865/68/17 2863/69/17 2861/67/17 2860/66/17
f 2858/72/18 2859/73/18 2862/71/18 2864/70/18
f 2868/52/2 2869/53/2 2867/51/2 2866/50/2
f 2869/56/15 2871/57/15 2870/55/15 2867/54/15
f 2871/60/4 2873/61/4 2872/59/4 2870/58/4
f 2873/64/16 2868/65/16 2866/63/16 2872/62/16
f 2873/68/17 2871/69/17 2869/67/17 2868/66/17
f 2866/72/18 2867/73/18 2870/71/18 2872/70/18
f 2876/52/2 2877/53/2 2875/51/2 2874/50/2
f 2877/56/15 2879/57/15 2878/55/15 2875/54/15
f 2879/60/4 2881/61/4 2880/59/4 2878/58/4
f 2881/64/16 2876/65/16 2874/63/16 2880/62/16
f 2881/68/17 2879/69/17 2877/67/17 2876/66/17
f 2874/72/18 2875/73/18 2878/71/18 2880/70/18
f 2884/52/2 2885/53/2 2883/51/2 2882/50/2
f 2885/56/19 2887/57/19 2886/55/19 2883/54/19
f 2887/60/4 2889/61/4 2888/59/4 2886/58/4
f 2889/64/20 2884/65/20 2882/63/20 2888/62/20
f 2889/68/21 2887/69/21 2885/67/21 2884/66/21
f 2882/72/22 2883/73/22 2886/71/22 2888/70/22
f 2892/52/2 2893/53/2 2891/51/2 2890/50/2
f 2893/56/19 2895/57/19 2894/55/19 2891/54/19
f 2895/60/4 2897/61/4 2896/59/4 2894/58/4
f 2897/64/20 2892/65/20 2890/63/20 2896/62/20
f 2897/68/21 2895/69/21 2893/67/21 2892/66/21
f 2890/72/22 2891/73/22 2894/71/22 2896/70/22
f 2900/52/2 2901/53/2 2899/51/2 2898/50/2
f 2901/56/19 2903/57/19 2902/55/19 2899/54/19
f 2903/60/4 2905/61/4 2904/59/4 2902/58/4
f 2905/64/20 2900/65/20 2898/63/20 2904/62/20
f 2905/68/21 2903/69/21 2901/67/21 2900/66/21
f 2898/72/22 2899/73/22 2902/71/22 2904/70/22
f 2912/36/1 2913/37/1 2911/35/1 2910/34/1
f 2913/40/2 2915/41/2 2914/39/2 2911/38/2
f 2915/44/3 2917/45/3 2916/43/3 2914/42/3
f 2917/48/4 2912/49/4 2910/47/4 2916/46/4
f 2917/19/5 2915/20/5 2913/18/5 2912/17/5
f 2910/23/6 2911/24/6 2914/22/6 2916/21/6
f 2920/52/1 2921/53/1 2919/51/1 2918/50/1
f 2921/56/7 2923/57/7 2922/55/7 2919/54/7
f 2923/60/3 2925/61/3 2924/59/3 2922/58/3
f 2925/64/8 2920/65/8 2918/63/8 2924/62/8
f 2925/68/9 2923/69/9 2921/67/9 2920/66/9
f 2918/72/10 2919/73/10 2922/71/10 2924/70/10
f 2928/52/1 2929/53/1 2927/51/1 2926/50/1
f 2929/56/7 2931/57/7 2930/55/7 2927/54/7
f 2931/60/3 2933/61/3 2932/59/3 2930/58/3
f 2933/64/8 2928/65/8 2926/63/8 2932/62/8
f 2933/68/9 2931/69/9 2929/67/9 2928/66/9
f 2926/72/10 2927/73/10 2930/71/10 2932/70/10
f 2935/52/1 2936/53/1 2913/51/1 2934/50/1
f 2936/56/11 2937/57/11 2915/55/11 2913/54/11
f 2937/60/3 2939/61/3 2938/59/3 2915/58/3
f 2939/64/12 2935/65/12 2934/63/12 2938/62/12
f 2939/68/13 2937/69/13 2936/67/13 2935/66/13
f 2934/72/14 2913/73/14 2915/71/14 2938/70/14
f 2942/52/1 2943/53/1 2941/51/1 2940/50/1
f 2943/56/11 2945/57/11 2944/55/11 2941/54/11
f 2945/60/3 2947/61/3 2946/59/3 2944/58/3
f 2947/64/12 2942/65/12 2940/63/12 2946/62/12
f 2947/68/13 2945/69/13 2943/67/13 2942/66/13
f 2940/72/14 2941/73/14 2944/71/14 2946/70/14
f 2950/52/1 2951/53/1 2949/51/1 2948/50/1
f 2951/56/11 2953/57/11 2952/55/11 2949/54/11
f 2953/60/3 2955/61/3 2954/59/3 2952/58/3
f 2955/64/12 2950/65/12 2948/63/12 2954/62/12
f 2955/68/13 2953/69/13 2951/67/13 2950/66/13
f 2948/72/14 2949/73/14 2952/71/14 2954/70/14
f 2957/52/2 2958/53/2 2956/51/2 2913/50/2
f 2958/56/15 2960/57/15 2959/55/15 2956/54/15
f 2960/60/4 2961/61/4 2912/59/4 2959/58/4
f 2961/64/16 2957/65/16 2913/63/16 2912/62/16
f 2961/68/17 2960/69/17 2958/67/17 2957/66/17
f 2913/72/18 2956/73/18 2959/71/18 2912/70/18
f 2964/52/2 2965/53/2 2963/51/2 2962/50/2
f 2965/56/15 2967/57/15 2966/55/15 2963/54/15
f 2967/60/4 2969/61/4 2968/59/4 2966/58/4
f 2969/64/16 2964/65/16 2962/63/16 2968/62/16
f 2969/68/17 2967/69/17 2965/67/17 2964/66/17
f 2962/72/18 2963/73/18 2966/71/18 2968/70/18
f 2972/52/2 2973/53/2 2971/51/2 2970/50/2
f 2973/56/15 2975/57/15 2974/55/15 2971/54/15
f 2975/60/4 2977/61/4 2976/59/4 2974/58/4
f 2977/64/16 2972/65/16 2970/63/16 2976/62/16
f 2977/68/17 2975/69/17 2973/67/17 2972/66/17
f 2970/72/18 2971/73/18 2974/71/18 2976/70/18
f 2980/52/2 2981/53/2 2979/51/2 2978/50/2
f 2981/56/15 2983/57/15 2982/55/15 2979/54/15
f 2983/60/4 2985/61/4 2984/59/4 2982/58/4
f 2985/64/16 2980/65/16 2978/63/16 2984/62/16
f 2985/68/17 2983/69/17 2981/67/17 2980/66/17
f 2978/72/18 2979/73/18 2982/71/18 2984/70/18
f 2988/52/2 2989/53/2 2987/51/2 2986/50/2
f 2989/56/19 2991/57/19 2990/55/19 2987/54/19
f 2991/60/4 2993/61/4 2992/59/4 2990/58/4
f 2993/64/20 2988/65/20 2986/63/20 2992/62/20
f 2993/68/21 2991/69/21 2989/67/21 2988/66/21
f 2986/72/22 2987/73/22 2990/71/22 2992/70/22
f 2996/52/2 2997/53/2 2995/51/2 2994/50/2
f 2997/56/19 2999/57/19 2998/55/19 2995/54/19
f 2999/60/4 3001/61/4 3000/59/4 2998/58/4
f 3001/64/20 2996/65/20 2994/63/20 3000/62/20
f 3001/68/21 2999/69/21 2997/67/21 2996/66/21
f 2994/72/22 2995/73/22 2998/71/22 3000/70/22
f 3004/52/2 3005/53/2 3003/51/2 3002/50/2
f 3005/56/19 3007/57/19 3006/55/19 3003/54/19
f 3007/60/4 3009/61/4 3008/59/4 3006/58/4
f 3009/64/20 3004/65/20 3002/63/20 3008/62/20
f 3009/68/21 3007/69/21 3005/67/21 3004/66/21
f 3002/72/22 3003/73/22 3006/71/22 3008/70/22
f 3016/36/1 3017/37/1 3015/35/1 3014/34/1
f 3017/40/2 3019/41/2 3018/39/2 3015/38/2
f 3019/44/3 3021/45/3 3020/43/3 3018/42/3
f 3021/48/4 3016/49/4 3014/47/4 3020/46/4
f 3021/19/5 3019/20/5 3017/18/5 3016/17/5
f 3014/23/6 3015/24/6 3018/22/6 3020/21/6
f 3024/52/1 3025/53/1 3023/51/1 3022/50/1
f 3025/56/7 3027/57/7 3026/55/7 3023/54/7
f 3027/60/3 3029/61/3 3028/59/3 3026/58/3
f 3029/64/8 3024/65/8 3022/63/8 3028/62/8
f 3029/68/9 3027/69/9 3025/67/9 3024/66/9
f 3022/72/10 3023/73/10 3026/71/10 3028/70/10
f 3032/52/1 3033/53/1 3031/51/1 3030/50/1
f 3033/56/7 3035/57/7 3034/55/7 3031/54/7
f 3035/60/3 3037/61/3 3036/59/3 3034/58/3
f 3037/64/8 3032/65/8 3030/63/8 3036/62/8
f 3037/68/9 3035/69/9 3033/67/9 3032/66/9
f 3030/72/10 3031/73/10 3034/71/10 3036/70/10
f 3039/52/1 3040/53/1 3017/51/1 3038/50/1
f 3040/56/11 3041/57/11 3019/55/11 3017/54/11
f 3041/60/3 3043/61/3 3042/59/3 3019/58/3
f 3043/64/12 3039/65/12 3038/63/12 3042/62/12
f 3043/68/13 3041/69/13 3040/67/13 3039/66/13
f 3038/72/14 3017/73/14 3019/71/14 3042/70/14
f 3046/52/1 3047/53/1 3045/51/1 3044/50/1
f 3047/56/11 3049/57/11 3048/55/11 3045/54/11
f 3049/60/3 3051/61/3 3050/59/3 3048/58/3
f 3051/64/12 3046/65/12 3044/63/12 3050/62/12
f 3051/68/13 3049/69/13 3047/67/13 3046/66/13
f 3044/72/14 3045/73/14 3048/71/14 3050/70/14
f 3054/52/1 3055/53/1 3053/51/1 3052/50/1
f 3055/56/11 3057/57/11 3056/55/11 3053/54/11
f 3057/60/3 3059/61/3 3058/59/3 3056/58/3
f 3059/64/12 3054/65/12 3052/63/12 3058/62/12
f 3059/68/13 3057/69/13 3055/67/13 3054/66/13
f 3052/72/14 3053/73/14 3056/71/14 3058/70/14
f 3061/52/2 3062/53/2 3060/51/2 3017/50/2
f 3062/56/15 3064/57/15 3063/55/15 3060/54/15
f 3064/60/4 3065/61/4 3016/59/4 3063/58/4
f 3065/64/16 3061/65/16 3017/63/16 3016/62/16
f 3065/68/17 3064/69/17 3062/67/17 3061/66/17
f 3017/72/18 3060/73/18 3063/71/18 3016/70/18
f 3068/52/2 3069/53/2 3067/51/2 3066/50/2
f 3069/56/15 3071/57/15 3070/55/15 3067/54/15
f 3071/60/4 3073/61/4 3072/59/4 3070/58/4
f 3073/64/16 3068/65/16 3066/63/16 3072/62/16
f 3073/68/17 3071/69/17 3069/67/17 3068/66/17
f 3066/72/18 3067/73/18 3070/71/18 3072/70/18
f 3076/52/2 3077/53/2 3075/51/2 3074/50/2
f 3077/56/15 3079/57/15 3078/55/15 3075/54/15
f 3079/60/4 3081/61/4 3080/59/4 3078/58/4
f 3081/64/16 3076/65/16 3074/63/16 3080/62/16
f 3081/68/17 3079/69/17 3077/67/17 3076/66/17
f 3074/72/18 3075/73/18 3078/71/18 3080/70/18
f 3084/52/2 3085/53/2 3083/51/2 3082/50/2
f 3085/56/15 3087/57/15 3086/55/15 3083/54/15
f 3087/60/4 3089/61/4 3088/59/4 3086/58/4
f 3089/64/16 3084/65/16 3082/63/16 3088/62/16
f 3089/68/17 3087/69/17 3085/67/17 3084/66/17
f 3082/72/18 3083/73/18 3086/71/18 3088/70/18
f 3092/52/2 3093/53/2 3091/51/2 3090/50/2
f 3093/56/19 3095/57/19 3094/55/19 3091/54/19
f 3095/60/4 3097/61/4 3096/59/4 3094/58/4
f 3097/64/20 3092/65/20 3090/63/20 3096/62/20
f 3097/68/21 3095/69/21 3093/67/21 3092/66/21
f 3090/72/22 3091/73/22 3094/71/22 3096/70/22
f 3100/52/2 3101/53/2 3099/51/2 3098/50/2
f 3101/56/19 3103/57/19 3102/55/19 3099/54/19
f 3103/60/4 3105/61/4 3104/59/4 3102/58/4
f 3105/64/20 3100/65/20 3098/63/20 3104/62/20
f 3105/68/21 3103/69/21 3101/67/21 3100/66/21
f 3098/72/22 3099/73/22 3102/71/22 3104/70/22
f 3108/52/2 3109/53/2 3107/51/2 3106/50/2
f 3109/56/19 3111/57/19 3110/55/19 3107/54/19
f 3111/60/4 3113/61/4 3112/59/4 3110/58/4
f 3113/64/20 3108/65/20 3106/63/20 3112/62/20
f 3113/68/21 3111/69/21 3109/67/21 3108/66/21
f 3106/72/22 3107/73/22 3110/71/22 3112/70/22
f 1/36/1 2/37/1 3119/35/1 3118/34/1
f 2/40/2 5/41/2 3120/39/2 3119/38/2
f 5/44/3 7/45/3 3121/43/3 3120/42/3
f 7/48/4 1/49/4 3118/47/4 3121/46/4
f 7/19/5 5/20/5 2/18/5 1/17/5
f 3118/23/6 3119/24/6 3120/22/6 3121/21/6
f 3124/52/1 3125/53/1 3123/51/1 3122/50/1
f 3125/56/7 3127/57/7 3126/55/7 3123/54/7
f 3127/60/3 3129/61/3 3128/59/3 3126/58/3
f 3129/64/8 3124/65/8 3122/63/8 3128/62/8
f 3129/68/9 3127/69/9 3125/67/9 3124/66/9
f 3122/72/10 3123/73/10 3126/71/10 3128/70/10
f 3132/52/1 3133/53/1 3131/51/1 3130/50/1
f 3133/56/7 3135/57/7 3134/55/7 3131/54/7
f 3135/60/3 3137/61/3 3136/59/3 3134/58/3
f 3137/64/8 3132/65/8 3130/63/8 3136/62/8
f 3137/68/9 3135/69/9 3133/67/9 3132/66/9
f 3130/72/10 3131/73/10 3134/71/10 3136/70/10
f 3139/52/1 3140/53/1 2/51/1 3138/50/1
f 3140/56/11 3141/57/11 5/55/11 2/54/11
f 3141/60/3 3143/61/3 3142/59/3 5/58/3
f 3143/64/12 3139/65/12 3138/63/12 3142/62/12
f 3143/68/13 3141/69/13 3140/67/13 3139/66/13
f 3138/72/14 2/73/14 5/71/14 3142/70/14
f 3146/52/1 3147/53/1 3145/51/1 3144/50/1
f 3147/56/11 3149/57/11 3148/55/11 3145/54/11
f 3149/60/3 3151/61/3 3150/59/3 3148/58/3
f 3151/64/12 3146/65/12 3144/63/12 3150/62/12
f 3151/68/13 3149/69/13 3147/67/13 3146/66/13
f 3144/72/14 3145/73/14 3148/71/14 3150/70/14
f 3154/52/1 3155/53/1 3153/51/1 3152/50/1
f 3155/56/11 3157/57/11 3156/55/11 3153/54/11
f 3157/60/3 3159/61/3 3158/59/3 3156/58/3
f 3159/64/12 3154/65/12 3152/63/12 3158/62/12
f 3159/68/13 3157/69/13 3155/67/13 3154/66/13
f 3152/72/14 3153/73/14 3156/71/14 3158/70/14
f 3161/52/2 3162/53/2 3160/51/2 2/50/2
f 3162/56/15 3164/57/15 3163/55/15 3160/54/15
f 3164/60/4 3165/61/4 1/59/4 3163/58/4
f 3165/64/16 3161/65/16 2/63/16 1/62/16
f 3165/68/17 3164/69/17 3162/67/17 3161/66/17
f 2/72/18 3160/73/18 3163/71/18 1/70/18
f 3168/52/2 3169/53/2 3167/51/2 3166/50/2
f 3169/56/15 3171/57/15 3170/55/15 3167/54/15
f 3171/60/4 3173/61/4 3172/59/4 3170/58/4
f 3173/64/16 3168/65/16 3166/63/16 3172/62/16
f 3173/68/17 3171/69/17 3169/67/17 3168/66/17
f 3166/72/18 3167/73/18 3170/71/18 3172/70/18
f 3176/52/2 3177/53/2 3175/51/2 3174/50/2
f 3177/56/15 3179/57/15 3178/55/15 3175/54/15
f 3179/60/4 3181/61/4 3180/59/4 3178/58/4
f 3181/64/16 3176/65/16 3174/63/16 3180/62/16
f 3181/68/17 3179/69/17 3177/67/17 3176/66/17
f 3174/72/18 3175/73/18 3178/71/18 3180/70/18
f 3184/52/2 3185/53/2 3183/51/2 3182/50/2
f 3185/56/15 3187/57/15 3186/55/15 3183/54/15
f 3187/60/4 3189/61/4 3188/59/4 3186/58/4
f 3189/64/16 3184/65/16 3182/63/16 3188/62/16
f 3189/68/17 3187/69/17 3185/67/17 3184/66/17
f 3182/72/18 3183/73/18 3186/71/18 3188/70/18
f 3192/52/2 3193/53/2 3191/51/2 3190/50/2
f 3193/56/19 3195/57/19 3194/55/19 3191/54/19
f 3195/60/4 3197/61/4 3196/59/4 3194/58/4
f 3197/64/20 3192/65/20 3190/63/20 3196/62/20
f 3197/68/21 3195/69/21 3193/67/21 3192/66/21
f 3190/72/22 3191/73/22 3194/71/22 3196/70/22
f 3200/52/2 3201/53/2 3199/51/2 3198/50/2
f 3201/56/19 3203/57/19 3202/55/19 3199/54/19
f 3203/60/4 3205/61/4 3204/59/4 3202/58/4
f 3205/64/20 3200/65/20 3198/63/20 3204/62/20
f 3205/68/21 3203/69/21 3201/67/21 3200/66/21
f 3198/72/22 3199/73/22 3202/71/22 3204/70/22
f 3208/52/2 3209/53/2 3207/51/2 3206/50/2
f 3209/56/19 3211/57/19 3210/55/19 3207/54/19
f 3211/60/4 3213/61/4 3212/59/4 3210/58/4
f 3213/64/20 3208/65/20 3206/63/20 3212/62/20
f 3213/68/21 3211/69/21 3209/67/21 3208/66/21
f 3206/72/22 3207/73/22 3210/71/22 3212/70/22

