# ProBuilder 5.2.0
# https://unity3d.com/unity/features/worldbuilding/probuilder
# 11/28/2023 12:46:24 PM

mtllib ./Pipe_(9).mtl
o Pipe (9)

g Pipe (9)
v 0.4360105 -1.790141 -0.6654987
v 0.433331 -1.790141 -0.6754987
v 0.4360105 3.109859 -0.6654987
v 0.433331 3.109859 -0.6754987
v 0.443331 -1.790141 -0.6754987
v 0.4446707 -1.790141 -0.6704987
v 0.443331 3.109859 -0.6754987
v 0.4446707 3.109859 -0.6704987
v 0.443331 -1.790141 -0.6581782
v 0.443331 3.109859 -0.6581782
v 0.448331 -1.790141 -0.6668385
v 0.448331 3.109859 -0.6668385
v 0.453331 -1.790141 -0.6554987
v 0.453331 3.109859 -0.6554987
v 0.453331 -1.790141 -0.6654987
v 0.453331 3.109859 -0.6654987
v 0.463331 -1.790141 -0.6581782
v 0.463331 3.109859 -0.6581782
v 0.458331 -1.790141 -0.6668385
v 0.458331 3.109859 -0.6668385
v 0.4706515 -1.790141 -0.6654987
v 0.4706515 3.109859 -0.6654987
v 0.4619913 -1.790141 -0.6704987
v 0.4619913 3.109859 -0.6704987
v 0.473331 -1.790141 -0.6754987
v 0.473331 3.109859 -0.6754987
v 0.463331 -1.790141 -0.6754987
v 0.463331 3.109859 -0.6754987
v 0.4706515 -1.790141 -0.6854987
v 0.4706515 3.109859 -0.6854987
v 0.4619913 -1.790141 -0.6804987
v 0.4619913 3.109859 -0.6804987
v 0.463331 -1.790141 -0.6928192
v 0.463331 3.109859 -0.6928192
v 0.458331 -1.790141 -0.684159
v 0.458331 3.109859 -0.684159
v 0.453331 -1.790141 -0.6954987
v 0.453331 3.109859 -0.6954987
v 0.453331 -1.790141 -0.6854987
v 0.453331 3.109859 -0.6854987
v 0.443331 -1.790141 -0.6928192
v 0.443331 3.109859 -0.6928192
v 0.448331 -1.790141 -0.684159
v 0.448331 3.109859 -0.684159
v 0.4360105 -1.790141 -0.6854987
v 0.4360105 3.109859 -0.6854987
v 0.4446707 -1.790141 -0.6804987
v 0.4446707 3.109859 -0.6804987
v 0.06369019 -1.962135 -0.5283835
v -0.03630829 -1.962135 -0.6582873
v 0.06369019 3.287865 -0.5283835
v -0.03630829 3.287865 -0.6582873
v 0.2136917 -1.962135 -0.6582873
v 0.1630325 -1.962135 -0.7577991
v 0.2136917 3.287865 -0.6582873
v 0.1630325 3.287865 -0.7577991
v 0.2636871 -1.962135 -0.5283835
v 0.2636871 3.287865 -0.5283835
v 0.1643448 -1.962135 -0.7577991
v 0.1643448 3.287865 -0.7577991
v 0.3636856 -1.962135 -0.6582873
v 0.3636856 3.287865 -0.6582873
v 0.1136856 -1.962135 -0.6582873
v 0.1136856 3.287865 -0.6582873
v 0.2636871 -1.962135 -0.7881911
v 0.2636871 3.287864 -0.7881911
v 0.1643448 -1.962135 -0.5587754
v 0.1643448 3.287865 -0.5587754
v 0.06369019 -1.962135 -0.7881911
v 0.06369019 3.287864 -0.7881911
v 0.1630325 -1.962135 -0.5587754
v 0.1630325 3.287865 -0.5587754
v -0.1021957 0.4819336 -1.718865
v -0.1021957 0.5619354 -1.718865
v -0.1021957 0.4819336 -1.951997
v -0.1021957 0.5619354 -1.951997
v -0.1107101 0.5719376 -1.718865
v -0.1788177 0.5719376 -1.718865
v -0.1107101 0.5719376 -1.951997
v -0.1788177 0.5719376 -1.951997
v -0.1873322 0.5619354 -1.718865
v -0.1873322 0.4819336 -1.718865
v -0.1873322 0.5619354 -1.951997
v -0.1873322 0.4819336 -1.951997
v -0.1788177 0.4719315 -1.718865
v -0.1107101 0.4719315 -1.718865
v -0.1788177 0.4719315 -1.951997
v -0.1107101 0.4719315 -1.951997
v -0.2332611 0.7769928 -1.953559
v -0.2332611 0.2630692 -1.953559
v -0.241745 0.7769928 -1.952817
v -0.241745 0.2630692 -1.952817
v -0.2651062 0.2630692 -2.317501
v -0.2735825 0.2630692 -2.316759
v -0.2651062 0.7769928 -2.317501
v -0.2735825 0.7769928 -2.316759
v -0.2558289 0.7641449 -2.309144
v -0.2558289 0.2759171 -2.309144
v -0.2255783 0.7641449 -1.9634
v -0.2255783 0.2759171 -1.9634
v 0.03113556 0.2627258 -1.95211
v 0.03113556 0.7766495 -1.95211
v 0.03113556 0.2627258 -1.961243
v 0.03113556 0.7766495 -1.961243
v -0.2242661 0.7766495 -1.95211
v -0.2242661 0.7766495 -1.961243
v -0.2242661 0.2627258 -1.95211
v -0.2242661 0.2627258 -1.961243
v 0.02262115 0.2755737 -1.970377
v 0.02262115 0.7638016 -1.970377
v -0.2157516 0.2755737 -1.970377
v -0.2157516 0.7638016 -1.970377
v -0.01706696 0.371933 -1.738576
v -0.01706696 0.671936 -1.738576
v -0.01706696 0.371933 -1.777431
v -0.01706696 0.671936 -1.777431
v -0.2724609 0.671936 -1.738576
v -0.2724609 0.671936 -1.777431
v -0.2724609 0.371933 -1.738576
v -0.2724609 0.371933 -1.777431
v -0.05963135 0.421936 -1.816286
v -0.05963135 0.621933 -1.816286
v -0.2298965 0.421936 -1.816286
v -0.2298965 0.621933 -1.816286
v 0.1182327 -0.6679993 -1.702861
v 0.1182327 1.712006 -1.702861
v 0.1182327 -0.6679993 -1.741717
v 0.1182327 1.712006 -1.741717
v -0.5957031 1.712006 -1.702861
v -0.5957031 1.712006 -1.741717
v -0.5957031 -0.6679993 -1.702861
v -0.5957031 -0.6679993 -1.741717
v -0.119751 -1.063343 -1.588662
v -0.119751 -0.563343 -1.588662
v -0.119751 -1.063343 -1.627517
v -0.119751 -0.563343 -1.627517
v -0.5957031 -0.563343 -1.588662
v -0.5957031 -0.563343 -1.627517
v -0.5957031 -1.063343 -1.588662
v -0.5957031 -1.063343 -1.627517
v -0.238739 -1.459343 -1.497662
v -0.238739 -0.959343 -1.497662
v -0.238739 -1.459343 -1.536517
v -0.238739 -0.959343 -1.536517
v -0.5957031 -0.959343 -1.497662
v -0.5957031 -0.959343 -1.536517
v -0.5957031 -1.459343 -1.497662
v -0.5957031 -1.459343 -1.536517
v -0.5838013 -0.9693413 -1.536517
v -0.5838013 -0.959343 -1.536517
v -0.5838013 -0.9693413 -1.614227
v -0.5838013 -0.959343 -1.614227
v -0.5957031 -0.959343 -1.614227
v -0.5957031 -0.9693413 -1.536517
v -0.5957031 -0.9693413 -1.614227
v -0.238739 -0.9693413 -1.536517
v -0.238739 -0.9693413 -1.614227
v -0.238739 -0.959343 -1.614227
v -0.2506409 -0.959343 -1.536517
v -0.2506409 -0.959343 -1.614227
v -0.2506409 -0.9693413 -1.536517
v -0.2506409 -0.9693413 -1.614227
v -0.5838013 -0.5733452 -1.627517
v -0.5838013 -0.5633469 -1.627517
v -0.5838013 -0.5733452 -1.705227
v -0.5838013 -0.5633469 -1.705227
v -0.5957031 -0.5633469 -1.705227
v -0.5957031 -0.5733452 -1.627517
v -0.5957031 -0.5733452 -1.705227
v -0.1197586 -0.5733452 -1.627517
v -0.1197586 -0.5733452 -1.705227
v -0.1197586 -0.5633469 -1.705227
v -0.1316528 -0.5633469 -1.627517
v -0.1316528 -0.5633469 -1.705227
v -0.1316528 -0.5733452 -1.627517
v -0.1316528 -0.5733452 -1.705227
v -0.2775879 -1.459339 -0.7837243
v -0.2775879 -1.359341 -0.7837243
v -0.238739 -1.459339 -0.7837243
v -0.238739 -1.359341 -0.7837243
v -0.2775879 -1.359341 -1.497662
v -0.238739 -1.359341 -1.497662
v -0.2775879 -1.459339 -1.497662
v 0.2947845 -1.841133 -0.9612869
v 0.2947845 -1.79113 -0.9612869
v 0.6833344 -1.841133 -0.9612869
v 0.6833344 -1.79113 -0.9612869
v 0.2947845 -1.79113 -1.020782
v 0.6833344 -1.79113 -1.020782
v 0.2947845 -1.841133 -1.020782
v 0.6833344 -1.841133 -1.020782
v 0.2947845 3.108864 -0.9612869
v 0.2947845 3.158859 -0.9612869
v 0.6833344 3.108864 -0.9612869
v 0.6833344 3.158859 -0.9612869
v 0.2947845 3.158859 -1.020782
v 0.6833344 3.158859 -1.020782
v 0.2947845 3.108864 -1.020782
v 0.6833344 3.108864 -1.020782
v 0.09059906 -1.841133 -0.6848912
v 0.09059906 -1.79113 -0.6848912
v 0.3403549 -1.841133 -0.9825392
v 0.3403549 -1.79113 -0.9825392
v 0.04502106 -1.79113 -0.7231338
v 0.04502106 -1.841133 -0.7231338
v 0.09059906 3.108864 -0.6848912
v 0.09059906 3.158867 -0.6848912
v 0.3403549 3.108864 -0.9825392
v 0.3403549 3.158867 -0.9825392
v 0.04502106 3.158867 -0.7231338
v 0.04502106 3.108864 -0.7231338
v -0.5957108 -1.459339 -0.7837243
v -0.5957108 -1.359341 -0.7837243
v -0.5568542 -1.459339 -0.7837243
v -0.5568542 -1.359341 -0.7837243
v -0.5957108 -1.359341 -1.497662
v -0.5568542 -1.359341 -1.497662
v -0.5568542 -1.459339 -1.497662
v -2.625641 -0.6633377 -1.971011
v -2.625641 -0.6533356 -1.971011
v -2.625641 -0.6633377 -2.033179
v -2.625641 -0.6533356 -2.033179
v -5.005432 -0.6533356 -1.971011
v -5.005432 -0.6533356 -2.033179
v -5.005432 -0.6633377 -1.971011
v -5.005432 -0.6633377 -2.033179
v -2.625641 1.703667 -1.971011
v -2.625641 1.713661 -1.971011
v -2.625641 1.703667 -2.033179
v -2.625641 1.713661 -2.033179
v -5.005432 1.713661 -1.971011
v -5.005432 1.713661 -2.033179
v -5.005432 1.703667 -1.971011
v -5.005432 1.703667 -2.033179
v -1.697617 -0.6633339 -1.80366
v -1.697617 -0.6533318 -1.80366
v -1.686638 -0.6633339 -1.864851
v -1.686638 -0.6533318 -1.864851
v -2.63456 -0.6533318 -1.971805
v -2.623581 -0.6533318 -2.032996
v -2.63456 -0.6633339 -1.971805
v -2.623581 -0.6633339 -2.032996
v -1.697617 1.703667 -1.80366
v -1.697617 1.713661 -1.80366
v -1.686638 1.703667 -1.864851
v -1.686638 1.713661 -1.864851
v -2.63456 1.713661 -1.971805
v -2.623581 1.713661 -2.032996
v -2.63456 1.703667 -1.971805
v -2.623581 1.703667 -2.032996
v -0.2387314 -1.459339 -1.326667
v -0.2387314 -1.359341 -1.326667
v -0.2387314 -1.459339 -1.365522
v -0.2387314 -1.359341 -1.365522
v -0.5838089 -1.359341 -1.326667
v -0.5838089 -1.359341 -1.365522
v -0.5838089 -1.459339 -1.326667
v -0.5838089 -1.459339 -1.365522
v -0.2387314 -1.459339 -1.160667
v -0.2387314 -1.359341 -1.160667
v -0.2387314 -1.459339 -1.199522
v -0.2387314 -1.359341 -1.199522
v -0.5838089 -1.359341 -1.160667
v -0.5838089 -1.359341 -1.199522
v -0.5838089 -1.459339 -1.160667
v -0.5838089 -1.459339 -1.199522
v -0.2387314 -1.459339 -0.995667
v -0.2387314 -1.359341 -0.995667
v -0.2387314 -1.459339 -1.034522
v -0.2387314 -1.359341 -1.034522
v -0.5838089 -1.359341 -0.995667
v -0.5838089 -1.359341 -1.034522
v -0.5838089 -1.459339 -0.995667
v -0.5838089 -1.459339 -1.034522
v -0.2387314 -1.459339 -0.8216671
v -0.2387314 -1.359341 -0.8216671
v -0.2387314 -1.459339 -0.8605223
v -0.2387314 -1.359341 -0.8605223
v -0.5838089 -1.359341 -0.8216671
v -0.5838089 -1.359341 -0.8605223
v -0.5838089 -1.459339 -0.8216671
v -0.5838089 -1.459339 -0.8605223
v 0.6708298 0.1432343 -1.677953
v 0.6708298 0.9007721 -1.677953
v 0.6708221 0.1432343 -1.720746
v 0.6708221 0.9007721 -1.720746
v 0.5537262 1.272003 -1.656983
v -0.6361847 1.272003 -1.702861
v 0.5537109 1.272003 -1.741717
v -0.6361847 1.272003 -1.741717
v -0.6361847 -0.2279968 -1.702861
v -0.6361847 -0.2279968 -1.741717
v 0.5537262 -0.2279968 -1.656983
v 0.5537109 -0.2279968 -1.741717
v 0.600975 -0.2279968 -1.656983
v 0.600975 1.272003 -1.656983
v 0.6009674 -0.2279968 -1.741716
v 0.6009674 1.272003 -1.741716
v 0.8508453 0.07771301 -2.942254
v 0.8508453 0.9662933 -2.942254
v 0.8508453 0.07771301 -2.979095
v 0.8508453 0.9662933 -2.979095
v 0.791687 1.372002 -2.925433
v -0.8741608 1.372002 -2.925433
v 0.791687 1.372001 -2.995917
v -0.8741608 1.372001 -2.995917
v -0.8741608 -0.3279953 -2.925433
v -0.8741608 -0.3279953 -2.995917
v 0.791687 -0.3279953 -2.925433
v 0.791687 -0.3279953 -2.995917
v -0.6952209 -0.7999077 -3.266744
v -0.6952209 -0.5501518 -2.969096
v -0.6952209 -0.7616043 -3.298883
v -0.6952209 -0.5118484 -3.001235
v -2.718048 -0.5501518 -2.969096
v -2.718048 -0.5118484 -3.001235
v -2.718048 -0.7999077 -3.266744
v -2.718048 -0.7616043 -3.298883
v -0.6951141 1.612007 -2.958278
v -0.6951141 1.861763 -3.255926
v -0.6951141 1.573708 -2.990417
v -0.6951141 1.823463 -3.288065
v -2.717941 1.861763 -3.255926
v -2.717941 1.823463 -3.288065
v -2.717941 1.612007 -2.958278
v -2.717941 1.573708 -2.990417
v -0.582634 -0.4447746 -2.961782
v -0.3328705 -0.4447746 -3.25943
v -0.6152344 -0.4447746 -2.989143
v -0.3654785 -0.4447746 -3.286791
v -0.3328705 1.512009 -3.25943
v -0.3654785 1.512009 -3.286791
v -0.582634 1.512008 -2.961782
v -0.6152344 1.512008 -2.989143
v -3.028687 -0.4611473 -3.25945
v -2.778931 -0.4611473 -2.961802
v -2.996078 -0.4611473 -3.286811
v -2.746323 -0.4611473 -2.989163
v -2.778931 1.495636 -2.961802
v -2.746323 1.495636 -2.989163
v -3.028687 1.495636 -3.25945
v -2.996078 1.495636 -3.286811
v 0.5573654 -0.2279968 -1.739316
v 0.5573654 -0.1779938 -1.739316
v 0.6657257 -0.2279968 -2.97795
v 0.6657257 -0.1779938 -2.97795
v 0.5149612 -0.1779938 -1.743026
v 0.6233215 -0.1779938 -2.98166
v 0.5149612 -0.2279968 -1.743026
v 0.6233215 -0.2279968 -2.98166
v -0.4168167 -0.2279968 -1.741717
v -0.4168167 -0.1779938 -1.741717
v -0.4168167 -0.2279968 -2.985082
v -0.4168167 -0.1779938 -2.985082
v -0.4593887 -0.1779938 -1.741717
v -0.4593887 -0.1779938 -2.985082
v -0.4593887 -0.2279968 -1.741717
v -0.4593887 -0.2279968 -2.985082
v 0.791687 -0.6279984 -2.925433
v 0.791687 -0.6279984 -2.964288
v 0.791687 -0.3279953 -2.964288
v 0.749115 -0.3279953 -2.925433
v 0.749115 -0.3279953 -2.964288
v 0.749115 -0.6279984 -2.925433
v 0.749115 -0.6279984 -2.964288
v 0.791687 1.672005 -2.925433
v 0.791687 1.372002 -2.964288
v 0.791687 1.672005 -2.964288
v 0.749115 1.672005 -2.925433
v 0.749115 1.672005 -2.964288
v 0.749115 1.372002 -2.925433
v 0.749115 1.372002 -2.964288
v 0.791687 -0.5891457 -2.825433
v 0.791687 -0.5891457 -2.925433
v 0.791687 -0.6280022 -2.825433
v 0.791687 -0.6280022 -2.925433
v 0.749115 -0.5891457 -2.925433
v 0.749115 -0.6280022 -2.925433
v 0.749115 -0.5891457 -2.825433
v 0.749115 -0.6280022 -2.825433
v 0.791687 1.672004 -2.825433
v 0.791687 1.633156 -2.825433
v 0.791687 1.633156 -2.925433
v 0.749115 1.633156 -2.925433
v 0.749115 1.672004 -2.825433
v 0.749115 1.633156 -2.825433
v 0.791687 -0.5891533 -2.675433
v 0.791687 -0.6901741 -2.675433
v 0.791687 -0.6901741 -2.825433
v 0.749115 -0.6901741 -2.825433
v 0.749115 -0.5891533 -2.675433
v 0.749115 -0.6901741 -2.675433
v 0.791687 1.734185 -2.675433
v 0.791687 1.734184 -2.825433
v 0.791687 1.633156 -2.675433
v 0.749115 1.734184 -2.825433
v 0.749115 1.734185 -2.675433
v 0.749115 1.633156 -2.675433
v 0.5280914 -0.1779938 -1.741716
v 0.5280914 -0.1279907 -1.741716
v 0.6463776 -0.1779938 -2.985082
v 0.6463776 -0.1279907 -2.985082
v -0.4593887 -0.1279907 -1.741716
v -0.4593887 -0.1279907 -2.985082
v 0.5280914 1.171997 -1.741716
v 0.5280914 1.222 -1.741716
v 0.6463776 1.171997 -2.985082
v 0.6463776 1.222 -2.985082
v -0.4593887 1.222 -1.741716
v -0.4593887 1.222 -2.985082
v -0.4593887 1.171997 -1.741716
v -0.4593887 1.171997 -2.985082
v 0.5383072 1.222008 -1.70167
v 0.4884949 1.222008 -1.706028
v 0.6466751 1.222008 -2.940304
v 0.5968628 1.222008 -2.944662
v 0.4884949 -0.1741714 -1.706028
v 0.5968628 -0.1741714 -2.944662
v 0.5383072 -0.1741714 -1.70167
v 0.6466751 -0.1741714 -2.940304
v -0.07629395 -0.2279968 -1.741716
v -0.07629395 -0.1779938 -1.741716
v -0.07628632 -0.2279968 -1.894969
v -0.07628632 -0.1779938 -1.894969
v -0.4168243 -0.1779938 -2.052558
v -0.4168243 -0.2279968 -2.052558
v -0.07629395 1.222 -1.741716
v -0.07629395 1.272003 -1.741716
v -0.07628632 1.222 -1.894969
v -0.07628632 1.272003 -1.894969
v -0.4168243 1.272003 -1.741716
v -0.4168243 1.272003 -2.052558
v -0.4168243 1.222 -1.741716
v -0.4168243 1.222 -2.052558
v -0.4168167 1.222 -2.985082
v -0.4168167 1.272003 -2.985082
v -0.4593887 1.272003 -1.741717
v -0.4593887 1.272003 -2.985082
v -0.4593887 1.222 -2.985082
v 0.5573654 1.222 -1.739316
v 0.5573654 1.272003 -1.739316
v 0.6657257 1.222 -2.97795
v 0.6657257 1.272003 -2.97795
v 0.5149612 1.272003 -1.743026
v 0.6233215 1.272003 -2.98166
v 0.5149612 1.222 -1.743026
v 0.6233215 1.222 -2.98166
v -5.193748 1.498596 -2.350317
v -5.193748 1.499191 -2.349855
v -5.193748 1.489235 -0.9862151
v -5.193748 -0.1693497 -0.9862151
v -5.193741 -0.1693497 -1.175678
v -5.193741 -0.1693497 -2.350317
v -5.193748 -0.4383774 -0.9862151
v -5.193748 -0.4477463 -2.350317
v -5.193748 -0.4483337 -2.349855
v -5.040184 -0.6325684 -2.478811
v -5.005775 -0.6611481 -0.8571711
v -5.005775 -0.6611481 -2.4566
v -5.040184 -0.6207275 -0.8571711
v -5.040184 1.671585 -0.8571711
v -5.005775 1.712006 -2.4566
v -5.005775 1.712005 -0.8571711
v -5.040184 1.683426 -2.478811
v -5.040184 1.682724 -2.479361
v -5.040184 1.671577 -2.479361
v -5.041069 1.670555 -2.478623
v -5.193748 1.491203 -2.350317
v -5.039436 1.672463 -2.479848
v -5.03463 1.678116 -2.482944
v -5.193748 1.491211 -1.256262
v -5.040184 -0.169342 -0.8571711
v -5.073036 -0.1693497 -0.8847771
v -5.040184 -0.5693436 -0.8571711
v -5.043922 -0.5693436 -0.8603139
v -5.083458 -0.5693436 -0.8935356
v -5.040184 -0.169342 -2.479361
v -5.173683 -0.1693497 -2.36718
v -5.092323 -0.5693436 -2.435542
v -5.040184 -0.6318665 -2.479361
v -5.040184 -0.5693436 -2.479361
v -5.092888 -0.5693436 -2.434557
v -5.092499 -0.5693436 -2.435242
v -5.035591 -0.5693436 -2.482329
v -5.090187 -0.5693359 -1.992833
v -4.955055 0.5254288 -2.53431
v -4.955055 1.612007 -2.53431
v -5.006165 -0.169342 -2.501321
v -4.955055 -0.1693497 -2.53431
v -4.96492 -0.5693512 -2.527943
v -4.955055 -0.5611496 -2.53431
v -2.782516 0.5254288 -2.53431
v -2.782516 -0.1693497 -2.53431
v -2.782516 -0.1693497 -2.659708
v -2.782516 0.5254288 -2.958278
v -2.782516 -0.1693497 -2.958278
v -2.782516 1.512009 -2.53431
v -2.782516 1.512009 -2.958278
v -2.782516 -0.1693497 -2.900426
v -2.782516 -0.4611511 -2.900427
v -2.782516 -0.4611511 -2.958278
v -2.782516 -0.1693497 -2.589585
v -2.782516 -0.4611511 -2.53431
v -2.782516 -0.3325272 -2.589585
v -2.782516 -0.4611511 -2.589585
v -2.867653 1.612007 -2.53431
v -3.620331 -0.1693497 -2.53431
v -2.83696 -0.1693497 -2.53431
v -2.782516 1.612 -2.53431
v -2.867653 -0.5611496 -2.53431
v -2.782516 -0.5611496 -2.53431
v -3.116936 -0.5693436 -2.527942
v -2.96627 -0.5693436 -2.527941
v -2.88662 -0.5693512 -2.52794
v -2.886406 -0.5693436 -2.527947
v -2.782516 -0.6611481 -2.4566
v -2.782516 -0.5693436 -2.527944
v -2.782516 -0.5637436 -2.532294
v -2.782509 -0.5648346 -2.531444
v -2.782516 1.615776 -2.53138
v -2.782516 1.712006 -2.4566
v -2.782516 1.612007 -2.53431
v -4.663918 -0.03163147 -0.8571711
v -4.588928 -0.03163147 -1.133906
v -4.652031 -0.03163147 -0.9876146
v -4.486984 -0.03163147 -1.253456
v -4.351677 -0.03163147 -1.348277
v -3.476479 -0.03163147 -1.135356
v -3.875664 -0.03163147 -1.411456
v -3.580971 -0.03163147 -1.261716
v -3.713806 -0.03163147 -1.354288
v -4.031509 -0.03163147 -1.426963
v -4.211922 -0.03163147 -1.40685
v -3.39209 -0.03163147 -0.8571711
v -3.411369 -0.03163147 -1.001119
v -2.782516 -0.6611481 -1.867582
v -2.782516 -0.6611481 -1.777075
v -3.875664 -0.6611481 -1.411456
v -2.782516 -0.6611481 -1.509201
v -4.031509 -0.6611481 -1.426963
v -4.211922 -0.6611481 -1.406849
v -4.351669 -0.6611481 -1.348277
v -4.486984 -0.6611481 -1.253456
v -4.588928 -0.6611481 -1.133906
v -4.652039 -0.6611481 -0.9876146
v -4.663918 -0.6611481 -0.8571711
v -2.782516 -0.6611481 -1.438873
v -3.713806 -0.6611481 -1.354288
v -2.782516 -0.6611481 -1.417214
v -2.782516 -0.6611481 -1.319066
v -3.580971 -0.6611481 -1.261716
v -2.782516 -0.6611481 -1.290096
v -3.476479 -0.6611481 -1.135356
v -2.782516 -0.6611481 -1.242923
v -2.782516 -0.6611481 -1.127365
v -3.411369 -0.6611481 -1.001119
v -2.782516 -0.6611481 -1.082492
v -2.782516 -0.6611481 -0.9734781
v -3.39209 -0.6611481 -0.8571711
v -2.782516 -0.6611481 -0.9261584
v -2.782516 -0.6611481 -0.8571712
v -4.588928 -0.1693497 -1.133906
v -4.60273 -0.1693573 -1.101902
v -4.652031 -0.1693573 -0.9876146
v -4.588928 -0.5693436 -1.133906
v -4.642838 -0.5693436 -1.008949
v -4.652039 -0.5693436 -0.9876146
v -4.654633 -0.1693573 -0.9590778
v -4.663918 -0.1693573 -0.8571711
v -4.662186 -0.5693436 -0.876194
v -4.66391 -0.5693436 -0.8571711
v -4.663338 -0.5693436 -0.8571711
v -4.486984 -0.1693497 -1.253456
v -4.509285 -0.1693573 -1.227302
v -4.486984 -0.5693436 -1.253456
v -4.574059 -0.5693436 -1.15134
v -4.351669 -0.1693497 -1.348277
v -4.381279 -0.1693573 -1.327533
v -4.351669 -0.5693436 -1.348277
v -4.467255 -0.5693436 -1.267284
v -3.476479 -0.1693497 -1.135356
v -3.499336 -0.1693573 -1.162999
v -3.580971 -0.1693573 -1.261716
v -3.476479 -0.5693436 -1.135356
v -3.565735 -0.5693436 -1.243288
v -3.580971 -0.5693436 -1.261716
v -3.610031 -0.1693573 -1.281968
v -3.713806 -0.1693573 -1.354288
v -3.694427 -0.5693436 -1.340788
v -3.713806 -0.5693436 -1.354288
v -3.749214 -0.1693573 -1.366794
v -3.875664 -0.1693573 -1.411456
v -3.852058 -0.5693436 -1.403119
v -3.875664 -0.5693436 -1.411456
v -3.909752 -0.1693573 -1.414849
v -4.031509 -0.1693573 -1.426963
v -4.008781 -0.5693436 -1.424702
v -4.031509 -0.5693436 -1.426963
v -4.070976 -0.1693573 -1.422563
v -4.211922 -0.1693573 -1.40685
v -4.185616 -0.5693436 -1.409783
v -4.211922 -0.5693436 -1.406849
v -4.2425 -0.1693573 -1.394036
v -4.331291 -0.5693436 -1.356819
v -3.39209 -0.1693497 -0.8571711
v -3.396309 -0.1693573 -0.8886626
v -3.411362 -0.1693573 -1.001119
v -3.39209 -0.5693436 -0.8571711
v -3.408554 -0.5693436 -0.9801269
v -3.411369 -0.5693436 -1.001119
v -3.391533 -0.03163147 -0.8571715
v -3.391548 -0.03300476 -0.8571715
v -3.39209 -0.03300476 -0.8571715
v -3.425613 -0.1693573 -1.030486
v -3.466988 -0.5693436 -1.115779
v -4.65992 -0.03344727 -0.8571711
v -4.65789 -0.03163147 -0.8571711
v -4.659927 -0.03163147 -0.8571708
v -4.660324 -0.0316391 -0.8571708
v -4.66391 -0.03960419 -0.8571711
v -4.660789 -0.1693497 -0.8571711
v -3.390533 -0.03163147 -0.8571715
v -3.246429 -0.03163147 -0.8571715
v -3.246437 -0.05697632 -0.8571715
v -3.39167 -0.1693497 -0.8571715
v -3.246437 -0.1693497 -0.8571715
v -3.246437 -0.5693436 -0.8571711
v -3.246437 -0.5868759 -0.8571711
v -3.246429 -0.6611481 -0.8571711
v -2.782516 -0.03163147 -0.8571713
v -2.782516 -0.133606 -0.8571713
v -2.782516 -0.1693497 -0.8571713
v -3.212067 -0.5693436 -0.8571711
v -2.782516 -0.5693436 -0.8571712
v -2.782516 -0.3503189 -0.8571712
v -4.708321 -0.1081924 -0.8571711
v -4.708321 -0.03163147 -0.8571711
v -4.708321 -0.1693497 -0.8571711
v -4.708321 -0.6563721 -0.8571711
v -4.708321 -0.5693436 -0.8571711
v -4.708321 -0.6611481 -0.8571711
v -4.747917 -0.1693497 -0.8571711
v -5.040184 -0.03163147 -0.8571711
v -5.006912 -0.5693436 -0.8571711
v -3.387474 1.105942 -0.8571711
v -4.66658 1.105942 -0.8571711
v -3.409576 1.105942 -0.9782374
v -3.473114 1.105942 -1.126349
v -3.704369 1.105949 -1.347379
v -3.572075 1.105949 -1.250857
v -4.481834 1.105949 -1.256376
v -4.356865 1.105949 -1.34742
v -4.188698 1.105942 -1.411263
v -4.028542 1.105942 -1.428698
v -3.85463 1.105942 -1.407956
v -4.585693 1.105942 -1.133751
v -4.650795 1.105942 -0.9962537
v -3.409576 1.712005 -0.9782372
v -3.387474 1.712005 -0.8571711
v -3.473114 1.712006 -1.126349
v -3.704369 1.712005 -1.347379
v -3.572075 1.712006 -1.250857
v -4.481827 1.712006 -1.256375
v -4.356865 1.712006 -1.34742
v -4.188698 1.712005 -1.411263
v -4.028542 1.712006 -1.428698
v -3.85463 1.712006 -1.407956
v -4.585693 1.712006 -1.133751
v -4.650795 1.712006 -0.9962537
v -4.66658 1.712005 -0.8571711
v -4.666573 1.10804 -0.8571711
v -4.190697 1.105949 -0.8571713
v -4.716637 1.712005 -0.8571711
v -4.667068 1.10804 -0.8571711
v -4.667053 1.105949 -0.8571711
v -4.716637 1.182907 -0.8571711
v -4.716652 1.105949 -0.8571711
v -4.716637 1.706589 -0.8571711
v -4.819962 1.712005 -0.8571711
v -4.727661 1.712006 -0.966135
v -4.819962 1.338959 -0.8571711
v -4.819954 1.105942 -0.8571711
v -4.819962 1.695404 -0.8571711
v -4.597801 1.712006 -1.171884
v -5.005775 1.712005 -0.8746486
v -5.029762 1.655846 -0.8571711
v -4.91404 1.105942 -0.8571711
v -5.029762 1.624878 -0.8571711
v -5.029778 1.105942 -0.8571711
v -5.029762 1.672706 -0.8571711
v -5.029762 1.683823 -0.8571711
v -4.115471 1.712006 -1.439065
v -3.774254 1.712006 -1.398371
v -3.790779 1.712006 -1.410423
v -3.795135 1.712005 -1.413606
v -3.797058 1.712006 -1.415008
v -3.84211 1.712006 -1.447886
v -4.058846 1.712005 -1.460566
v -3.927719 1.712006 -1.510343
v -4.217918 1.712006 -1.44865
v -4.117241 1.712006 -1.521997
v -4.030403 1.712006 -1.585264
v -4.939774 1.712006 -2.248749
v -5.005775 1.712006 -2.29691
v -4.903481 1.712006 -2.222273
v -4.842766 1.712006 -2.177976
v -4.715286 1.712006 -2.084965
v -4.510201 1.712006 -1.935325
v -5.040184 1.105942 -0.8571711
v -3.505791 1.712006 -1.20249
v -3.527679 1.712006 -1.253532
v -3.566856 1.712005 -1.344841
v -3.572701 1.712006 -1.358472
v -3.598183 1.712006 -1.417861
v -3.604141 1.712006 -1.431743
v -3.606949 1.712006 -1.438296
v -3.620834 1.712006 -1.470664
v -3.924057 1.712006 -2.177464
v -4.043816 1.712006 -2.4566
v -3.436775 1.712006 -1.127219
v -3.437767 1.712006 -1.132686
v -3.460571 1.712006 -1.257577
v -3.476204 1.712006 -1.343169
v -3.480423 1.712006 -1.366246
v -3.490601 1.712006 -1.422016
v -3.494278 1.712006 -1.442176
v -3.496048 1.712006 -1.451881
v -3.501717 1.712006 -1.482924
v -3.613899 1.712006 -2.097429
v -3.679482 1.712006 -2.4566
v -2.782516 1.712006 -0.8571713
v -2.782516 1.712005 -0.9250051
v -2.782516 1.712006 -0.9650071
v -2.782516 1.712006 -1.091624
v -2.782516 1.712006 -1.142884
v -2.782516 1.712006 -1.250174
v -2.782516 1.712005 -1.298443
v -2.782516 1.712006 -1.330367
v -2.782516 1.712006 -1.42504
v -2.782516 1.712006 -1.449365
v -2.782516 1.712006 -1.509767
v -2.782516 1.712006 -1.539286
v -2.782516 1.712006 -1.556953
v -2.782516 1.712006 -1.882891
v -3.353653 1.105942 -0.8571715
v -2.782516 1.171524 -0.8571712
v -2.782516 1.105942 -0.8571712
v -3.384537 1.105942 -0.8571715
v -2.782516 1.378868 -0.8571712
v -2.782516 0.787529 -0.8571712
v -3.384521 1.102402 -0.8571715
v -0.609993 0.5254288 -2.53431
v -0.609993 1.512009 -2.53431
v -0.609993 0.5254288 -2.958278
v -0.609993 1.512009 -2.958278
v -0.609993 -0.4611511 -2.53431
v -0.609993 -0.4611511 -2.958278
v -0.609993 -0.6611481 -0.8571712
v -0.609993 1.712005 -0.8571712
v -0.609993 1.712006 -1.72324
v -0.609993 -0.6611481 -1.727869
v -0.45858 0.5254288 -2.53431
v -0.45858 1.441048 -2.479361
v -0.45858 1.305984 -2.53431
v -0.45858 -0.255127 -2.53431
v -0.45858 -0.3901978 -2.479361
v -0.45858 -0.4133606 -2.4566
v -0.45858 -0.4133606 -1.727869
v -0.45858 1.464218 -1.72324
v -0.45858 1.464218 -2.4566
v -0.609993 1.682724 -2.479361
v -0.4638672 1.278755 -2.53431
v -0.45858 1.270332 -2.53431
v -0.609993 -0.6318665 -2.479361
v -0.609993 -0.6611481 -2.4566
v -0.458786 1.464546 -1.724205
v -0.45858 1.464218 -1.724207
v -0.609993 1.712006 -2.4566
v -1.04097 -0.5611496 -2.53431
v -0.6951218 -0.5611496 -2.53431
v -1.040962 -0.5611496 -2.607541
v -0.6951218 -0.5611496 -2.958278
v -1.040962 -0.5611496 -2.958278
v -2.697388 -0.5611496 -2.900426
v -2.424171 -0.5611496 -2.900427
v -2.697388 -0.5611496 -2.958278
v -1.04097 -0.5611496 -2.900427
v -2.697388 -0.5611496 -2.589585
v -2.697388 -0.5611496 -2.53431
v -1.040962 -0.5611496 -2.589585
v -1.04097 -0.6611481 -2.4566
v -1.04097 -0.6405029 -2.472644
v -2.526337 -0.5693436 -2.527942
v -1.040962 -0.5693436 -2.527942
v -0.609993 -0.561142 -2.502124
v -1.040962 -0.6611481 -2.18264
v -1.040962 -0.6611481 -2.149758
v -1.040962 -0.6611481 -2.082266
v -1.04097 -0.6611481 -1.938438
v -1.04097 -0.6611481 -1.638149
v -1.040962 -0.6611481 -1.524983
v -1.04097 -0.6611481 -1.306693
v -1.04097 -0.6611481 -1.292194
v -0.973732 -0.6611481 -1.14387
v -0.9466171 -0.6611481 -0.9679604
v -0.9686661 -0.6611481 -0.8571712
v -1.04097 -0.6307831 -1.292202
v -1.030533 -0.5611496 -1.269182
v -0.973732 -0.5611496 -1.14387
v -1.04097 -0.5611496 -1.292201
v -0.968071 -0.5611496 -1.107148
v -0.9466171 -0.5611496 -0.9679604
v -0.9512177 -0.5611496 -0.9448329
v -0.9686661 -0.5611496 -0.8571712
v -0.6287842 -0.5611572 -0.8571713
v -0.609993 -0.5611572 -0.8571712
v -0.6861115 -0.5611572 -0.8571712
v -0.9694443 -0.5611572 -0.8571712
v -1.903122 -0.6611481 -1.6346
v -2.104454 -0.6611481 -1.569831
v -2.272751 -0.6611481 -1.451658
v -2.387634 -0.6611481 -1.304132
v -2.464081 -0.6611481 -1.123699
v -2.481369 -0.6611481 -0.9602408
v -2.470383 -0.6611481 -0.8571712
v -1.722725 -0.6611481 -1.664372
v -1.543663 -0.6611481 -1.645644
v -1.34304 -0.6611481 -1.575266
v -1.177246 -0.6611481 -1.460831
v -1.045525 -0.6611481 -1.302242
v -2.387634 -0.5693436 -1.304132
v -2.449432 -0.5693436 -1.158278
v -2.464081 -0.5693436 -1.123698
v -2.478058 -0.5693436 -0.9915669
v -2.481369 -0.5693436 -0.9602408
v -2.472488 -0.5693436 -0.8769243
v -2.470383 -0.5693436 -0.8571712
v -1.177246 -0.5693436 -1.460831
v -1.311272 -0.5693436 -1.553335
v -1.34304 -0.5693436 -1.575266
v -1.505211 -0.5693436 -1.632156
v -1.543663 -0.5693436 -1.645644
v -1.722725 -0.5693436 -1.664372
v -1.868553 -0.5693436 -1.640306
v -1.903122 -0.5693436 -1.6346
v -1.688408 -0.5693436 -1.660783
v -2.272751 -0.5693436 -1.451658
v -2.365616 -0.5693436 -1.332405
v -2.065872 -0.5693436 -1.582244
v -2.104454 -0.5693436 -1.569831
v -2.240501 -0.5693436 -1.474306
v -1.045525 -0.5693436 -1.302242
v -1.152008 -0.5693436 -1.430438
v -1.151993 -0.5693436 -1.430437
v -1.04097 -0.5693436 -1.2922
v -2.468666 -0.5693436 -0.8571712
v -2.448128 -0.5611496 -1.161365
v -2.387634 -0.5611496 -1.304132
v -2.464081 -0.5611496 -1.123699
v -2.47776 -0.5611496 -0.9943631
v -2.481369 -0.5611496 -0.9602408
v -2.472679 -0.5611496 -0.8786876
v -2.470383 -0.5611496 -0.8571713
v -1.308434 -0.5611496 -1.551377
v -1.177246 -0.5611496 -1.460831
v -1.34304 -0.5611496 -1.575266
v -1.501778 -0.5611496 -1.630952
v -1.543663 -0.5611496 -1.645644
v -1.865463 -0.5611496 -1.640815
v -1.722725 -0.5611496 -1.664372
v -1.903122 -0.5611496 -1.6346
v -1.685349 -0.5611496 -1.660463
v -2.363655 -0.5611496 -1.334928
v -2.272751 -0.5611496 -1.451658
v -2.062431 -0.5611496 -1.583352
v -2.104454 -0.5611496 -1.569831
v -2.237617 -0.5611496 -1.476327
v -1.14975 -0.5611496 -1.427725
v -1.045525 -0.5611496 -1.302242
v -2.468513 -0.5611496 -0.8571712
v -2.782524 -0.5611496 -0.8571712
v -0.6951218 1.612007 -2.53431
v -1.040962 1.612007 -2.53431
v -1.04097 1.612007 -2.885047
v -1.04097 1.612007 -2.958278
v -2.697388 1.612007 -2.53431
v -2.697388 1.612007 -2.958278
v -1.04097 1.692917 -2.471435
v -1.04097 1.712006 -2.4566
v -1.04097 1.691361 -2.472645
v -0.609993 1.612 -2.502124
v -0.9621353 1.712005 -0.8571712
v -0.9499741 1.712005 -0.9537097
v -0.9660797 1.712006 -1.12694
v -1.04097 1.712006 -1.325241
v -1.04097 1.712006 -1.291968
v -1.04097 1.712006 -1.502264
v -1.040962 1.712013 -1.625498
v -1.040962 1.712013 -1.913696
v -1.04097 1.712006 -2.060591
v -1.040962 1.712006 -2.146653
v -1.040962 1.712006 -2.182754
v -1.051613 1.712005 -1.315416
v -1.15757 1.712005 -1.442479
v -1.319984 1.712013 -1.56222
v -1.5037 1.712006 -1.635409
v -1.711617 1.712006 -1.664349
v -1.879593 1.712006 -1.649892
v -2.472397 1.712005 -0.8571712
v -2.482269 1.712006 -0.958672
v -2.45578 1.712006 -1.150707
v -2.376999 1.712006 -1.322884
v -2.249321 1.712006 -1.469959
v -2.086349 1.712006 -1.575877
v -1.920799 1.612 -1.635139
v -2.086349 1.612007 -1.575877
v -1.879593 1.612 -1.649892
v -1.920799 1.612007 -1.635139
v -1.745094 1.612 -1.661467
v -1.711609 1.612 -1.664349
v -1.545143 1.612 -1.641177
v -1.711617 1.612007 -1.664349
v -1.5037 1.612 -1.635409
v -1.545143 1.612007 -1.641177
v -1.356613 1.612007 -1.576809
v -1.319984 1.612 -1.56222
v -2.27478 1.612 -1.440642
v -2.376999 1.612 -1.322884
v -2.249321 1.612 -1.469959
v -2.118835 1.612 -1.554765
v -2.086349 1.612 -1.575877
v -2.3927 1.611999 -1.288564
v -2.455788 1.612 -1.150707
v -0.9831238 1.611999 -1.164508
v -1.040962 1.612 -1.29197
v -0.9660797 1.612 -1.12694
v -1.051613 1.611999 -1.315416
v -0.9531937 1.612 -0.9882395
v -0.9499817 1.611999 -0.9537097
v -0.9597092 1.612 -0.8764142
v -0.9621277 1.612 -0.8571713
v -1.072731 1.612 -1.340743
v -1.15757 1.611999 -1.442479
v -1.189949 1.612 -1.466347
v -1.319992 1.612007 -1.56222
v -1.189949 1.612007 -1.466347
v -2.461067 1.612 -1.112429
v -2.482262 1.612 -0.958672
v -2.480301 1.612 -0.9384401
v -2.472389 1.611999 -0.8571712
v -2.496284 1.612 -0.8571713
v -2.496277 1.712005 -0.8571712
v -2.59008 1.611999 -0.8571712
v -2.59008 1.712005 -0.8571712
v -0.9620895 1.612007 -0.8571712
v -0.9410019 1.712005 -0.8571712
v -0.9410095 1.612007 -0.8571712
v -0.8436584 1.712005 -0.8571712
v -0.8436432 1.612007 -0.8571712
v -0.6803589 1.612007 -0.8571712
v -0.609993 1.612007 -0.8571712
v -2.781288 1.612007 -0.8571712
v -2.781281 1.712005 -0.8571712
v -2.782516 1.612007 -0.8571712
v -2.782516 1.511993 -0.8571712
v -2.69738 1.612007 -0.8571712
v -2.770905 -0.4747925 -2.900427
v -2.708488 -0.548111 -2.589585
v -2.697388 -0.5611496 -0.8571712
v -2.782516 -0.4611511 -0.8571712
v -0.64077 -0.4973221 -0.8571713
v -0.609993 -0.4611588 -0.8571712
v -0.6903763 -0.5555649 -0.8571712
v -0.6951218 -0.5611496 -0.8571712
v -0.6870422 1.602508 -0.8571712
v -0.6100006 1.512009 -0.8571712
v -0.6951218 1.612007 -0.8571712
v -1.04097 -0.5258484 -2.997133
v -0.7075958 -0.5258026 -2.997133
v -1.04097 -0.356781 -2.997133
v -1.040962 0.5254593 -2.997133
v -0.6114655 0.5254593 -2.997133
v -0.6400909 -0.4465027 -2.997133
v -1.040962 0.7432404 -2.997133
v -1.040962 1.576706 -2.997133
v -0.7075958 1.57666 -2.997133
v -0.6386871 1.497391 -2.997133
v -2.717697 -0.1693497 -2.997133
v -2.78112 0.5254593 -2.997133
v -2.761604 -0.1693497 -2.997133
v -1.41066 -0.1693497 -2.997133
v -1.040962 -0.1693497 -2.997133
v -2.753822 1.497391 -2.997133
v -2.685143 1.576912 -2.997133
v -2.685143 -0.5260544 -2.997133
v -2.753822 -0.4465332 -2.997133
v -2.762009 -0.1693497 -2.986052
v -1.040962 -0.531723 -2.990623
v -1.04097 1.605911 -2.965031
v -1.040962 -0.1821289 -0.8799468
v -1.04097 -0.1821289 -0.8571712
v -0.9686661 -0.1821289 -0.8571712
v -1.040962 -0.1821289 -1.066432
v -1.040962 -0.1821289 -1.275856
v -0.973732 -0.1821289 -1.14387
v -1.040962 -0.1821365 -1.29219
v -0.9466171 -0.1821289 -0.9679604
v -2.387634 -0.1821289 -1.304132
v -2.464088 -0.1821289 -1.123699
v -2.481369 -0.1821365 -0.9602408
v -2.470383 -0.1821289 -0.8571712
v -1.177246 -0.1821289 -1.460831
v -1.903122 -0.1821289 -1.6346
v -1.34304 -0.1821365 -1.575266
v -1.543663 -0.1821289 -1.645644
v -1.722725 -0.1821289 -1.664372
v -2.272751 -0.1821289 -1.451658
v -2.104454 -0.1821365 -1.569831
v -1.045525 -0.1821289 -1.302242
v -0.9723892 -0.182373 -0.8571712
v -0.9724121 -0.1850891 -0.8571712
v -0.9753494 -0.1823654 -0.8571712
v -1.04097 -0.1851654 -0.8571712
v -2.470383 -0.1851654 -0.8571712
v -2.48867 -0.1821442 -0.8571712
v -0.9686661 -0.1900101 -0.8571712
v -2.46151 -0.1866302 -0.8571712
v -2.46154 -0.1821442 -0.8571712
v -2.470383 -0.1911545 -0.8571713
v -0.9295425 -0.2414017 -0.8571712
v -0.9295349 -0.182373 -0.8571713
v -0.9295349 -0.5611572 -0.8571712
v -0.8437729 -0.3540649 -0.8571712
v -0.8437729 -0.1823883 -0.8571712
v -0.8437653 -0.5611572 -0.8571712
v -0.6758499 -0.3106232 -0.8571713
v -0.6999435 -0.1824112 -0.8571713
v -0.6758499 -0.1824188 -0.8571713
v -0.6758499 -0.5385056 -0.8571712
v -0.609993 -0.1824265 -0.8571712
v -1.04097 -0.5611496 -2.894057
v -1.04097 -0.182251 -2.59961
v -1.04097 -0.1822433 -2.589585
v -1.04097 -0.1822357 -2.900426
v -1.711311 -0.561142 -2.900426
v -1.711311 -0.2256851 -2.900426
v -1.194023 -0.1822128 -2.900426
v -1.711319 -0.1821289 -2.900426
v -1.193985 -0.1822052 -2.900426
v -1.84301 -0.561142 -2.589585
v -1.138474 -0.561142 -2.589585
v -1.84301 -0.5019379 -2.589585
v -1.84301 -0.1821289 -2.589585
v -2.492279 -0.2023163 -0.8571713
v -2.492271 -0.1821442 -0.8571712
v -2.492264 -0.5611496 -0.8571712
v -2.577019 -0.2455215 -0.8571713
v -2.577011 -0.1821289 -0.8571712
v -2.577011 -0.5611572 -0.8571712
v -2.782516 -0.1820984 -0.8571713
v -2.782516 -0.3157043 -2.900426
v -2.782516 -0.1819763 -2.900426
v -2.782516 -0.4229813 -2.589585
v -2.782509 -0.1819916 -2.589585
v -1.04097 1.210312 -1.277546
v -1.040962 1.210312 -1.291967
v -0.9660797 1.210312 -1.12694
v -0.9499741 1.210312 -0.9537096
v -0.9621353 1.210312 -0.8571712
v -1.04097 1.210312 -1.260919
v -1.040962 1.210312 -1.093267
v -1.04097 1.210312 -1.012492
v -1.04097 1.210312 -0.8726643
v -1.04097 1.210312 -0.8571712
v -2.086349 1.21032 -1.575877
v -1.879593 1.210312 -1.649892
v -1.711617 1.21032 -1.664349
v -1.5037 1.210312 -1.635409
v -1.319984 1.21032 -1.56222
v -2.376999 1.210312 -1.322884
v -2.249321 1.210312 -1.469959
v -2.455788 1.210312 -1.150707
v -1.051613 1.210312 -1.315416
v -1.15757 1.210312 -1.442479
v -2.472397 1.210312 -0.8571712
v -2.482269 1.210312 -0.958672
v -1.040962 1.27272 -1.29197
v -0.9621506 1.210632 -0.8571713
v -1.040962 1.210625 -0.8571713
v -1.040962 1.211639 -0.8571712
v -0.9621429 1.211883 -0.8571712
v -1.387329 1.210594 -0.8571712
v -2.470963 1.210518 -0.8571712
v -2.472397 1.21051 -0.8571712
v -2.496269 1.221245 -0.8571712
v -2.476791 1.210518 -0.8571712
v -2.496269 1.210518 -0.8571712
v -2.590111 1.272919 -0.8571712
v -2.590111 1.21051 -0.8571712
v -0.9616776 1.210617 -0.8571712
v -0.9619141 1.211883 -0.8571712
v -0.9410172 1.241585 -0.8571712
v -0.9410172 1.210617 -0.8571712
v -0.8436356 1.379974 -0.8571712
v -0.8436356 1.210625 -0.8571712
v -0.6100006 1.21064 -0.8571712
v -2.78125 1.378174 -0.8571712
v -2.781258 1.210495 -0.8571713
v -2.781242 1.513481 -0.8571712
v -2.782516 1.210495 -0.8571713
v -1.04097 -0.1213913 -0.8571712
v -2.470947 1.207298 -0.8571712
v -1.04097 -0.1693573 -0.8571712
v -2.461624 -0.1693497 -0.8571712
v -2.566109 -0.1693573 -0.8571712
v -1.04097 -0.1693497 -2.589585
v -1.04097 -0.1693497 -2.900426
v -2.782516 -0.1693497 -2.786689
v -5.712791 -0.1844482 -2.666598
v -5.712791 -0.1576538 -2.744309
v -1.03051 -0.1844482 -2.666598
v -1.03051 -0.1576538 -2.744308
v -5.712791 -0.3476486 -2.744309
v -5.712791 -0.3489914 -2.740423
v -1.03051 -0.3476486 -2.744308
v -1.03051 -0.3489914 -2.740423
v -5.712791 -0.2576523 -2.60971
v -1.03051 -0.2576523 -2.60971
v -5.712791 -0.3526497 -2.737579
v -1.03051 -0.3526497 -2.737578
v -5.712791 -0.3576508 -2.588888
v -1.03051 -0.3576508 -2.588887
v -5.712791 -0.3576508 -2.736537
v -1.03051 -0.3576508 -2.736537
v -5.712791 -0.4576492 -2.60971
v -1.03051 -0.4576492 -2.60971
v -5.712791 -0.3626518 -2.737579
v -1.03051 -0.3626518 -2.737578
v -5.712791 -0.5308571 -2.666598
v -1.03051 -0.5308571 -2.666598
v -5.712791 -0.3663101 -2.740423
v -1.03051 -0.3663101 -2.740423
v -5.712791 -0.5576515 -2.744309
v -1.03051 -0.5576515 -2.744308
v -5.712791 -0.3676529 -2.744309
v -1.03051 -0.3676529 -2.744308
v -5.712791 -0.5308571 -2.822019
v -1.03051 -0.5308571 -2.822018
v -5.712791 -0.3663101 -2.748194
v -1.03051 -0.3663101 -2.748194
v -5.712791 -0.4576492 -2.878907
v -1.03051 -0.4576492 -2.878906
v -5.712791 -0.3626518 -2.751039
v -1.03051 -0.3626518 -2.751038
v -5.712791 -0.3576508 -2.899729
v -1.03051 -0.3576508 -2.899729
v -5.712791 -0.3576508 -2.75208
v -1.03051 -0.3576508 -2.752079
v -5.712791 -0.2576523 -2.878907
v -1.03051 -0.2576523 -2.878906
v -5.712791 -0.3526497 -2.751039
v -1.03051 -0.3526497 -2.751038
v -5.712791 -0.1844482 -2.822019
v -1.03051 -0.1844482 -2.822019
v -5.712791 -0.3489914 -2.748194
v -1.03051 -0.3489914 -2.748194
v -5.783363 -0.2030869 -2.571081
v -5.819908 -0.1797562 -2.634376
v -5.562187 -0.2030869 -2.69878
v -5.598732 -0.1797562 -2.762074
v -5.819908 -0.4061623 -2.634376
v -5.830872 -0.3991623 -2.653364
v -5.598732 -0.4061623 -2.762074
v -5.609688 -0.3991623 -2.781063
v -5.756615 -0.2668343 -2.524746
v -5.535439 -0.2668343 -2.652445
v -5.838898 -0.3800392 -2.667265
v -5.617714 -0.3800392 -2.794963
v -5.746819 -0.3539162 -2.507786
v -5.525642 -0.3539162 -2.635485
v -5.841835 -0.3539162 -2.672353
v -5.620659 -0.3539162 -2.800051
v -5.756615 -0.4409943 -2.524746
v -5.535439 -0.4409943 -2.652445
v -5.838898 -0.3277931 -2.667265
v -5.617714 -0.3277931 -2.794963
v -5.783363 -0.5047417 -2.571081
v -5.562187 -0.5047417 -2.69878
v -5.830872 -0.3086662 -2.653364
v -5.609688 -0.3086662 -2.781063
v -5.819908 -0.5280762 -2.634376
v -5.598732 -0.5280762 -2.762074
v -5.819908 -0.3016663 -2.634376
v -5.598732 -0.3016663 -2.762074
v -5.856453 -0.5047417 -2.697671
v -5.635277 -0.5047417 -2.825369
v -5.808945 -0.3086662 -2.615387
v -5.587769 -0.3086662 -2.743086
v -5.883202 -0.4409943 -2.744006
v -5.662025 -0.4409943 -2.871704
v -5.800919 -0.3277931 -2.601487
v -5.579742 -0.3277931 -2.729185
v -5.892998 -0.3539162 -2.760966
v -5.671814 -0.3539162 -2.888664
v -5.797981 -0.3539162 -2.596399
v -5.576805 -0.3539162 -2.724097
v -5.883202 -0.2668343 -2.744006
v -5.662025 -0.2668343 -2.871704
v -5.800919 -0.3800392 -2.601487
v -5.579742 -0.3800392 -2.729185
v -5.856453 -0.2030869 -2.697671
v -5.635277 -0.2030869 -2.825369
v -5.808945 -0.3991623 -2.615387
v -5.587769 -0.3991623 -2.743086
v -5.957672 -0.2950058 -2.554838
v -5.945305 -0.3028984 -2.53343
v -5.957672 -0.3715897 -2.554838
v -5.96138 -0.3692245 -2.561261
v -5.936256 -0.3244629 -2.517757
v -5.964096 -0.362751 -2.565963
v -5.932945 -0.3539162 -2.512021
v -5.965088 -0.3539162 -2.567684
v -5.936256 -0.3833656 -2.517757
v -5.964096 -0.3450775 -2.565963
v -5.945305 -0.4049339 -2.53343
v -5.96138 -0.3386078 -2.561261
v -5.957672 -0.4128265 -2.554838
v -5.957672 -0.3362427 -2.554838
v -5.970024 -0.4049339 -2.576248
v -5.953964 -0.3386078 -2.548416
v -5.979073 -0.3833656 -2.59192
v -5.951248 -0.3450775 -2.543714
v -5.982391 -0.3539162 -2.597656
v -5.950249 -0.3539162 -2.541993
v -5.979073 -0.3244629 -2.59192
v -5.951248 -0.362751 -2.543714
v -5.970024 -0.3028984 -2.576248
v -5.953964 -0.3692245 -2.548416
v -5.963791 -0.3539162 -2.667875
v -5.957024 -0.2937775 -2.656162
v -5.89817 -0.3539162 -2.554219
v -5.9002 -0.3358727 -2.557733
v -5.9002 -0.3719597 -2.557733
v -5.938553 -0.2497482 -2.624161
v -5.905739 -0.3851662 -2.567333
v -5.913315 -0.2336388 -2.580447
v -5.913315 -0.3899994 -2.580447
v -5.888077 -0.2497482 -2.536733
v -5.920891 -0.3851662 -2.593561
v -5.869606 -0.2937775 -2.504732
v -5.92643 -0.3719597 -2.603162
v -5.862839 -0.3539162 -2.493019
v -5.928459 -0.3539162 -2.606675
v -5.869606 -0.4140549 -2.504732
v -5.92643 -0.3358727 -2.603162
v -5.888077 -0.4580841 -2.536733
v -5.920891 -0.3226624 -2.593561
v -5.913315 -0.4741936 -2.580447
v -5.913315 -0.3178329 -2.580447
v -5.938553 -0.4580841 -2.624161
v -5.905739 -0.3226624 -2.567333
v -5.957024 -0.4140549 -2.656162
v 0.1933289 0.2864227 -0.8832748
v 0.1933289 0.7650909 -0.8832748
v 0.1933289 0.2864227 -1.026391
v 0.1933289 0.7650909 -1.026391
v -0.151207 1.160652 -0.9057789
v -0.6437988 1.275757 -0.8580734
v -0.2181396 1.160652 -1.43205
v -0.6437988 1.275757 -1.479756
v -0.6437988 -0.2242432 -0.8580734
v -0.6437988 -0.2242432 -1.479756
v -0.151207 -0.1091385 -0.9057789
v -0.2181396 -0.1091385 -1.43205
v -0.01651001 0.01993561 -0.8964742
v -0.01651001 1.031578 -0.8964742
v -0.06772614 0.01993561 -1.315758
v -0.06772614 1.031578 -1.315758
v 0.07001495 0.8438034 -1.146957
v 0.07001495 0.2077103 -1.146957
v 0.1319275 0.7650909 -1.081662
v 0.1319275 0.2864227 -1.081662
v 0.1319275 0.2864227 -0.7712851
v 0.1319275 0.7650909 -0.7712851
v 0.1933289 0.2864227 -0.7712849
v 0.1933289 0.7650909 -0.7712849
v 0.1327744 0.7650909 -1.081662
v 0.1327744 0.2864227 -1.081662
v 0.1319275 0.2864227 -0.8832749
v 0.1319275 0.7650909 -0.8832749
v 0.01879883 0.3077087 -0.883323
v 0.01879883 0.7438049 -0.883323
v 0.07001495 0.3077087 -0.7679383
v 0.07001495 0.7438049 -0.7679383
v 0.1277847 0.2811584 -0.8832781
v 0.1319275 0.2864227 -0.7678901
v 0.1277847 0.2811584 -0.7678933
v 0.1277847 0.7703552 -0.8832781
v 0.1277847 0.7703552 -0.7678933
v 0.1319275 0.7650909 -0.7678901
v 0.004585266 0.1321259 -0.8886164
v 0.07001495 0.2077103 -0.9610335
v 0.07059479 0.2321777 -0.9040629
v 0.07001495 0.8438034 -0.9610335
v 0.004585266 0.9193878 -0.8886164
v 0.07059479 0.8193359 -0.9040629
v 0.8602753 -2.001343 -0.4896731
v 0.8602753 3.29866 -0.4896731
v 0.8602753 -2.001343 -0.5396731
v 0.8602753 3.29866 -0.5396731
v -0.1181183 3.29866 -0.4896731
v -0.1181183 3.29866 -0.5396731
v -0.1181183 -2.001343 -0.4896731
v -0.1181183 -2.001343 -0.5396731
v -0.1069641 -2.001339 -0.9519815
v -0.1181183 -1.941341 -0.5396731
v -0.1069641 -1.941341 -0.9519815
v 0.8601379 -1.941341 -0.5396731
v 0.8601379 3.23867 -0.5396731
v -0.1181183 3.238663 -0.5396731
v -0.1069641 3.23867 -0.9519815
v -0.1069641 3.298668 -0.9519815
v 0.5620422 -1.791134 -0.928787
v 0.5533295 -1.791134 -0.961287
v 0.5620422 3.108864 -0.928787
v 0.5533295 3.108864 -0.961287
v 0.5633316 -1.791134 -0.961287
v 0.5707016 -1.791134 -0.9337871
v 0.5633316 3.108864 -0.961287
v 0.5707016 3.108864 -0.9337871
v 0.5858307 -1.791134 -0.9049954
v 0.5858307 3.108864 -0.9049954
v 0.5908279 -1.791134 -0.9136558
v 0.5908279 3.108864 -0.9136558
v 0.6183319 -1.791134 -0.896287
v 0.6183319 3.108864 -0.896287
v 0.6183319 -1.791134 -0.906287
v 0.6183319 3.108864 -0.906287
v 0.6508331 -1.791134 -0.9049954
v 0.6508331 3.108864 -0.9049954
v 0.6458359 -1.791134 -0.9136558
v 0.6458359 3.108864 -0.9136558
v 0.6746216 -1.791134 -0.928787
v 0.6746216 3.108864 -0.928787
v 0.6659622 -1.791134 -0.9337871
v 0.6659622 3.108864 -0.9337871
v 0.6733322 -1.791134 -0.961287
v 0.6733322 3.108864 -0.961287
v 0.6746216 -1.791134 -0.9937871
v 0.6746216 3.108864 -0.9937871
v 0.6659622 -1.791134 -0.9887869
v 0.6659622 3.108864 -0.9887869
v 0.6508331 -1.791134 -1.017579
v 0.6508331 3.108864 -1.017579
v 0.6458359 -1.791134 -1.008918
v 0.6458359 3.108864 -1.008918
v 0.6183319 -1.791134 -1.026287
v 0.6183319 3.108864 -1.026287
v 0.6183319 -1.791134 -1.016287
v 0.6183319 3.108864 -1.016287
v 0.5858307 -1.791134 -1.017579
v 0.5858307 3.108864 -1.017579
v 0.5908279 -1.791134 -1.008918
v 0.5908279 3.108864 -1.008918
v 0.5620422 -1.791134 -0.9937871
v 0.5620422 3.108864 -0.9937871
v 0.5707016 -1.791134 -0.9887872
v 0.5707016 3.108864 -0.9887872
v 0.4433289 -1.78513 -0.6581781
v 0.2683334 -1.78513 -0.961287
v 0.4433289 -1.775127 -0.6581781
v 0.2683334 -1.775127 -0.961287
v 0.793335 -1.78513 -0.6581781
v 0.793335 -1.775127 -0.6581781
v 0.9683304 -1.78513 -0.961287
v 0.9683304 -1.775127 -0.961287
v 0.793335 -1.78513 -1.264396
v 0.793335 -1.775127 -1.264396
v 0.4433289 -1.78513 -1.264396
v 0.4433289 -1.775127 -1.264396
v 0.6183319 -1.78513 -0.961287
v 0.6183319 -1.775127 -0.961287
v 0.4433289 0.5408707 -0.6581781
v 0.2683334 0.5408707 -0.961287
v 0.4433289 0.5508652 -0.6581781
v 0.2683334 0.5508652 -0.961287
v 0.3083344 0.5408707 -0.961287
v 0.4633331 0.5408707 -0.6928191
v 0.3083344 0.5508652 -0.961287
v 0.4633331 0.5508652 -0.6928191
v 0.793335 0.5408707 -0.6581781
v 0.793335 0.5508652 -0.6581781
v 0.7733307 0.5408707 -0.6928191
v 0.7733307 0.5508652 -0.6928191
v 0.9683304 0.5408707 -0.961287
v 0.9683304 0.5508652 -0.961287
v 0.9283295 0.5408707 -0.961287
v 0.9283295 0.5508652 -0.961287
v 0.793335 0.5408707 -1.264396
v 0.793335 0.5508652 -1.264396
v 0.7733307 0.5408707 -1.229755
v 0.7733307 0.5508652 -1.229755
v 0.4433289 0.5408707 -1.264396
v 0.4433289 0.5508652 -1.264396
v 0.4633331 0.5408707 -1.229755
v 0.4633331 0.5508652 -1.229755
v 0.4433289 -0.79813 -0.6581781
v 0.2683334 -0.79813 -0.961287
v 0.4433289 -0.7881279 -0.6581781
v 0.2683334 -0.7881279 -0.961287
v 0.3083344 -0.79813 -0.961287
v 0.4633331 -0.79813 -0.6928191
v 0.3083344 -0.7881279 -0.961287
v 0.4633331 -0.7881279 -0.6928191
v 0.793335 -0.79813 -0.6581781
v 0.793335 -0.7881279 -0.6581781
v 0.7733307 -0.79813 -0.6928191
v 0.7733307 -0.7881279 -0.6928191
v 0.9683304 -0.79813 -0.961287
v 0.9683304 -0.7881279 -0.961287
v 0.9283295 -0.79813 -0.961287
v 0.9283295 -0.7881279 -0.961287
v 0.793335 -0.79813 -1.264396
v 0.793335 -0.7881279 -1.264396
v 0.7733307 -0.79813 -1.229755
v 0.7733307 -0.7881279 -1.229755
v 0.4433289 -0.79813 -1.264396
v 0.4433289 -0.7881279 -1.264396
v 0.4633331 -0.79813 -1.229755
v 0.4633331 -0.7881279 -1.229755
v -2.939507 -0.1809464 -2.64099
v -2.939507 -0.1389313 -2.743852
v -2.929512 -0.1809464 -2.64099
v -2.929512 -0.1389313 -2.743852
v -2.939507 -0.2689323 -2.743852
v -2.939507 -0.2769356 -2.728662
v -2.929512 -0.2689323 -2.743852
v -2.929512 -0.2769356 -2.728662
v -2.939507 -0.290947 -2.577417
v -2.929512 -0.290947 -2.577417
v -2.939507 -0.3234787 -2.703281
v -2.929512 -0.3234787 -2.703281
v -2.939507 -0.426918 -2.577417
v -2.929512 -0.426918 -2.577417
v -2.939507 -0.3943863 -2.703281
v -2.929512 -0.3943863 -2.703281
v -2.939507 -0.5369186 -2.64099
v -2.929512 -0.5369186 -2.64099
v -2.939507 -0.4409294 -2.728662
v -2.929512 -0.4409294 -2.728662
v -2.939507 -0.5789337 -2.743852
v -2.929512 -0.5789337 -2.743852
v -2.939507 -0.4489326 -2.743852
v -2.929512 -0.4489326 -2.743852
v -2.939507 -0.5369186 -2.846714
v -2.929512 -0.5369186 -2.846714
v -2.939507 -0.4409294 -2.759043
v -2.929512 -0.4409294 -2.759043
v -2.939507 -0.426918 -2.910287
v -2.929512 -0.426918 -2.910287
v -2.939507 -0.3943863 -2.784423
v -2.929512 -0.3943863 -2.784423
v -2.939507 -0.290947 -2.910287
v -2.929512 -0.290947 -2.910287
v -2.939507 -0.3234787 -2.784423
v -2.929512 -0.3234787 -2.784423
v -2.939507 -0.1809464 -2.846714
v -2.929512 -0.1809464 -2.846714
v -2.939507 -0.2769356 -2.759043
v -2.929512 -0.2769356 -2.759043
v -3.943504 -0.1809464 -2.64099
v -3.943504 -0.1389313 -2.743852
v -3.93351 -0.1809464 -2.64099
v -3.93351 -0.1389313 -2.743852
v -3.943504 -0.2689323 -2.743852
v -3.943504 -0.2769356 -2.728662
v -3.93351 -0.2689323 -2.743852
v -3.93351 -0.2769356 -2.728662
v -3.943504 -0.290947 -2.577417
v -3.93351 -0.290947 -2.577417
v -3.943504 -0.3234787 -2.703281
v -3.93351 -0.3234787 -2.703281
v -3.943504 -0.426918 -2.577417
v -3.93351 -0.426918 -2.577417
v -3.943504 -0.3943863 -2.703281
v -3.93351 -0.3943863 -2.703281
v -3.943504 -0.5369186 -2.64099
v -3.93351 -0.5369186 -2.64099
v -3.943504 -0.4409294 -2.728662
v -3.93351 -0.4409294 -2.728662
v -3.943504 -0.5789337 -2.743852
v -3.93351 -0.5789337 -2.743852
v -3.943504 -0.4489326 -2.743852
v -3.93351 -0.4489326 -2.743852
v -3.943504 -0.5369186 -2.846714
v -3.93351 -0.5369186 -2.846714
v -3.943504 -0.4409294 -2.759043
v -3.93351 -0.4409294 -2.759043
v -3.943504 -0.426918 -2.910287
v -3.93351 -0.426918 -2.910287
v -3.943504 -0.3943863 -2.784423
v -3.93351 -0.3943863 -2.784423
v -3.943504 -0.290947 -2.910287
v -3.93351 -0.290947 -2.910287
v -3.943504 -0.3234787 -2.784423
v -3.93351 -0.3234787 -2.784423
v -3.943504 -0.1809464 -2.846714
v -3.93351 -0.1809464 -2.846714
v -3.943504 -0.2769356 -2.759043
v -3.93351 -0.2769356 -2.759043
v -4.941505 -0.1809464 -2.64099
v -4.941505 -0.1389313 -2.743852
v -4.931511 -0.1809464 -2.64099
v -4.931503 -0.1389313 -2.743852
v -4.941505 -0.2689323 -2.743852
v -4.941505 -0.2769356 -2.728662
v -4.931503 -0.2689323 -2.743852
v -4.931511 -0.2769356 -2.728662
v -4.941505 -0.290947 -2.577417
v -4.931511 -0.290947 -2.577417
v -4.941505 -0.3234787 -2.703281
v -4.931511 -0.3234787 -2.703281
v -4.941505 -0.426918 -2.577417
v -4.931511 -0.426918 -2.577417
v -4.941505 -0.3943863 -2.703281
v -4.931511 -0.3943863 -2.703281
v -4.941505 -0.5369186 -2.64099
v -4.931511 -0.5369186 -2.64099
v -4.941505 -0.4409294 -2.728662
v -4.931511 -0.4409294 -2.728662
v -4.941505 -0.5789337 -2.743852
v -4.931503 -0.5789337 -2.743852
v -4.941505 -0.4489326 -2.743852
v -4.931503 -0.4489326 -2.743852
v -4.941505 -0.5369186 -2.846714
v -4.931511 -0.5369186 -2.846714
v -4.941505 -0.4409294 -2.759043
v -4.931511 -0.4409294 -2.759043
v -4.941505 -0.426918 -2.910287
v -4.931503 -0.426918 -2.910287
v -4.941505 -0.3943863 -2.784423
v -4.931511 -0.3943863 -2.784423
v -4.941505 -0.290947 -2.910287
v -4.931503 -0.290947 -2.910287
v -4.941505 -0.3234787 -2.784423
v -4.931511 -0.3234787 -2.784423
v -4.941505 -0.1809464 -2.846714
v -4.931511 -0.1809464 -2.846714
v -4.941505 -0.2769356 -2.759043
v -4.931511 -0.2769356 -2.759043
v 0.4433289 1.894867 -0.6581781
v 0.2683334 1.894867 -0.961287
v 0.4433289 1.904861 -0.6581781
v 0.2683334 1.904861 -0.961287
v 0.3083344 1.894867 -0.961287
v 0.4633331 1.894867 -0.6928191
v 0.3083344 1.904861 -0.961287
v 0.4633331 1.904861 -0.6928191
v 0.793335 1.894867 -0.6581781
v 0.793335 1.904861 -0.6581781
v 0.7733307 1.894867 -0.6928191
v 0.7733307 1.904861 -0.6928191
v 0.9683304 1.894867 -0.961287
v 0.9683304 1.904861 -0.961287
v 0.9283295 1.894867 -0.961287
v 0.9283295 1.904861 -0.961287
v 0.793335 1.894867 -1.264396
v 0.793335 1.904861 -1.264396
v 0.7733307 1.894867 -1.229755
v 0.7733307 1.904861 -1.229755
v 0.4433289 1.894867 -1.264396
v 0.4433289 1.904861 -1.264396
v 0.4633331 1.894867 -1.229755
v 0.4633331 1.904861 -1.229755
v 0.4433289 3.089874 -0.6581781
v 0.2683334 3.089874 -0.961287
v 0.4433289 3.099869 -0.6581781
v 0.2683334 3.099869 -0.961287
v 0.793335 3.089874 -0.6581781
v 0.793335 3.099869 -0.6581781
v 0.9683304 3.089874 -0.961287
v 0.9683304 3.099869 -0.961287
v 0.793335 3.089874 -1.264396
v 0.793335 3.099869 -1.264396
v 0.4433289 3.089874 -1.264396
v 0.4433289 3.099869 -1.264396
v 0.6183319 3.089874 -0.961287
v 0.6183319 3.099869 -0.961287
v 0.7660141 -1.790142 -1.237076
v 0.7633286 -1.790142 -1.247076
v 0.7660141 3.109856 -1.237076
v 0.7633286 3.109856 -1.247076
v 0.7733307 -1.790142 -1.247076
v 0.7746735 -1.790142 -1.242075
v 0.7733307 3.109856 -1.247076
v 0.7746735 3.109856 -1.242075
v 0.7733307 -1.790142 -1.229755
v 0.7733307 3.109856 -1.229755
v 0.7783356 -1.790142 -1.238415
v 0.7783356 3.109856 -1.238415
v 0.7833328 -1.790142 -1.227076
v 0.7833328 3.109856 -1.227076
v 0.7833328 -1.790142 -1.237076
v 0.7833328 3.109856 -1.237076
v 0.793335 -1.790142 -1.229755
v 0.793335 3.109856 -1.229755
v 0.7883301 -1.790142 -1.238415
v 0.7883301 3.109856 -1.238415
v 0.8006516 -1.790142 -1.237076
v 0.8006516 3.109856 -1.237076
v 0.7919922 -1.790142 -1.242075
v 0.7919922 3.109856 -1.242075
v 0.8033371 -1.790142 -1.247076
v 0.8033371 3.109856 -1.247076
v 0.793335 -1.790142 -1.247076
v 0.793335 3.109856 -1.247076
v 0.8006516 -1.790142 -1.257076
v 0.8006516 3.109855 -1.257076
v 0.7919922 -1.790142 -1.252076
v 0.7919922 3.109856 -1.252076
v 0.793335 -1.790142 -1.264396
v 0.793335 3.109856 -1.264396
v 0.7883301 -1.790142 -1.255736
v 0.7883301 3.109856 -1.255736
v 0.7833328 -1.790142 -1.267076
v 0.7833328 3.109856 -1.267076
v 0.7833328 -1.790142 -1.257076
v 0.7833328 3.109855 -1.257076
v 0.7733307 -1.790142 -1.264396
v 0.7733307 3.109856 -1.264396
v 0.7783356 -1.790142 -1.255736
v 0.7783356 3.109856 -1.255736
v 0.7660141 -1.790142 -1.257076
v 0.7660141 3.109855 -1.257076
v 0.7746735 -1.790142 -1.252076
v 0.7746735 3.109856 -1.252076
v 0.4360123 -1.790142 -1.237076
v 0.4333267 -1.790142 -1.247076
v 0.4360123 3.109856 -1.237076
v 0.4333267 3.109856 -1.247076
v 0.4433289 -1.790142 -1.247076
v 0.4446716 -1.790142 -1.242075
v 0.4433289 3.109856 -1.247076
v 0.4446716 3.109856 -1.242075
v 0.4433289 -1.790142 -1.229755
v 0.4433289 3.109856 -1.229755
v 0.4483337 -1.790142 -1.238415
v 0.4483337 3.109856 -1.238415
v 0.453331 -1.790142 -1.227076
v 0.453331 3.109856 -1.227076
v 0.453331 -1.790142 -1.237076
v 0.453331 3.109856 -1.237076
v 0.4633331 -1.790142 -1.229755
v 0.4633331 3.109856 -1.229755
v 0.4583282 -1.790142 -1.238415
v 0.4583282 3.109856 -1.238415
v 0.4706497 -1.790142 -1.237076
v 0.4706497 3.109856 -1.237076
v 0.4619904 -1.790142 -1.242075
v 0.4619904 3.109856 -1.242075
v 0.4733353 -1.790142 -1.247076
v 0.4733353 3.109856 -1.247076
v 0.4633331 -1.790142 -1.247076
v 0.4633331 3.109856 -1.247076
v 0.4706497 -1.790142 -1.257076
v 0.4706497 3.109855 -1.257076
v 0.4619904 -1.790142 -1.252076
v 0.4619904 3.109856 -1.252076
v 0.4633331 -1.790142 -1.264396
v 0.4633331 3.109856 -1.264396
v 0.4583282 -1.790142 -1.255736
v 0.4583282 3.109856 -1.255736
v 0.453331 -1.790142 -1.267076
v 0.453331 3.109856 -1.267076
v 0.453331 -1.790142 -1.257076
v 0.453331 3.109855 -1.257076
v 0.4433289 -1.790142 -1.264396
v 0.4433289 3.109856 -1.264396
v 0.4483337 -1.790142 -1.255736
v 0.4483337 3.109856 -1.255736
v 0.4360123 -1.790142 -1.257076
v 0.4360123 3.109855 -1.257076
v 0.4446716 -1.790142 -1.252076
v 0.4446716 3.109856 -1.252076
v 0.2710114 -1.790142 -0.951287
v 0.2683334 -1.790142 -0.961287
v 0.2710114 3.109856 -0.951287
v 0.2683334 3.109856 -0.961287
v 0.2783279 -1.790142 -0.961287
v 0.2796707 -1.790142 -0.9562869
v 0.2783279 3.109856 -0.961287
v 0.2796707 3.109856 -0.9562869
v 0.2783279 -1.790142 -0.9439664
v 0.2783279 3.109856 -0.9439664
v 0.2833328 -1.790142 -0.9526267
v 0.2833328 3.109856 -0.9526267
v 0.2883301 -1.790142 -0.941287
v 0.2883301 3.109856 -0.941287
v 0.2883301 -1.790142 -0.951287
v 0.2883301 3.109856 -0.951287
v 0.2983322 -1.790142 -0.9439664
v 0.2983322 3.109856 -0.9439664
v 0.2933273 -1.790142 -0.9526267
v 0.2933273 3.109856 -0.9526267
v 0.3056488 -1.790142 -0.951287
v 0.3056488 3.109856 -0.951287
v 0.2969894 -1.790142 -0.9562869
v 0.2969894 3.109856 -0.9562869
v 0.3083267 -1.790142 -0.961287
v 0.3083267 3.109856 -0.961287
v 0.2983322 -1.790142 -0.961287
v 0.2983322 3.109856 -0.961287
v 0.3056488 -1.790142 -0.971287
v 0.3056488 3.109855 -0.971287
v 0.2969894 -1.790142 -0.9662871
v 0.2969894 3.109856 -0.9662871
v 0.2983322 -1.790142 -0.9786077
v 0.2983322 3.109856 -0.9786077
v 0.2933273 -1.790142 -0.9699473
v 0.2933273 3.109856 -0.9699473
v 0.2883301 -1.790142 -0.981287
v 0.2883301 3.109856 -0.981287
v 0.2883301 -1.790142 -0.971287
v 0.2883301 3.109855 -0.971287
v 0.2783279 -1.790142 -0.9786077
v 0.2783279 3.109856 -0.9786077
v 0.2833328 -1.790142 -0.9699473
v 0.2833328 3.109856 -0.9699473
v 0.2710114 -1.790142 -0.971287
v 0.2710114 3.109855 -0.971287
v 0.2796707 -1.790142 -0.9662871
v 0.2796707 3.109856 -0.9662871
v 0.931015 -1.790142 -0.9512873
v 0.9283371 -1.790142 -0.9612873
v 0.931015 3.109856 -0.9512873
v 0.9283371 3.109856 -0.9612873
v 0.9383316 -1.790142 -0.9612873
v 0.9396744 -1.790142 -0.9562871
v 0.9383316 3.109856 -0.9612873
v 0.9396744 3.109856 -0.9562871
v 0.9383316 -1.790142 -0.9439666
v 0.9383316 3.109856 -0.9439666
v 0.9433365 -1.790142 -0.9526269
v 0.9433365 3.109856 -0.9526269
v 0.9483337 -1.790142 -0.9412873
v 0.9483337 3.109855 -0.9412873
v 0.9483337 -1.790142 -0.9512873
v 0.9483337 3.109856 -0.9512873
v 0.9583359 -1.790142 -0.9439666
v 0.9583359 3.109856 -0.9439666
v 0.953331 -1.790142 -0.9526269
v 0.953331 3.109856 -0.9526269
v 0.9656525 -1.790142 -0.9512873
v 0.9656525 3.109856 -0.9512873
v 0.9569931 -1.790142 -0.9562871
v 0.9569931 3.109856 -0.9562871
v 0.9683304 -1.790142 -0.9612873
v 0.9683304 3.109856 -0.9612873
v 0.9583359 -1.790142 -0.9612873
v 0.9583359 3.109856 -0.9612873
v 0.9656525 -1.790142 -0.9712873
v 0.9656525 3.109856 -0.9712873
v 0.9569931 -1.790142 -0.9662874
v 0.9569931 3.109856 -0.9662874
v 0.9583359 -1.790142 -0.9786079
v 0.9583359 3.109856 -0.9786079
v 0.953331 -1.790142 -0.9699476
v 0.953331 3.109856 -0.9699476
v 0.9483337 -1.790142 -0.9812872
v 0.9483337 3.109855 -0.9812872
v 0.9483337 -1.790142 -0.9712873
v 0.9483337 3.109856 -0.9712873
v 0.9383316 -1.790142 -0.9786079
v 0.9383316 3.109856 -0.9786079
v 0.9433365 -1.790142 -0.9699476
v 0.9433365 3.109856 -0.9699476
v 0.931015 -1.790142 -0.9712873
v 0.931015 3.109856 -0.9712873
v 0.9396744 -1.790142 -0.9662874
v 0.9396744 3.109856 -0.9662874
v 0.7660141 -1.790142 -0.6654987
v 0.7633286 -1.790142 -0.6754987
v 0.7660141 3.109856 -0.6654987
v 0.7633286 3.109856 -0.6754987
v 0.7733307 -1.790142 -0.6754987
v 0.7746735 -1.790142 -0.6704986
v 0.7733307 3.109856 -0.6754987
v 0.7746735 3.109856 -0.6704986
v 0.7733307 -1.790142 -0.6581781
v 0.7733307 3.109856 -0.6581781
v 0.7783356 -1.790142 -0.6668384
v 0.7783356 3.109856 -0.6668384
v 0.7833328 -1.790142 -0.6554987
v 0.7833328 3.109856 -0.6554987
v 0.7833328 -1.790142 -0.6654987
v 0.7833328 3.109856 -0.6654987
v 0.793335 -1.790142 -0.6581781
v 0.793335 3.109856 -0.6581781
v 0.7883301 -1.790142 -0.6668384
v 0.7883301 3.109856 -0.6668384
v 0.8006516 -1.790142 -0.6654987
v 0.8006516 3.109856 -0.6654987
v 0.7919922 -1.790142 -0.6704986
v 0.7919922 3.109856 -0.6704986
v 0.8033371 -1.790142 -0.6754987
v 0.8033371 3.109856 -0.6754987
v 0.793335 -1.790142 -0.6754987
v 0.793335 3.109856 -0.6754987
v 0.8006516 -1.790142 -0.6854987
v 0.8006516 3.109856 -0.6854987
v 0.7919922 -1.790142 -0.6804988
v 0.7919922 3.109856 -0.6804988
v 0.793335 -1.790142 -0.6928194
v 0.793335 3.109856 -0.6928194
v 0.7883301 -1.790142 -0.684159
v 0.7883301 3.109856 -0.684159
v 0.7833328 -1.790142 -0.6954987
v 0.7833328 3.109856 -0.6954987
v 0.7833328 -1.790142 -0.6854987
v 0.7833328 3.109856 -0.6854987
v 0.7733307 -1.790142 -0.6928194
v 0.7733307 3.109856 -0.6928194
v 0.7783356 -1.790142 -0.684159
v 0.7783356 3.109856 -0.684159
v 0.7660141 -1.790142 -0.6854987
v 0.7660141 3.109856 -0.6854987
v 0.7746735 -1.790142 -0.6804988
v 0.7746735 3.109856 -0.6804988

vt -0.5299742 -1.790141
vt -0.540327 -1.790141
vt -0.5299742 3.109859
vt -0.540327 3.109859
vt 0.5377404 -1.790141
vt 0.532564 -1.790141
vt 0.5377404 3.109859
vt 0.532564 3.109859
vt -0.1519199 -1.790141
vt -0.1622727 -1.790141
vt -0.1519199 3.109859
vt -0.1622727 3.109859
vt 0.1596845 -1.790141
vt 0.1545081 -1.790141
vt 0.1596845 3.109859
vt 0.1545081 3.109859
vt 0.2682301 -1.790141
vt 0.2578773 -1.790141
vt 0.2682301 3.109859
vt 0.2578773 3.109859
vt -0.2604656 -1.790141
vt -0.2656419 -1.790141
vt -0.2604656 3.109859
vt -0.2656419 3.109859
vt 0.6178914 -1.790141
vt 0.6075386 -1.790141
vt 0.6178914 3.109859
vt 0.6075386 3.109859
vt -0.6101268 -1.790141
vt -0.6153032 -1.790141
vt -0.6101268 3.109859
vt -0.6153032 3.109859
vt 0.8033795 -1.790141
vt 0.7930267 -1.790141
vt 0.8033795 3.109859
vt 0.7930267 3.109859
vt -0.795615 -1.790141
vt -0.8007913 -1.790141
vt -0.795615 3.109859
vt -0.8007913 3.109859
vt 0.7749889 -1.790141
vt 0.7646362 -1.790141
vt 0.7749889 3.109859
vt 0.7646362 3.109859
vt -0.7672236 -1.790141
vt -0.7724 -1.790141
vt -0.7672236 3.109859
vt -0.7724 3.109859
vt 0.5403269 -1.790141
vt 0.5299741 -1.790141
vt 0.5403269 3.109859
vt 0.5299741 3.109859
vt -0.532564 -1.790141
vt -0.5377404 -1.790141
vt -0.532564 3.109859
vt -0.5377404 3.109859
vt 0.1622727 -1.790141
vt 0.1519199 -1.790141
vt 0.1622727 3.109859
vt 0.1519199 3.109859
vt -0.1545081 -1.790141
vt -0.1596845 -1.790141
vt -0.1545081 3.109859
vt -0.1596845 3.109859
vt -0.2578774 -1.790141
vt -0.2682302 -1.790141
vt -0.2578774 3.109859
vt -0.2682302 3.109859
vt 0.265642 -1.790141
vt 0.2604656 -1.790141
vt 0.265642 3.109859
vt 0.2604656 3.109859
vt -0.6075385 -1.790141
vt -0.6178913 -1.790141
vt -0.6075385 3.109859
vt -0.6178913 3.109859
vt 0.6153031 -1.790141
vt 0.6101267 -1.790141
vt 0.6153031 3.109859
vt 0.6101267 3.109859
vt -0.7930267 -1.790141
vt -0.8033795 -1.790141
vt -0.7930267 3.109859
vt -0.8033795 3.109859
vt 0.8007913 -1.790141
vt 0.795615 -1.790141
vt 0.8007913 3.109859
vt 0.795615 3.109859
vt -0.7646362 -1.790141
vt -0.7749889 -1.790141
vt -0.7646362 3.109859
vt -0.7749889 3.109859
vt 0.7724 -1.790141
vt 0.7672237 -1.790141
vt 0.7724 3.109859
vt 0.7672237 3.109859
vt 0.433331 -0.6754987
vt 0.4360105 -0.6654987
vt 0.443331 -0.6754987
vt 0.4446707 -0.6704987
vt -0.4360105 -0.6654987
vt -0.433331 -0.6754987
vt -0.4446707 -0.6704987
vt -0.443331 -0.6754987
vt 0.443331 -0.6581782
vt 0.448331 -0.6668385
vt -0.443331 -0.6581782
vt -0.448331 -0.6668385
vt 0.453331 -0.6554987
vt 0.453331 -0.6654987
vt -0.453331 -0.6554987
vt -0.453331 -0.6654987
vt 0.463331 -0.6581782
vt 0.458331 -0.6668385
vt -0.463331 -0.6581782
vt -0.458331 -0.6668385
vt 0.4706515 -0.6654987
vt 0.4619913 -0.6704987
vt -0.4706515 -0.6654987
vt -0.4619913 -0.6704987
vt 0.473331 -0.6754987
vt 0.463331 -0.6754987
vt -0.473331 -0.6754987
vt -0.463331 -0.6754987
vt 0.4706515 -0.6854987
vt 0.4619913 -0.6804987
vt -0.4706515 -0.6854987
vt -0.4619913 -0.6804987
vt 0.463331 -0.6928192
vt 0.458331 -0.684159
vt -0.463331 -0.6928192
vt -0.458331 -0.684159
vt 0.453331 -0.6954987
vt 0.453331 -0.6854987
vt -0.453331 -0.6954987
vt -0.453331 -0.6854987
vt 0.443331 -0.6928192
vt 0.448331 -0.684159
vt -0.443331 -0.6928192
vt -0.448331 -0.684159
vt 0.4360105 -0.6854987
vt 0.4446707 -0.6804987
vt -0.4360105 -0.6854987
vt -0.4446707 -0.6804987
vt -0.2168029 -1.965141
vt -0.3807389 -1.965141
vt -0.2168029 3.284859
vt -0.3807389 3.284859
vt -0.3736303 -1.965141
vt -0.4852952 -1.965141
vt -0.3736303 3.284859
vt -0.4852952 3.284859
vt 0.553331 -1.965141
vt 0.353331 -1.965141
vt 0.553331 3.284859
vt 0.353331 3.284859
vt -0.4526709 -1.965141
vt -0.4539911 -1.965141
vt -0.4526709 3.284859
vt -0.4539911 3.284859
vt 0.9337975 -1.965141
vt 0.7698616 -1.965141
vt 0.9337975 3.284859
vt 0.7698616 3.284859
vt 0.8966289 -1.965141
vt 0.784964 -1.965141
vt 0.8966289 3.284859
vt 0.784964 3.284859
vt 0.300677 -1.965141
vt 0.136741 -1.965141
vt 0.300677 3.284858
vt 0.136741 3.284859
vt 0.4189982 -1.965141
vt 0.3073332 -1.965141
vt 0.4189982 3.284859
vt 0.3073332 3.284859
vt -0.353331 -1.965141
vt -0.553331 -1.965141
vt -0.353331 3.284859
vt -0.553331 3.284859
vt 0.4539911 -1.965141
vt 0.4526709 -1.965141
vt 0.4539911 3.284859
vt 0.4526709 3.284859
vt -0.6897998 -1.965141
vt -0.8537357 -1.965141
vt -0.6897998 3.284859
vt -0.8537357 3.284858
vt -0.7186669 -1.965141
vt -0.8303319 -1.965141
vt -0.7186669 3.284859
vt -0.8303319 3.284859
vt 0.253331 -0.675499
vt 0.3533295 -0.5455951
vt 0.503331 -0.675499
vt 0.4526718 -0.7750109
vt -0.3533294 -0.5455951
vt -0.253331 -0.675499
vt -0.4526719 -0.7750109
vt -0.503331 -0.675499
vt 0.553331 -0.5455951
vt 0.4539872 -0.7750109
vt -0.553331 -0.5455951
vt -0.4539872 -0.7750109
vt 0.653331 -0.675499
vt 0.403331 -0.675499
vt -0.653331 -0.675499
vt -0.403331 -0.675499
vt 0.5533325 -0.8054028
vt 0.4539902 -0.575987
vt -0.5533326 -0.8054028
vt -0.4539901 -0.5759871
vt 0.353331 -0.8054028
vt 0.4526749 -0.575987
vt -0.353331 -0.8054028
vt -0.4526749 -0.5759871
vt 0.3639212 -0.07062951
vt 0.2839212 -0.07062951
vt 0.3639212 0.2293705
vt 0.2839212 0.2293705
vt -0.5881967 -0.07062951
vt -0.6681967 -0.07062951
vt -0.5881967 0.2293705
vt -0.6681967 0.2293705
vt -0.2839212 -0.07062951
vt -0.3639212 -0.07062951
vt -0.2839212 0.2293705
vt -0.3639212 0.2293705
vt 0.6681967 -0.07062951
vt 0.5881967 -0.07062951
vt 0.6681967 0.2293705
vt 0.5881967 0.2293705
vt -0.2053311 -0.07060415
vt -0.2080855 0.2295002
vt -0.2222252 -0.07075924
vt -0.2249796 0.2293451
vt 0.2249799 -0.07060415
vt 0.2222252 0.2295002
vt 0.2080855 -0.07075924
vt 0.2053308 0.2293451
vt 0.6634247 0.2293452
vt 0.6661792 -0.07075922
vt 0.6803188 0.2295002
vt 0.6830733 -0.07060416
vt -0.6634245 -0.07060415
vt -0.6661792 0.2295002
vt -0.6803188 -0.07075921
vt -0.6830735 0.2293452
vt 0.2842967 -0.6797216
vt 0.2739513 -0.6697656
vt 0.2723964 -0.5885715
vt 0.282353 -0.5782267
vt 0.3635457 -0.5766719
vt 0.3738911 -0.5866278
vt 0.375446 -0.6678219
vt 0.3654894 -0.6781667
vt -0.2773767 -0.5787226
vt -0.2676502 -0.5901478
vt -0.274447 -0.674742
vt -0.2858728 -0.6844677
vt -0.3704657 -0.677671
vt -0.3801922 -0.6662458
vt -0.3733953 -0.5816516
vt -0.3619695 -0.5719259
vt 0.5239212 0.0793705
vt 0.1239212 0.0793705
vt 0.5239212 0.0893705
vt 0.1239212 0.0893705
vt -0.4281967 0.0793705
vt -0.8281967 0.0793705
vt -0.4281967 0.0893705
vt -0.8281967 0.0893705
vt -0.1239212 0.0793705
vt -0.5239212 0.0793705
vt -0.1239212 0.0893705
vt -0.5239212 0.0893705
vt 0.8281967 0.0793705
vt 0.4281967 0.0793705
vt 0.8281967 0.0893705
vt 0.4281967 0.0893705
vt -0.5239213 -0.4281969
vt -0.1239212 -0.4281969
vt -0.5239213 -0.8281968
vt -0.1239212 -0.8281968
vt 0.5139212 -0.8181967
vt 0.1339212 -0.8181967
vt 0.5139212 -0.4381967
vt 0.1339212 -0.4381967
vt -0.1238418 0.6416895
vt -0.5237904 0.6462219
vt -0.1340506 0.6232431
vt -0.5140021 0.6275489
vt 0.4293548 -0.8281279
vt 0.4265562 -0.4281476
vt 0.4124149 -0.8182461
vt 0.4097575 -0.4382651
vt 0.02874017 -0.4282656
vt 0.03153753 -0.8282459
vt 0.04567766 -0.4381471
vt 0.04833627 -0.8181284
vt 0.5240006 -0.2467148
vt 0.1240522 -0.2421808
vt 0.5137918 -0.2651621
vt 0.1338403 -0.2608548
vt 0.5239212 0.0693705
vt 0.1239212 0.0693705
vt -0.4781967 0.0693705
vt -0.7781967 0.0693705
vt -0.4781967 0.0793705
vt -0.7781967 0.0793705
vt -0.1239212 0.0693705
vt -0.5239212 0.0693705
vt 0.7781967 0.0693705
vt 0.4781967 0.0693705
vt 0.7781967 0.0793705
vt 0.4781967 0.0793705
vt -0.5139212 -0.4881967
vt -0.1339212 -0.4881967
vt -0.5139212 -0.7681967
vt -0.1339212 -0.7681967
vt 0.5239212 -0.7781966
vt 0.1239212 -0.7781966
vt 0.5239212 -0.4781967
vt 0.1239212 -0.4781967
vt 0.1238418 0.394317
vt 0.5237904 0.3897848
vt 0.1340506 0.4127629
vt 0.5140021 0.4084572
vt -0.3187776 -0.4783696
vt -0.3142678 -0.7783017
vt -0.3001289 -0.4880904
vt -0.2959198 -0.7680247
vt -0.139316 -0.7780238
vt -0.1438258 -0.4780915
vt -0.1579647 -0.768303
vt -0.1621738 -0.4883686
vt -0.5240006 -0.494087
vt -0.124052 -0.4986194
vt -0.5137918 -0.4756409
vt -0.1338403 -0.4799467
vt 0.4739212 0.0293705
vt 0.1739212 0.0293705
vt 0.4739212 0.0793705
vt 0.1739212 0.0793705
vt -0.4781967 0.0293705
vt -0.7781967 0.0293705
vt -0.1739212 0.0293705
vt -0.4739212 0.0293705
vt -0.1739212 0.0793705
vt -0.4739212 0.0793705
vt 0.7781967 0.0293705
vt 0.4781967 0.0293705
vt -0.4239212 -0.5281967
vt -0.2239212 -0.5281967
vt -0.4239212 -0.7281967
vt -0.2239212 -0.7281967
vt 0.4739212 -0.7781967
vt 0.1739212 -0.7781967
vt 0.4739212 -0.4781967
vt 0.1739212 -0.4781967
vt -0.2827099 -0.4787264
vt -0.2786444 -0.7786713
vt -0.2079466 -0.5277115
vt -0.2052362 -0.7276777
vt 0.1722492 0.3955694
vt 0.4715273 0.3808712
vt 0.2261974 0.4759086
vt 0.425711 0.4661101
vt -0.1753841 -0.777667
vt -0.1794495 -0.4777222
vt -0.2501472 -0.7286819
vt -0.2528575 -0.5287157
vt -0.4755932 -0.4928349
vt -0.1763151 -0.5075331
vt -0.421645 -0.4124957
vt -0.2221314 -0.4222942
vt 1.516744 0.07632136
vt -0.863256 0.07632136
vt 1.516744 0.1263211
vt -0.863256 0.1263211
vt -0.7313249 0.07632136
vt -1.331325 0.07632136
vt -0.7313249 0.1263211
vt -1.331325 0.1263211
vt 0.863256 0.07632107
vt -1.516744 0.07632118
vt 0.863256 0.1263213
vt -1.516744 0.1263214
vt 1.331325 0.07632136
vt 0.7313249 0.07632136
vt 1.331325 0.1263211
vt 0.7313249 0.1263211
vt -1.516744 -0.7313248
vt 0.863256 -0.7313249
vt -1.516744 -1.331325
vt 0.863256 -1.331325
vt 1.516744 -1.331325
vt -0.8632559 -1.331325
vt 1.516744 -0.7313249
vt -0.8632559 -0.7313249
vt 0.5767441 0.07632136
vt 0.07674408 0.07632136
vt 0.5767441 0.1263216
vt 0.07674408 0.1263216
vt -0.8313284 0.07632136
vt -1.231328 0.07632136
vt -0.8313284 0.1263216
vt -1.231328 0.1263216
vt -0.07674408 0.07632136
vt -0.5767441 0.07632136
vt -0.07674408 0.1263216
vt -0.5767441 0.1263216
vt 1.231328 0.07632136
vt 0.8313284 0.07632136
vt 1.231328 0.1263216
vt 0.8313284 0.1263216
vt -0.5767441 -0.8313284
vt -0.07674408 -0.8313285
vt -0.5767441 -1.231328
vt -0.07674408 -1.231328
vt 0.5767441 -1.231328
vt 0.07674408 -1.231328
vt 0.5767441 -0.8313284
vt 0.07674408 -0.8313284
vt -0.8813285 0.07632148
vt -1.181328 0.07632148
vt -0.8813285 0.1263214
vt -1.181328 0.1263214
vt 1.181328 0.07632148
vt 0.8813285 0.07632148
vt 1.181328 0.1263214
vt 0.8813285 0.1263214
vt -0.5767441 -0.8813285
vt -0.07674408 -0.8813285
vt -0.5767441 -1.181328
vt -0.07674408 -1.181328
vt 0.5767441 -1.181328
vt 0.07674408 -1.181328
vt 0.5767441 -0.8813285
vt 0.07674408 -0.8813285
vt 0.331744 0.05132151
vt 0.321744 0.05132151
vt 0.3317442 0.1513214
vt 0.3217442 0.1513214
vt -1.026329 0.05132151
vt -1.036329 0.05132151
vt -1.026328 0.1513216
vt -1.036329 0.1513216
vt -0.3217442 0.05132151
vt -0.3317442 0.05132151
vt -0.321744 0.1513214
vt -0.331744 0.1513214
vt 1.036329 0.05132151
vt 1.026328 0.05132151
vt 1.036329 0.1513216
vt 1.026329 0.1513216
vt -0.3317441 -1.026328
vt -0.3217441 -1.026328
vt -0.3317441 -1.036328
vt -0.3217441 -1.036328
vt 0.3317441 -1.036328
vt 0.3217441 -1.036328
vt 0.3317441 -1.026328
vt 0.3217441 -1.026328
vt 0.376744 0.07632864
vt 0.2767441 0.07632864
vt 0.376744 0.1263286
vt 0.2767441 0.1263286
vt -0.2767441 0.07632864
vt -0.376744 0.07632864
vt -0.2767441 0.1263286
vt -0.376744 0.1263287
vt -0.3767441 -0.731334
vt -0.2767439 -0.731334
vt -0.3767441 -1.331334
vt -0.276744 -1.331334
vt 0.3767441 -1.331334
vt 0.2767439 -1.331334
vt 0.3767441 -0.731334
vt 0.276744 -0.731334
vt 0.3517441 -0.1486714
vt 0.3017441 -0.1486714
vt 0.3517441 0.3513286
vt 0.3017441 0.3513286
vt -1.006345 -0.1486713
vt -1.056345 -0.1486713
vt -1.006345 0.3513287
vt -1.056345 0.3513287
vt -0.3017441 -0.1486715
vt -0.3517441 -0.1486715
vt -0.3017441 0.3513286
vt -0.3517441 0.3513286
vt 1.056345 -0.1486713
vt 1.006345 -0.1486713
vt 1.056345 0.3513287
vt 1.006345 0.3513287
vt -0.351744 -1.006345
vt -0.301744 -1.006345
vt -0.351744 -1.056345
vt -0.301744 -1.056345
vt 0.351744 -1.056345
vt 0.301744 -1.056345
vt 0.351744 -1.006345
vt 0.301744 -1.006345
vt -0.9931641 -0.1376115
vt -1.066071 -0.1370807
vt -0.9966201 0.339738
vt -1.069527 0.3402689
vt 1.066071 -0.1370806
vt 0.9931641 -0.1376115
vt 1.069527 0.3402689
vt 0.9966201 0.3397379
vt 0.3317363 0.06132889
vt 0.3217363 0.06132889
vt 0.3317366 0.1413288
vt 0.3217366 0.1413288
vt -0.0313282 0.06132865
vt -2.031329 0.06132865
vt -0.0313282 0.1413291
vt -2.031329 0.1413291
vt -0.3217366 0.06132889
vt -0.3317366 0.06132889
vt -0.3217363 0.1413288
vt -0.3317363 0.1413288
vt 2.031329 0.06132865
vt 0.0313282 0.06132865
vt 2.031329 0.1413291
vt 0.0313282 0.1413291
vt -0.3317363 -0.03132844
vt -0.3217363 -0.03132844
vt -0.3317366 -2.031329
vt -0.3217366 -2.031329
vt 0.3317363 -2.031329
vt 0.3217363 -2.031329
vt 0.3317366 -0.03132844
vt 0.3217366 -0.03132844
vt -0.6265588 0.06218469
vt -1.434868 0.08104134
vt -0.6277926 0.1216154
vt -1.436102 0.1404721
vt 1.434868 0.08104134
vt 0.6265588 0.06218469
vt 1.436102 0.1404721
vt 0.6277926 0.1216154
vt -0.3317363 -0.6313305
vt -0.3217363 -0.6313305
vt -0.3317366 -1.43133
vt -0.3217366 -1.43133
vt 0.3317363 -1.43133
vt 0.3217363 -1.43133
vt 0.3317366 -0.6313304
vt 0.3217366 -0.6313304
vt -0.8863285 0.07632852
vt -1.176328 0.07632852
vt -0.8863285 0.1263286
vt -1.176328 0.1263286
vt 1.176328 0.07632852
vt 0.8863285 0.07632852
vt 1.176328 0.1263286
vt 0.8863285 0.1263286
vt -0.3767442 -0.8863285
vt -0.276744 -0.8863285
vt -0.3767442 -1.176328
vt -0.276744 -1.176328
vt 0.3767441 -1.176328
vt 0.2767442 -1.176328
vt 0.3767441 -0.8863285
vt 0.2767442 -0.8863285
vt 0.705513 0.04431927
vt -0.05202484 0.04431927
vt 0.705513 0.09938586
vt -0.05202484 0.09938586
vt -0.5315245 0.007069826
vt -1.532137 0.08655548
vt -0.5293101 0.1160624
vt -1.531116 0.1365345
vt 0.4232559 0.0763211
vt -1.076744 0.07632115
vt 0.4232559 0.1263213
vt -1.076744 0.1263214
vt 1.532137 0.08655548
vt 0.5315245 0.007069826
vt 1.531116 0.1365345
vt 0.5293101 0.1160624
vt -1.076744 -0.5313247
vt 0.4232559 -0.5313249
vt -1.076744 -1.531325
vt 0.4232559 -1.531325
vt 1.076744 -1.533161
vt -0.4232559 -1.533161
vt 1.076744 -0.5314109
vt -0.4232559 -0.5314109
vt 1.076744 -0.4916075
vt -0.4232559 -0.4916075
vt 0.5313249 0.1263213
vt 0.531312 0.01728296
vt 0.491614 0.1263208
vt 0.4916075 0.01728296
vt -0.5313121 0.01728296
vt -0.5313249 0.1263213
vt -0.4916075 0.01728296
vt -0.4916139 0.1263208
vt 0.4232559 -0.4916148
vt -1.076744 -0.4916146
vt 1.076744 -0.4394577
vt -0.4232559 -0.4394577
vt 0.7055129 -0.3748457
vt -0.05202484 -0.3748457
vt 1.140316 0.1263373
vt 1.140315 0.01729995
vt 0.7644721 0.09934743
vt 0.7644709 0.04428108
vt -0.4948514 0.01730603
vt -0.4948523 0.1263434
vt -0.1190069 0.04428697
vt -0.1190083 0.09935331
vt 0.4232559 -0.4994417
vt -1.076744 -0.4994416
vt 0.05202484 -0.4348297
vt -0.705513 -0.4348297
vt 0.7710342 0.05726606
vt -0.1175461 0.05726606
vt 0.7710342 0.1046749
vt -0.1175461 0.1046749
vt -0.3313285 0.03562951
vt -1.731328 0.03562951
vt -0.3313285 0.1263299
vt -1.731328 0.1263299
vt 0.5232558 0.03563681
vt -1.176744 0.03563687
vt 0.5232556 0.1263372
vt -1.176744 0.1263373
vt 1.731328 0.03564095
vt 0.3313285 0.03564095
vt 1.731328 0.1263413
vt 0.3313285 0.1263413
vt -1.176744 -0.3313283
vt 0.5232563 -0.3313284
vt -1.176744 -1.731328
vt 0.5232562 -1.731328
vt 1.176743 -1.731328
vt -0.5232544 -1.731328
vt 1.176743 -0.3313324
vt -0.5232544 -0.3313324
vt 1.176742 -0.2895718
vt -0.5232544 -0.2895718
vt 0.7710342 -0.235347
vt -0.1175461 -0.235347
vt 1.208306 0.1263104
vt 1.208305 0.03561002
vt 0.7995622 0.1046688
vt 0.7995615 0.05725977
vt -0.5596702 0.03560567
vt -0.5596714 0.1263061
vt -0.1509266 0.05725676
vt -0.1509271 0.1046658
vt 0.5232558 -0.3542102
vt -1.176744 -0.3542101
vt 0.117547 -0.2999886
vt -0.771035 -0.2999886
vt 0.5703704 0.07097328
vt 0.08286786 0.06902349
vt 0.5706203 0.133619
vt 0.08311796 0.1316695
vt -0.1813248 0.07632113
vt -1.881325 0.07632113
vt -0.1813248 0.1263212
vt -1.881325 0.1263212
vt -0.08286786 0.06902349
vt -0.5703704 0.07097328
vt -0.08311796 0.1316695
vt -0.5706203 0.133619
vt 1.881325 0.07632124
vt 0.1813248 0.07632124
vt 1.881325 0.1263213
vt 0.1813248 0.1263213
vt -0.5767441 -0.181325
vt -0.07674408 -0.181325
vt -0.5767441 -1.881325
vt -0.07674408 -1.881325
vt 0.5767438 -1.881325
vt 0.07674384 -1.881325
vt 0.5767438 -0.181325
vt 0.07674384 -0.181325
vt 0.5706229 0.06902671
vt 0.08311772 0.07097292
vt 0.5703702 0.1316698
vt 0.08286476 0.1336167
vt -0.08311772 0.07097292
vt -0.5706229 0.06902671
vt -0.08286476 0.1336167
vt -0.5703702 0.1316698
vt 0.5746708 0.07384729
vt 0.07889813 0.07451344
vt 0.5745926 0.1281264
vt 0.07882625 0.1287999
vt -0.3313248 0.07632026
vt -1.731325 0.07632026
vt -0.07889819 0.07451344
vt -0.5746707 0.07384729
vt -0.07882631 0.1287999
vt -0.5745926 0.1281264
vt 1.731325 0.07631999
vt 0.3313248 0.07632005
vt -0.576745 -0.3313248
vt -0.07674503 -0.3313248
vt -0.576745 -1.731325
vt -0.07674503 -1.731325
vt 0.5767455 -1.731325
vt 0.07674551 -1.731325
vt 0.5767455 -0.3313248
vt 0.07674551 -0.3313248
vt 0.5745916 0.07451296
vt 0.07882547 0.07384109
vt 0.5746651 0.1287992
vt 0.07889891 0.1281273
vt -0.07882595 0.07384109
vt -0.5745921 0.07451344
vt -0.07889938 0.1281271
vt -0.5746655 0.1287994
vt 0.4784989 -0.5605755
vt 0.4284987 -0.5605755
vt 0.4784989 1.039425
vt 0.4284987 1.039425
vt 0.3587911 -0.560277
vt 0.3053471 -0.5601616
vt 0.3554196 1.039011
vt 0.3019756 1.039127
vt -0.4284987 -0.5605752
vt -0.4784989 -0.5605752
vt -0.4284987 1.039425
vt -0.4784989 1.039425
vt -0.3053472 -0.5601616
vt -0.358791 -0.560277
vt -0.3019757 1.039127
vt -0.3554195 1.039011
vt -0.4784988 0.3553833
vt -0.4284988 0.3553833
vt -0.4784988 0.3053833
vt -0.4284988 0.3053833
vt 0.4784988 0.3053833
vt 0.4284988 0.3053833
vt 0.4784988 0.3553833
vt 0.4284988 0.3553833
vt 0.3553833 -0.5605752
vt 0.3053831 -0.5605752
vt 0.3053833 1.039425
vt -0.3053833 -0.5605752
vt -0.3553835 -0.5605752
vt -0.3053831 1.039425
vt 0.6034989 0.2144246
vt 0.3034987 0.2144246
vt 0.6034989 0.2644248
vt 0.3034987 0.2644248
vt 0.3553858 0.2144246
vt 0.3053857 0.2144246
vt 0.3553858 0.2644248
vt 0.3053857 0.2644248
vt -0.3034987 0.2144246
vt -0.6034989 0.2144246
vt -0.3034987 0.2644248
vt -0.6034989 0.2644248
vt -0.3053857 0.2144246
vt -0.3553858 0.2144246
vt -0.3053857 0.2644248
vt -0.3553858 0.2644248
vt -0.6034989 0.3553858
vt -0.3034989 0.3553858
vt -0.6034989 0.3053857
vt -0.3034989 0.3053857
vt 0.6034989 0.3053857
vt 0.3034989 0.3053857
vt 0.6034989 0.3553858
vt 0.3034989 0.3553858
vt 0.5034993 0.2144252
vt 0.4034991 0.2144252
vt 0.5034993 0.2644252
vt 0.4034991 0.2644252
vt -0.4034991 0.2144252
vt -0.5034993 0.2144252
vt -0.4034991 0.2644252
vt -0.5034993 0.2644252
vt -0.5034992 0.3553858
vt -0.4034991 0.3553858
vt -0.5034992 0.3053856
vt -0.4034991 0.3053856
vt 0.5034992 0.3053856
vt 0.4034991 0.3053856
vt 0.5034992 0.3553858
vt 0.4034991 0.3553858
vt 0.5284994 0.1744252
vt 0.3784993 0.1744252
vt 0.5284994 0.3044252
vt 0.3784993 0.3044252
vt 0.3553858 0.1744252
vt 0.3053857 0.1744252
vt 0.3553858 0.3044252
vt 0.3053857 0.3044252
vt -0.3784993 0.1744252
vt -0.5284994 0.1744252
vt -0.3784993 0.3044252
vt -0.5284994 0.3044252
vt -0.3053857 0.1744252
vt -0.3553858 0.1744252
vt -0.3053857 0.3044252
vt -0.3553858 0.3044252
vt -0.5284994 0.3553858
vt -0.3784993 0.3553858
vt -0.5284994 0.3053856
vt -0.3784993 0.3053856
vt 0.5284994 0.3053856
vt 0.3784993 0.3053856
vt 0.5284994 0.3553858
vt 0.3784993 0.3553858
vt 0.4785004 -0.4814489
vt 0.4284973 -0.4814489
vt 0.4785004 1.124573
vt 0.4284973 1.124573
vt 0.8903172 -0.5605752
vt -0.269615 -0.560575
vt 1.029261 1.039425
vt -0.2696148 1.039425
vt 0.2696136 -0.560575
vt -0.8903186 -0.5605755
vt 0.2696138 1.039425
vt -1.029262 1.039425
vt -0.4785003 1.029261
vt -0.4284973 1.029261
vt -0.4785004 -0.2696143
vt -0.4284973 -0.2696143
vt 0.4785004 -0.2696141
vt 0.4284973 -0.2696141
vt 0.4785004 0.8903176
vt 0.4284973 0.8903176
vt 0.488249 -0.5597222
vt 0.4283904 -0.559334
vt 0.4786075 1.038184
vt 0.4187489 1.038572
vt 1.150386 -0.5605752
vt -0.4896142 -0.5605751
vt 1.150386 1.039425
vt -0.4896142 1.039425
vt -0.4283903 -0.559334
vt -0.4882489 -0.5597222
vt -0.4187489 1.038572
vt -0.4786074 1.038184
vt 0.4896142 -0.5605752
vt -1.150386 -0.5605752
vt 0.4896142 1.039425
vt -1.150386 1.039425
vt -0.4784989 1.150386
vt -0.4284989 1.150386
vt -0.4784989 -0.4896142
vt -0.4284989 -0.4896142
vt 0.4784989 -0.4896142
vt 0.4284989 -0.4896142
vt 0.4784989 1.150386
vt 0.4284989 1.150386
vt 0.4785004 0.03945035
vt 0.4284973 0.03945035
vt 0.4785004 0.2366597
vt 0.4284973 0.2366597
vt 0.5303863 0.03942132
vt 0.1303857 0.03942132
vt 0.5303953 0.2366307
vt 0.1303858 0.4394214
vt -0.4284987 0.03942472
vt -0.4784989 0.03942472
vt -0.4284987 0.4394248
vt -0.4784989 0.4394248
vt -0.1303858 0.03942466
vt -0.5303863 0.03942466
vt -0.1303857 0.4394248
vt -0.5303953 0.236634
vt -0.4785004 0.3660743
vt -0.4284973 0.3660743
vt -0.4785004 -0.08240286
vt -0.4284973 -0.08240286
vt 0.4784988 0.1303858
vt 0.4284988 0.1303858
vt 0.4784988 0.5303857
vt 0.4284988 0.5303857
vt -0.02928548 2.087482
vt -0.02857837 2.086775
vt -0.04041747 1.192093E-07
vt -2.012805 1.192093E-07
vt -2.012805 0.2899345
vt -2.012798 2.087482
vt -2.332736 1.192093E-07
vt -2.343868 2.087482
vt -2.344575 2.086775
vt 2.895333 2.086775
vt 2.845827 1.192093E-07
vt 2.845827 2.058193
vt 2.902168 1.192093E-07
vt -3.708293 1.192093E-07
vt -3.651129 2.058193
vt -3.651129 1.192093E-07
vt -3.699922 2.086775
vt -2.409089 -0.02250044
vt -2.40846 -0.0232782
vt -2.655376 -0.2051397
vt -2.654847 -0.2057938
vt -0.0404278 -2.414744
vt -0.02928548 -2.414744
vt -0.04145851 -2.416145
vt -0.2134094 -2.659923
vt -0.2208033 -2.659923
vt -0.02928547 -3.043747
vt -0.03954162 -3.042662
vt -0.03389715 -3.03576
vt -0.04042783 -3.043747
vt -1.455359 -5.163466
vt -1.49578 -5.203888
vt -1.49678 -5.203888
vt -1.503307 -5.197361
vt -3.670485 2.101438
vt -3.678924 0.01464715
vt -3.928323 1.935492
vt -3.934014 0.5282134
vt -3.935419 0.1807059
vt 0.04041747 -3.828579
vt 1.881355 -3.828579
vt 1.881355 -3.881029
vt 0.2227707 -4.073758
vt 1.881353 -4.073758
vt 2.281352 -3.828579
vt 2.332736 -3.828579
vt 2.281353 -3.83455
vt 2.281349 -3.89767
vt 2.150383 -4.073758
vt -1.881349 -2.414744
vt -1.881354 -2.627884
vt -1.881353 -2.659923
vt -2.281349 -2.497998
vt -2.343868 -2.414744
vt -2.281346 -2.414744
vt 0.3832513 -0.5384583
vt 0.2986995 -0.4758244
vt 0.2993282 -0.4750467
vt 0.3830499 -0.5374894
vt 0.382961 -0.5370692
vt -2.159752 -2.659923
vt 0.5450853 -0.6583412
vt 0.5456074 -0.6576886
vt -2.281348 -3.043747
vt -2.343868 -3.043747
vt -2.281346 -3.037131
vt 2.059731 0.0680657
vt 1.987452 0.02127125
vt 1.979014 2.108063
vt 2.065274 1.482686
vt 2.067499 2.051113
vt 2.243948 0.18733
vt 2.236851 1.942116
vt -1.186577 -2.921273
vt -0.09999619 -2.921273
vt -1.881354 -3.043747
vt -1.88135 -2.9948
vt -1.881354 -2.921273
vt -2.281352 -2.935465
vt -2.273158 -2.921273
vt -1.186577 2.158179
vt -1.881358 2.158179
vt -1.881353 2.319546
vt -1.186577 2.703753
vt -1.881352 2.703753
vt -0.1999962 2.158179
vt -0.1999983 2.703753
vt -1.881353 2.629308
vt -2.173156 2.629309
vt -2.173156 2.703753
vt -1.881356 2.229308
vt -2.173158 2.158179
vt -2.044533 2.229308
vt -2.173157 2.229308
vt -0.09999619 -2.651944
vt -0.09999619 -5.103888
vt -1.186577 -5.103888
vt -1.186577 -2.551944
vt -0.1999962 -2.551944
vt -1.881354 -3.536075
vt -1.881357 -5.103889
vt -1.881354 -2.615885
vt -1.881353 -2.551944
vt -0.09999618 -2.551942
vt -2.273158 -5.103888
vt -2.273158 -2.651944
vt -2.173158 -2.551944
vt -2.273158 -2.551939
vt -0.09288129 -5.115362
vt -0.1812925 -5.203888
vt -0.1822925 -5.203888
vt -0.09288129 -2.944755
vt -0.09288446 -2.76779
vt -0.2227137 -5.163466
vt -0.09288598 -2.67423
vt -0.09287263 -2.673975
vt -0.2227137 -2.551937
vt -0.09287709 -2.551944
vt -0.0812925 -5.103888
vt -0.0812925 -2.651944
vt -0.08496253 -2.551941
vt -0.0812925 -2.551942
vt -0.0865078 -2.551939
vt -1.59678 -5.103888
vt -1.59678 -2.651944
vt -1.591447 -2.551937
vt -1.455359 -2.55194
vt -1.59678 -2.551939
vt 4.761909 1.192093E-07
vt 4.67382 0.3561103
vt 4.747948 0.1678587
vt 4.554077 0.5099508
vt 4.395134 0.6319698
vt 3.367096 0.3579762
vt 3.835991 0.7132705
vt 3.489838 0.5205802
vt 3.645866 0.6397043
vt 4.019058 0.7332257
vt 4.23098 0.7073425
vt 3.267967 1.192093E-07
vt 3.290611 0.1852366
vt 2.55194 2.058193
vt 5.163466 2.058193
vt 2.551935 1.300227
vt 2.551936 1.18376
vt 2.55194 0.8390517
vt 5.163466 2.007941E-07
vt 2.551943 0.7485512
vt 2.551939 0.7206798
vt 2.551936 0.5943806
vt 2.551939 0.557101
vt 2.55194 0.4963973
vt 2.551944 0.3476939
vt 2.551946 0.2899499
vt 2.551944 0.1496673
vt 2.551943 0.08877497
vt 2.551942 2.007941E-07
vt 1.881354 -1.381131
vt 1.881356 -1.425392
vt 1.743637 -1.381131
vt 1.881356 -1.583451
vt 1.743637 -1.583451
vt 2.281351 -1.381131
vt 2.373157 -1.381131
vt 2.373158 -1.583452
vt 2.281353 -1.553947
vt 2.281353 -1.583452
vt 1.881376 -0.2262206
vt 1.881378 -0.2630697
vt 1.743659 -0.2262206
vt 1.881378 -0.3946588
vt 1.743659 -0.3946589
vt 2.281372 -0.2262206
vt 2.373179 -0.2262206
vt 2.373179 -0.3946587
vt 2.281374 -0.3700948
vt 2.281374 -0.3946587
vt 2.281351 -4.761225
vt 2.373158 -4.76191
vt 2.281353 -4.76191
vt 1.881326 -2.394888
vt 1.881329 -2.437538
vt 1.743609 -2.394888
vt 1.881328 -2.589839
vt 1.743608 -2.589838
vt 2.281323 -2.394888
vt 2.373129 -2.394888
vt 2.373129 -2.58984
vt 2.281324 -2.56141
vt 2.281324 -2.58984
vt 1.881352 -3.101439
vt 1.881354 -3.145276
vt 1.743634 -3.10144
vt 1.881355 -3.301818
vt 1.743635 -3.301819
vt 2.281348 -3.101437
vt 2.373155 -3.101436
vt 2.373155 -3.301814
vt 2.28135 -3.272593
vt 2.28135 -3.301815
vt -1.881353 2.314324
vt -1.881355 2.358894
vt -1.743636 2.314324
vt -1.881355 2.518054
vt -1.743636 2.518053
vt -2.281349 2.314324
vt -2.373156 2.314324
vt -2.373156 2.518054
vt -2.281351 2.488344
vt -2.281351 2.518054
vt 1.881353 -3.089729
vt 1.881355 -3.132674
vt 1.743636 -3.089729
vt 1.881355 -3.286034
vt 1.743636 -3.286033
vt 2.281349 -3.08973
vt 2.373156 -3.089731
vt 2.373156 -3.286035
vt 2.281351 -3.257407
vt 2.281351 -3.286035
vt 1.881354 -3.631047
vt 1.881356 -3.675645
vt 1.743637 -3.631047
vt 1.881356 -3.834908
vt 1.743637 -3.834908
vt 2.28135 -3.631048
vt 2.373157 -3.631048
vt 2.373157 -3.834908
vt 2.281352 -3.805178
vt 1.881354 -3.890693
vt 1.881357 -3.930981
vt 1.743637 -3.890693
vt 1.881357 -4.074846
vt 1.743637 -4.074845
vt 2.281351 -3.890693
vt 2.373158 -3.890693
vt 2.373158 -4.074848
vt 2.281353 -4.047992
vt 2.281353 -4.074848
vt 1.881355 -3.900519
vt 1.881357 -3.947225
vt 1.743637 -3.900519
vt 1.881357 -4.114015
vt 1.743637 -4.114015
vt 2.281351 -3.900521
vt 2.373158 -3.900522
vt 2.373157 -4.114015
vt 2.281352 -4.08288
vt 2.281352 -4.114015
vt 1.881354 -3.549859
vt 1.881356 -3.589375
vt 1.743637 -3.549859
vt 1.881356 -3.730489
vt 1.743637 -3.73049
vt 2.28135 -3.549859
vt 2.373157 -3.549859
vt 2.373158 -3.730487
vt 2.281353 -3.704145
vt 2.281353 -3.730487
vt -1.881357 0.3965744
vt -1.881359 0.4374002
vt -1.74364 0.3965744
vt -1.881359 0.5831898
vt -1.74364 0.5831898
vt -2.281353 0.3965744
vt -2.37316 0.3965744
vt -2.37316 0.5831901
vt -2.281355 0.5559753
vt -2.281355 0.58319
vt 1.74364 -3.267315
vt 1.745013 -3.267325
vt 1.745013 -3.267963
vt 1.74364 -3.267967
vt -1.881368 1.501579
vt -1.88137 1.542908
vt -1.743651 1.501579
vt -1.881371 1.690494
vt -1.743651 1.690494
vt -2.281364 1.501579
vt -2.373171 1.501579
vt -2.373171 1.690493
vt -2.281366 1.662943
vt -2.281366 1.690493
vt 1.745452 -4.75722
vt 1.743636 -4.754826
vt 1.743636 -4.757234
vt 1.743636 -4.757696
vt 1.75161 -4.761904
vt 1.74364 -4.761913
vt 1.881353 -4.758235
vt 1.881355 -4.76191
vt 1.743641 -3.266128
vt 1.743641 -3.096864
vt 1.768983 -3.096873
vt 1.881361 -3.267465
vt 1.881366 -3.096875
vt 2.281354 -3.267874
vt 2.281357 -3.096874
vt 2.298886 -3.096874
vt 2.373158 -3.267968
vt 2.373158 -3.096872
vt 1.743641 -2.551938
vt 1.845614 -2.551937
vt 1.881356 -2.551936
vt 2.281357 -3.056495
vt 2.281352 -2.551943
vt 2.373158 -2.551944
vt 2.062328 -2.551938
vt 1.820194 -4.814066
vt 1.74364 -4.814069
vt 1.881353 -4.814067
vt 2.368388 -4.814065
vt 2.281358 -4.814065
vt 2.373157 -4.814065
vt 1.88135 -4.86058
vt 1.881358 -5.203888
vt 1.743639 -5.203888
vt 2.28135 -5.164805
vt 2.332736 -5.203888
vt 2.281353 -5.203888
vt 2.373158 -5.163466
vt -3.262543 -3.075461E-06
vt -4.765038 -3.075461E-06
vt -3.288506 0.1557885
vt -3.363144 0.346383
vt -3.634781 0.6308112
vt -3.479385 0.5066032
vt -4.548027 0.5137048
vt -4.40123 0.6308641
vt -4.203697 0.7130194
vt -4.015572 0.7354541
vt -3.811287 0.7087638
vt -4.670021 0.3559085
vt -4.74649 0.1789724
vt 1.409861E-05 0.6942649
vt 1.413569E-05 0.5363249
vt -0.6060534 0.694265
vt -0.6060535 0.536325
vt 1.156881E-05 1.548882
vt 1.139408E-05 1.344194
vt -0.606056 1.548882
vt -0.6060562 1.344194
vt -1.55377E-06 -3.233145
vt -2.14163E-06 -3.034205
vt 0.6060586 -3.233141
vt 0.6060581 -3.034206
vt -1.286848E-05 2.453236
vt -1.26608E-05 2.255293
vt -0.6060731 2.453236
vt -0.6060802 2.25529
vt -1.574732E-06 -3.234173
vt -1.036684E-06 -3.04636
vt 0.6060586 -3.234177
vt 0.6060591 -3.046359
vt -5.461311E-06 -3.821512
vt -5.4218E-06 -3.607574
vt 0.6060547 -3.821507
vt 0.6060621 -3.607571
vt -3.82124E-06 -4.07701
vt -3.821002E-06 -3.870992
vt 0.6060638 -4.077011
vt 0.6060638 -3.87099
vt -2.829584E-06 -3.772753
vt -3.05714E-06 -3.579801
vt 0.6060649 -3.772751
vt 0.6060571 -3.579798
vt -4.170224E-06 -4.089695
vt -4.304371E-06 -3.900233
vt 0.6060634 -4.089693
vt 0.6060634 -3.900234
vt -1.465988E-05 -2.574861
vt -1.449578E-05 -2.375403
vt 0.606053 -2.574861
vt 0.6060457 -2.375406
vt -2.610194E-05 -1.718775
vt -2.586016E-05 -1.526021
vt 0.6060414 -1.718775
vt 0.6060418 -1.526022
vt 7.432297E-06 -0.4910533
vt 7.507739E-06 -0.3111199
vt 0.6060751 -0.4910533
vt 0.606075 -0.3111194
vt 0.6039655 -4.765025
vt 0.6060591 -4.206041
vt 0.6060585 -4.765029
vt -4.823838 1.192096E-07
vt 0.6039634 -4.765605
vt 0.6060585 -4.76559
vt 0.529095 -4.823832
vt 0.606057 -4.823843
vt 0.005412104 -4.823836
vt -3.814697E-06 -4.765036
vt -3.814697E-06 -4.823834
vt -4.945202 1.192096E-07
vt -4.83679 0.140218
vt 0.3730446 -4.945196
vt 0.6060562 -4.945199
vt 0.01659083 -4.945204
vt -3.814697E-06 -4.945198
vt -5.163466 1.192096E-07
vt -4.684247 0.404982
vt -5.163466 0.02249054
vt 0.0561587 -5.191646
vt 0.6060553 -5.055708
vt 0.0871253 -5.191652
vt 0.6060595 -5.191659
vt 0.03928985 -5.191646
vt 0.02817467 -5.191645
vt -3.814697E-06 -5.163466
vt -4.117682 0.7487985
vt -3.716879 0.6964323
vt -3.736282 0.7119408
vt -3.741407 0.716037
vt -3.743666 0.7178417
vt -3.79659 0.76015
vt -4.051159 0.7764661
vt -3.897138 0.840521
vt -4.238026 0.7611332
vt -4.119761 0.8555176
vt -4.017758 0.936932
vt -5.085935 1.790724
vt -5.163466 1.852699
vt -5.04331 1.756653
vt -4.971994 1.699651
vt -4.822253 1.579962
vt -4.58134 1.387401
vt 0.04041747 -5.203888
vt 0.6060596 -5.203888
vt -3.401516 0.4443662
vt -3.427239 0.5100493
vt -3.473254 0.6275488
vt -3.480122 0.6450883
vt -3.510056 0.7215129
vt -3.517056 0.7393769
vt -3.520356 0.7478091
vt -3.536659 0.7894604
vt -5.163466 2.058193
vt -3.892838 1.698993
vt -4.033503 2.058193
vt -3.320456 0.347506
vt -3.321628 0.3545413
vt -3.348408 0.5152543
vt -3.366776 0.6253962
vt -3.371726 0.6550923
vt -3.383685 0.7268599
vt -3.388008 0.7528021
vt -3.390088 0.7652904
vt -3.396743 0.8052377
vt -3.528514 1.596
vt -3.60554 2.058193
vt -2.551944 1.192096E-07
vt -2.551939 0.08729087
vt -2.551942 0.1387664
vt -2.551944 0.3017013
vt -2.55194 0.367664
vt -2.551937 0.5057279
vt -2.55194 0.5678418
vt -2.551944 0.6089229
vt -2.551947 0.7307502
vt -2.551946 0.7620525
vt -2.551945 0.83978
vt -2.551943 0.8777663
vt -2.551938 0.9004998
vt -2.551936 1.319927
vt -2.551936 0.9005001
vt -2.551937 2.058193
vt 0.606061 -3.222814
vt 0.5404842 -2.551941
vt 0.6060621 -2.551942
vt 0.606061 -3.259096
vt -3.814697E-06 -3.262544
vt 0.333135 -2.551941
vt -3.814697E-06 -2.55194
vt 0.9244801 -2.55194
vt 0.6096056 -3.259076
vt 1.186577 2.158193
vt 0.1999962 2.158193
vt 1.186577 2.703767
vt 0.1999983 2.703767
vt 2.173158 2.158193
vt 2.173156 2.703767
vt 2.373158 1.192093E-07
vt -3.814697E-06 1.192093E-07
vt -3.814697E-06 1.114483
vt 2.373158 1.12044
vt 0.2709579 2.087482
vt 0.4060211 2.158193
vt 1.967133 2.158193
vt 2.102203 2.087482
vt 2.125366 2.058193
vt 2.125366 1.12044
vt 0.2477875 1.114483
vt 0.2477875 2.058193
vt -0.8259006 -0.8846059
vt -1.010677 -0.8846059
vt -1.049177 -0.6841477
vt -1.201019 -0.6904415
vt -0.1999962 0
vt -0.4332446 0.171646
vt -0.4060211 0.1778488
vt -0.4416733 0.1778488
vt -1.186577 0
vt -1.186577 0.1778488
vt -2.173158 0
vt -1.967133 0.1778488
vt -1.181831 -1.145117
vt -1.366607 -1.145117
vt -0.9914885 -0.9505756
vt -1.143337 -0.9450482
vt 1.887766 1.087373
vt 1.911355 1.053325
vt 1.587712 1.087373
vt 1.606367 1.055177
vt 1.927966 2.058193
vt 1.927966 1.12044
vt 1.622957 2.058193
vt 1.622957 1.12044
vt 2.375962 0.003898018
vt 0.002793425 0.003898018
vt 2.128172 0.1817479
vt 0.2505839 0.1817436
vt 0.3046047 1.115726
vt 0.3050063 1.114483
vt 0.3050063 1.115727
vt -3.099081E-06 2.058193
vt 0.3050063 2.058193
vt -3.099081E-06 1.778008
vt 0.02379168 1.811912
vt 0.3050063 1.778008
vt 0.3238301 1.810115
vt 0.5062473 2.158184
vt 0.1 2.158184
vt 0.5062468 2.25242
vt 0.1 2.703758
vt 0.5062468 2.703758
vt 2.451942 2.629313
vt 2.131015 2.629313
vt 2.451941 2.703758
vt 0.5062468 2.629313
vt 2.451944 2.229312
vt 2.451944 2.158184
vt 0.5062469 2.229313
vt -0.2227137 -0.5062467
vt -0.2227137 0
vt -0.1935149 -0.5062461
vt -0.0812925 -0.5062473
vt -0.0812925 -0.1
vt -0.1812925 0
vt -0.09288143 -2.251017
vt -0.09288143 -0.5062474
vt -0.0812925 -2.451944
vt -1.366607 -1.009867
vt -1.290063 -1.009867
vt -1.274219 -1.116939
vt 0.5062467 1.705653
vt 0.506244 2.058193
vt 0.5062475 1.663339
vt 0.5062485 1.576489
vt 0.5062479 1.391406
vt 0.5062479 1.004986
vt -3.570931E-08 1.12044
vt 0.5062451 0.8593597
vt 0.506246 0.5784577
vt 0.5062451 0.5598003
vt 0.4272716 0.3689325
vt 0.3954193 0.1425669
vt 0.4213071 2.007941E-07
vt -2.373159 0.5042555
vt -2.37316 0.7108106
vt -2.342791 0.7108272
vt -2.273163 0.6787688
vt -2.27316 0.5042555
vt -2.273162 0.710827
vt -2.37316 0.1962715
vt -2.37316 0.424867
vt -2.273163 0.3771472
vt -2.27316 0.1962715
vt -2.273163 0.424867
vt -2.373155 -0.07527468
vt -2.373155 0.06962343
vt -2.273158 0.03937566
vt -2.273155 -0.07527468
vt -2.273158 0.06962365
vt 2.273161 -0.02206962
vt 2.273161 8.30255E-16
vt 2.273161 -0.08942146
vt 2.373158 -0.4213071
vt 2.273161 -0.4222329
vt 1.518964 1.000419
vt 1.755461 0.9170719
vt 1.95315 0.7650037
vt 2.088094 0.5751627
vt 2.177891 0.3429756
vt 2.198198 0.1326332
vt 2.185296 2.007941E-07
vt 1.307068 1.03873
vt 1.096735 1.014631
vt 0.8610694 0.9240659
vt 0.6663176 0.7768074
vt 0.5115952 0.5727309
vt 2.28134 -0.2167548
vt 2.373147 -0.2167548
vt 2.373146 -0.4657013
vt 2.281344 -0.4179919
vt 2.281343 -0.4657014
vt 2.281335 0.1320998
vt 2.373142 0.1320998
vt 2.373143 -0.07922056
vt 2.28134 -0.038722
vt 2.28134 -0.07922046
vt 2.281361 0.3448405
vt 2.373167 0.3448406
vt 2.373166 0.2115814
vt 2.281363 0.2371203
vt 2.281363 0.2115814
vt 2.281355 -0.999992
vt 2.373162 -0.9999912
vt 2.373163 -1.24415
vt 2.28136 -1.197358
vt 2.28136 -1.24415
vt 2.281352 -1.135241
vt 2.373157 -1.135241
vt 2.373157 -1.38771
vt 2.281354 -1.339325
vt 2.281354 -1.38771
vt 2.281351 -1.101406
vt 2.373158 -1.101406
vt 2.373158 -1.316738
vt 2.281355 -1.275471
vt 2.281355 -1.316739
vt 2.28135 -1.205104
vt 2.373157 -1.205105
vt 2.373157 -1.416813
vt 2.281355 -1.37624
vt 2.281355 -1.416813
vt 2.281361 -0.5080609
vt 2.373168 -0.5080608
vt 2.373168 -0.740976
vt 2.281366 -0.696339
vt 2.281366 -0.7409766
vt 2.281349 -1.100075
vt 2.373156 -1.100075
vt 2.373156 -1.350829
vt 2.281353 -1.302774
vt 2.281353 -1.350829
vt 2.281351 -0.8322712
vt 2.373156 -0.8322709
vt 2.373156 -1.081681
vt 2.281354 -1.033882
vt 2.281354 -1.081681
vt -2.281349 0.7654768
vt -2.373156 0.7654768
vt -2.373156 1.021575
vt -2.281353 0.9724949
vt -2.281353 1.021575
vt -2.37316 0.72481
vt -2.281356 0.7108255
vt -2.281357 0.7248104
vt 2.281352 -2.183278
vt 2.373158 -2.185296
vt 2.273149 -0.4137332
vt 2.273147 -0.2167548
vt 2.273149 -0.4657014
vt 2.273146 -0.03510701
vt 2.273142 0.1320998
vt 2.273146 -0.07922046
vt 2.273169 0.2394
vt 2.273169 0.3448405
vt 2.273169 0.2115815
vt 2.273165 -1.193182
vt 2.273162 -0.999992
vt 2.273165 -1.24415
vt 2.27316 -1.335006
vt 2.273159 -1.135241
vt 2.27316 -1.38771
vt 2.273161 -1.271787
vt 2.273158 -1.101406
vt 2.273161 -1.316739
vt 2.27316 -1.372618
vt 2.273157 -1.205104
vt 2.27316 -1.416813
vt 2.273171 -0.6923546
vt 2.273168 -0.5080609
vt 2.273171 -0.7409766
vt 2.273159 -1.298484
vt 2.273156 -1.100075
vt 2.273159 -1.350829
vt 2.273159 -1.029616
vt 2.273158 -0.8322712
vt 2.273159 -1.081681
vt -2.273159 0.9681139
vt -2.273156 0.7654768
vt -2.273159 1.021575
vt -2.273163 0.7248104
vt 2.273159 -2.183097
vt 2.273161 -2.551943
vt -0.1 2.158193
vt -0.5062473 2.158193
vt -0.5062473 2.609531
vt -0.1 2.703767
vt -0.5062469 2.703767
vt -2.451944 2.158193
vt -2.451941 2.703767
vt -1.482356 -0.5062466
vt -1.455359 3.11843E-09
vt -1.455359 -0.506244
vt -1.484558 -0.5062478
vt -1.59678 -0.5062473
vt -1.59678 -0.1
vt -1.49678 3.11843E-09
vt -1.59678 -2.451944
vt -0.8259007 -0.6852825
vt -0.9182886 -0.7923547
vt -0.9024444 -0.6852825
vt -0.4136428 1.192096E-07
vt -0.3993577 0.1242287
vt -0.4182746 0.3471462
vt -0.506246 0.6023265
vt -0.5062449 0.5595096
vt -0.5062463 0.8301244
vt -0.5062466 0.9887059
vt -0.5062466 1.359568
vt -0.5062483 1.548597
vt -0.5062472 1.659344
vt -0.5062468 1.705799
vt -0.5062467 2.058193
vt -0.5187439 0.5896826
vt -0.6432099 0.7531918
vt -0.8339906 0.9072778
vt -1.049791 1.001459
vt -1.294013 1.0387
vt -1.491323 1.020097
vt -2.187662 1.192096E-07
vt -2.199258 0.1306144
vt -2.168141 0.377731
vt -2.075599 0.5992927
vt -1.925632 0.7885532
vt -1.734194 0.9248528
vt -5.541892E-06 -1.27683
vt -5.456793E-06 -1.015952
vt 0.09999751 -1.067953
vt 0.09999595 -1.27683
vt 0.09999748 -1.015952
vt -3.449045E-06 -1.388984
vt -3.680795E-06 -1.190799
vt 0.0999993 -1.230304
vt 0.09999967 -1.388985
vt 0.09999929 -1.190799
vt -3.994483E-06 -1.435806
vt -3.758167E-06 -1.18876
vt 0.09999917 -1.238004
vt 0.09999751 -1.435806
vt 0.09999918 -1.18876
vt -2.12281E-06 -1.36273
vt -2.997178E-06 -1.127273
vt 0.1000045 -1.174209
vt 0.100001 -1.36273
vt 0.1000045 -1.127274
vt -1.050973E-06 -0.8193396
vt -1.250659E-06 -0.5778656
vt 0.1000017 -0.6259984
vt 0.1000021 -0.8193396
vt 0.1000017 -0.5778652
vt -7.470544E-06 -1.111307
vt -8.340867E-06 -0.8763045
vt 0.09999478 -0.9231465
vt 0.09999565 -1.111306
vt 0.09999464 -0.8763039
vt 1.050264E-05 -0.4870787
vt 9.89154E-06 -0.246967
vt 0.100013 -0.2948283
vt 0.1000136 -0.4870787
vt 0.1000128 -0.2469669
vt 2.201102E-06 0.7106564
vt 2.481495E-06 0.4807946
vt -0.1000005 0.533123
vt -0.1000009 0.7106605
vt -0.1000004 0.4807945
vt 2.161261E-06 0.7433169
vt -0.100001 0.7433169
vt 4.406802E-06 0.381271
vt 4.141605E-06 0.1575522
vt -0.09999874 0.2021458
vt -0.09999871 0.381271
vt -0.09999876 0.1575522
vt 1.20943E-06 0.07779364
vt 1.363186E-06 -0.04725354
vt -0.1000016 -0.02232801
vt -0.1000019 0.07779362
vt -0.1000016 -0.04725347
vt 1.904268E-06 0.9889016
vt 2.273951E-06 0.7834093
vt -0.1000007 0.8243699
vt -0.1000012 0.9889016
vt -0.1000007 0.7834093
vt -6.640098E-06 -1.218868
vt -5.566469E-06 -0.9736342
vt 0.0999973 -1.022518
vt 0.1000011 -1.218869
vt 0.09999738 -0.9736346
vt -6.695248E-06 -0.145168
vt -6.889537E-06 0.1039001
vt 0.09999605 0.05425356
vt 0.09999638 -0.145168
vt 0.09999605 0.1039
vt -1.213173E-05 0.1934525
vt -1.193739E-05 0.3245804
vt 0.09999096 0.2984428
vt 0.09999098 0.1934525
vt 0.09999096 0.3245805
vt -3.814697E-06 -2.187662
vt 0.0999997 -2.187325
vt 0.09999922 -2.215717
vt -3.814697E-06 -2.215706
vt 0.09999735 -2.325902
vt -3.814697E-06 -2.325897
vt 0.09999749 -0.4135916
vt -3.814697E-06 -0.4136428
vt -3.814697E-06 -0.3888204
vt 0.09999762 -0.3888263
vt -3.814697E-06 -0.274475
vt 0.09999823 -0.2744644
vt 0.09999749 -0.08265748
vt 0.09999844 8.258202E-16
vt 0.09999353 -2.55049
vt -3.814697E-06 -2.550479
vt 0.0999935 -2.551941
vt -1.804493 2.703756
vt -1.945915 2.158182
vt -1.945914 2.703756
vt -1.804493 2.158182
vt -0.09999619 -2.451944
vt 0.2000019 -2.551942
vt 0.09999521 -2.45194
vt 0.2485448 2.629301
vt 0.2678419 2.703745
vt 0.267842 2.6293
vt 0.1264208 2.629301
vt 0.1264207 2.703745
vt 0.1264212 2.158171
vt 0.1448588 2.2293
vt 0.2678423 2.2293
vt 0.2678424 2.158171
vt 0.1264211 2.2293
vt -2.273158 -2.451944
vt 2.273161 -2.451938
vt 2.173158 -2.551941
vt 1.536654 2.158188
vt 1.678073 2.703763
vt 1.678075 2.158188
vt 1.536652 2.703763
vt -1.181831 -1.009867
vt 2.209323 -0.03615906
vt 2.173162 8.300509E-16
vt 2.267569 -0.09442229
vt 2.273157 -0.1000006
vt -2.697398E-06 2.158193
vt 0.1414201 2.703767
vt 0.1414187 2.158193
vt -1.215797E-06 2.703767
vt -1.010677 -0.6852825
vt 0.1094916 -0.09050494
vt 0.1999964 8.260243E-16
vt 0.09999916 -0.1000008
vt -2.23785 -0.5062475
vt -2.237808 -0.1146446
vt -2.068788 -0.5062458
vt -1.186548 -0.5062453
vt -1.186547 -0.001728745
vt -2.158514 -0.03535451
vt -0.9687673 -0.5062435
vt -0.1353036 -0.5062439
vt -0.1353461 -0.1146447
vt -0.2146138 -0.03371094
vt -1.881357 -2.4758
vt -1.18655 -2.550296
vt -1.881356 -2.527379
vt -1.881358 -0.9405006
vt -1.881357 -0.5062472
vt -0.2146136 -2.518237
vt -0.1350941 -2.437555
vt -2.23806 -2.437555
vt -2.15854 -2.518237
vt -1.881352 0.8584995
vt -1.186577 0.8153954
vt -1.881356 0.8153954
vt -2.158538 0.8756962
vt -2.173156 0.8153954
vt -1.881356 0.8705858
vt -1.18655 0.8577756
vt -1.18655 2.668238
vt -0.1999983 2.618211
vt -1.186577 2.618211
vt -0.2146159 2.669294
vt 0.141064 0.3604283
vt 0.2678419 0.2993997
vt 0.1264206 0.2993997
vt 0.2543434 0.3599571
vt 0.1146446 0.9566815
vt 0.5062437 0.9464221
vt 0.5062469 0.8954473
vt 0.1 0.8954473
vt 2.451941 0.8954473
vt 0.5062434 0.956657
vt 2.437552 0.956536
vt 1.551297 1.381706
vt 1.678074 1.32047
vt 1.536652 1.32047
vt 1.663433 1.381705
vt 1.186547 2.752182
vt 2.173156 2.702152
vt 1.186577 2.702152
vt 2.158512 2.753344
vt -1.932416 1.354455
vt -1.804493 1.293894
vt -1.945914 1.293894
vt -1.819136 1.354919
vt -0.5062467 2.28104
vt -0.1 2.270423
vt -0.5062468 2.270423
vt -2.437552 2.331512
vt -2.451941 2.270423
vt -0.506247 2.331633
vt -0.1146447 2.331657
vt 0.2146161 2.302127
vt 1.186577 2.241825
vt 0.1999983 2.241825
vt 0.01463974 2.350571
vt 0.1414201 2.289336
vt -1.222951E-06 2.289336
vt 0.1279193 2.349891
vt 0.5062455 0.02931095
vt 0.5062497 2.687847E-06
vt 0.5062457 0.269286
vt 0.5062456 0.5387794
vt 1.894377 -0.4256909
vt 1.897096 -0.4257149
vt 1.89437 -0.4291603
vt 1.897167 -0.5062475
vt 1.894364 -0.5062445
vt 1.897173 -2.185292
vt 1.894153 -2.206768
vt 1.894156 -2.185295
vt 1.894124 -0.2167547
vt 1.894123 -0.4657017
vt 1.894119 0.1320998
vt 1.894127 -0.07922011
vt 1.894151 0.3448405
vt 1.894143 0.2115815
vt 1.894139 -0.9999951
vt 1.894147 -1.244151
vt 1.894141 -1.135241
vt 1.894134 -1.387708
vt 1.894135 -1.101406
vt 1.894135 -1.316741
vt 1.894134 -1.205102
vt 1.894134 -1.416813
vt 1.894145 -0.508061
vt 1.894145 -0.7409788
vt 1.894132 -1.100077
vt 1.89414 -1.350831
vt 1.894141 -0.8322724
vt 1.894133 -1.08168
vt -1.894133 0.7654769
vt -1.894133 1.021576
vt -1.894137 0.5042555
vt -1.894137 0.7108178
vt -1.894137 0.7248116
vt -1.894137 0.1962714
vt -1.894137 0.4248671
vt -1.894132 -0.07527468
vt -1.894132 0.06962448
vt 1.902016 -0.421315
vt 1.894372 -0.4213138
vt 2.273161 -0.4213103
vt 1.89864 -2.174863
vt 1.894157 -2.174898
vt 1.903166 -2.18529
vt 2.273159 -2.185291
vt 1.953408 -0.375358
vt 1.894379 -0.3753553
vt 2.27316 -0.3753577
vt 2.066072 -0.274609
vt 1.894395 -0.2746088
vt 2.273159 -0.2746027
vt 2.022615 -0.07736609
vt 1.894406 -0.1056624
vt 1.894411 -0.07736415
vt 2.250513 -0.07736246
vt 1.894425 8.294821E-16
vt 0.5185477 0.2931252
vt 0.1396447 -0.08577768
vt 0.1396428 -0.09867831
vt 0.5185506 -0.09867831
vt 0.5185477 0.3013217
vt 0.1396285 0.3013217
vt -0.5185521 0.4053134
vt -0.1830798 0.405318
vt -0.1396065 0.8400511
vt -0.139626 0.9686751
vt -0.5185506 0.9686751
vt -0.1395266 0.4053176
vt 0.5185503 0.294631
vt 0.51855 0.8867344
vt 0.4593401 0.2946355
vt 0.1395283 0.294632
vt 0.5185477 0.9686751
vt 0.1396453 0.9686751
vt 1.914328 -2.211001
vt 1.894151 -2.211003
vt 2.273159 -2.210998
vt 1.914327 -2.210999
vt 1.957538 -2.31054
vt 1.894138 -2.310534
vt 2.27316 -2.310541
vt 1.894108 -2.551936
vt -0.5185541 -0.4233981
vt -0.4185582 -0.4949376
vt -0.2731052 -0.4949363
vt -0.1393682 -0.4949347
vt 0.4185561 -0.4949386
vt 0.5185508 -0.4234043
vt 0.3803827 -0.4949384
vt 0.1393911 -0.4949384
vt -0.5062461 0.5409485
vt -0.5062461 0.5195526
vt -0.5062438 0.3038128
vt -0.5062451 0.1998698
vt -0.5062473 0.01993501
vt -0.5062484 -2.019635E-06
vt 0.5016846 -1.276828
vt 0.5016921 -1.015953
vt 0.5016941 -1.388986
vt 0.5016865 -1.1908
vt 0.5016862 -1.435806
vt 0.5016938 -1.188759
vt 0.5016954 -1.362729
vt 0.5016876 -1.127274
vt 0.5016965 -0.8193398
vt 0.5016963 -0.5778634
vt 0.5016901 -1.111303
vt 0.5016818 -0.8763016
vt 0.501708 -0.4870787
vt 0.5017074 -0.2469661
vt -0.4392868 0.7106604
vt -0.501695 0.4807937
vt -0.5016954 0.7106572
vt -0.5016954 0.7433168
vt -0.5016932 0.1575525
vt -0.5016931 0.3812709
vt -0.5016961 0.07779357
vt -0.5016962 -0.04725321
vt -0.5016956 0.9889016
vt -0.5016953 0.7834092
vt 0.501684 -1.21887
vt 0.501692 -0.9736362
vt 0.5016906 -0.1451679
vt 0.5016906 0.1038995
vt 0.5016854 0.1934525
vt 0.5016854 0.3245806
vt 0.5013837 -0.4136603
vt 0.5013897 -0.5062466
vt 0.5003631 -0.5062556
vt 0.5001234 -0.4136595
vt 0.501416 -0.913097
vt 0.5014964 -2.185973
vt 0.5014961 -2.187659
vt 0.4907668 -2.215704
vt 0.5014934 -2.192824
vt 0.5014949 -2.215707
vt 0.0999997 -2.187656
vt 0.4390876 -2.325939
vt 0.5015022 -2.325938
vt 0.5013893 -0.413107
vt 0.5001227 -0.4133866
vt 0.4704234 -0.3888382
vt 0.5013877 -0.3888327
vt 0.3320321 -0.2744489
vt 0.5013799 -0.2744449
vt 0.5013613 8.266393E-16
vt 0.3338328 -2.550453
vt 0.501517 -2.550459
vt 0.1985135 -2.550454
vt 0.5015171 -2.551942
vt 1.833395 -0.5062453
vt 0.5047103 -2.185962
vt 1.881358 -0.5062438
vt 1.881364 -2.175
vt 1.881364 -2.175
vt 1.881361 -2.297733
vt 0.1267441 -0.09867831
vt 0.1267441 0.3013217
vt 0.9686751 0.3013217
vt -0.4949349 0.1549607
vt -0.4949377 -0.09867831
vt 0.9686751 -0.09867831
vt -0.4949343 0.3013217
vt -0.1267441 0.9686751
vt -0.1267441 -0.4949344
vt 0.1267441 0.9686751
vt 0.1267441 -0.4949384
vt 0.02186155 -2.381149
vt -0.08166552 -2.381149
vt 0.02186251 3.118851
vt -0.08166456 3.118851
vt 0.03249073 -2.38115
vt 0.02731466 -2.38115
vt 0.03248978 3.118851
vt 0.02731442 3.118851
vt 0.3237154 -2.381149
vt 0.2201877 -2.381149
vt 0.3237154 3.118851
vt 0.2201877 3.118851
vt -0.2693636 -2.381149
vt -0.2745402 -2.381149
vt -0.2693632 3.118851
vt -0.2745399 3.118851
vt 0.5526993 -2.381149
vt 0.4491715 -2.381149
vt 0.5526993 3.118851
vt 0.4491715 3.118851
vt -0.4983473 -2.381149
vt -0.5035241 -2.381149
vt -0.498347 3.118851
vt -0.5035238 3.118851
vt 0.6474583 -2.381149
vt 0.5439305 -2.381149
vt 0.6474586 3.118851
vt 0.5439305 3.118851
vt -0.5931065 -2.381149
vt -0.5982831 -2.381149
vt -0.593106 3.118851
vt -0.5982828 3.118851
vt 0.5826008 -2.381149
vt 0.4790735 -2.381149
vt 0.5826008 3.118851
vt 0.4790735 3.118851
vt -0.5282485 -2.381149
vt -0.5334251 -2.381149
vt -0.5282481 3.118851
vt -0.5334246 3.118851
vt 0.3755062 -2.38115
vt 0.2719789 -2.38115
vt 0.3755057 3.118851
vt 0.2719789 3.118851
vt -0.3211536 -2.38115
vt -0.3263297 -2.38115
vt -0.3211527 3.118851
vt -0.3263285 3.118851
vt 0.08166528 -2.381149
vt -0.02186203 -2.381149
vt 0.08166456 3.118851
vt -0.02186251 3.118851
vt -0.02731586 -2.38115
vt -0.03249145 -2.38115
vt -0.02731442 3.118851
vt -0.03249002 3.118851
vt -0.2201881 -2.381149
vt -0.3237157 -2.381149
vt -0.2201877 3.118851
vt -0.3237154 3.118851
vt 0.2745397 -2.381149
vt 0.2693634 -2.381149
vt 0.2745399 3.118851
vt 0.2693634 3.118851
vt -0.4491715 -2.381149
vt -0.5526996 -2.381149
vt -0.4491715 3.118851
vt -0.5526993 3.118851
vt 0.5035238 -2.381149
vt 0.4983473 -2.381149
vt 0.5035238 3.118851
vt 0.4983473 3.118851
vt -0.543931 -2.381149
vt -0.6474586 -2.381149
vt -0.5439305 3.118851
vt -0.6474583 3.118851
vt 0.5982828 -2.381149
vt 0.5931063 -2.381149
vt 0.5982828 3.118851
vt 0.5931065 3.118851
vt -0.479074 -2.381149
vt -0.5826015 -2.381149
vt -0.4790735 3.118851
vt -0.5826011 3.118851
vt 0.5334253 -2.38115
vt 0.5282488 -2.38115
vt 0.5334253 3.118851
vt 0.5282488 3.118851
vt -0.2719798 -2.381149
vt -0.3755069 -2.381149
vt -0.2719789 3.118851
vt -0.3755064 3.118851
vt 0.3263297 -2.38115
vt 0.3211544 -2.38115
vt 0.3263292 3.118851
vt 0.3211534 3.118851
vt 0.3718555 -0.1952357
vt 0.3907633 -0.08242415
vt 0.5612643 -0.1819109
vt 0.5622127 -0.1762698
vt -0.3907633 -0.082424
vt -0.3718557 -0.1952356
vt -0.5622129 -0.1762701
vt -0.5612645 -0.1819105
vt 0.3999567 -0.09217562
vt 0.4574656 -0.006771848
vt 0.5634515 -0.1731402
vt 0.5663252 -0.1688704
vt -0.4574654 -0.006771863
vt -0.3999565 -0.09217539
vt -0.5663249 -0.1688699
vt -0.5634513 -0.17314
vt 0.4631836 -0.01303771
vt 0.5628669 0.01935624
vt 0.5685792 -0.1713776
vt 0.5735645 -0.1697578
vt -0.5628669 0.01935622
vt -0.4631836 -0.01303768
vt -0.5735645 -0.1697579
vt -0.5685792 -0.1713776
vt 0.5724483 0.01935625
vt 0.6721315 -0.01303771
vt 0.5617507 -0.1697578
vt 0.566736 -0.1713776
vt -0.6721315 -0.01303768
vt -0.5724483 0.01935622
vt -0.566736 -0.1713776
vt -0.5617507 -0.1697578
vt 0.6778495 -0.006771415
vt 0.7353568 -0.09217745
vt 0.5689893 -0.168869
vt 0.5718627 -0.1731389
vt -0.7353566 -0.09217697
vt -0.6778493 -0.006771177
vt -0.5718625 -0.1731389
vt -0.568989 -0.1688685
vt 0.7445521 -0.08242396
vt 0.7634592 -0.1952357
vt 0.573102 -0.1762697
vt 0.5740504 -0.1819108
vt -0.7634594 -0.1952357
vt -0.7445524 -0.08242399
vt -0.5740507 -0.1819105
vt -0.5731022 -0.1762699
vt 0.7634594 -0.1708839
vt 0.7445524 -0.2836959
vt 0.5740504 -0.184209
vt 0.573102 -0.1898497
vt -0.7445524 -0.2836959
vt -0.7634594 -0.1708844
vt -0.573102 -0.1898501
vt -0.5740504 -0.184209
vt 0.7353566 -0.2739425
vt 0.6778493 -0.3593483
vt 0.5718625 -0.1929808
vt 0.568989 -0.1972507
vt -0.6778495 -0.3593483
vt -0.7353568 -0.2739426
vt -0.5689893 -0.1972507
vt -0.5718627 -0.1929808
vt 0.6721313 -0.3530818
vt 0.572448 -0.3854758
vt 0.5667357 -0.1947419
vt 0.5617504 -0.1963617
vt -0.5724478 -0.3854757
vt -0.6721311 -0.3530818
vt -0.5617502 -0.1963616
vt -0.5667355 -0.1947419
vt 0.5628669 -0.3854757
vt 0.4631836 -0.3530818
vt 0.5735645 -0.1963617
vt 0.5685792 -0.1947419
vt -0.4631834 -0.3530818
vt -0.5628667 -0.3854757
vt -0.568579 -0.1947419
vt -0.5735643 -0.1963616
vt 0.4574654 -0.3593479
vt 0.3999567 -0.2739441
vt 0.5663252 -0.1972496
vt 0.5634513 -0.1929797
vt -0.3999567 -0.2739444
vt -0.4574652 -0.3593479
vt -0.5634513 -0.1929797
vt -0.5663249 -0.1972495
vt 0.3907633 -0.283696
vt 0.3718557 -0.170884
vt 0.5622127 -0.1898496
vt 0.5612643 -0.184209
vt -0.3718557 -0.1708841
vt -0.3907633 -0.2836959
vt -0.5612645 -0.1842089
vt -0.5622129 -0.18985
vt 0.01881552 0.2138238
vt -0.07510948 0.2148788
vt 0.0153079 0.5228243
vt -0.07861757 0.5238793
vt -0.01539564 0.2171614
vt -0.04286957 0.2173002
vt -0.01693106 0.5204034
vt -0.04440022 0.5205498
vt 0.3237271 0.2188516
vt 0.2201886 0.2188516
vt 0.3237162 0.5188518
vt 0.2201772 0.5188513
vt 0.2874808 0.2188518
vt 0.2564111 0.2188518
vt 0.2874923 0.518852
vt 0.2564225 0.5188525
vt 0.5527 0.2188514
vt 0.4491601 0.2188517
vt 0.552712 0.5188516
vt 0.449172 0.5188509
vt 0.5164676 0.2188517
vt 0.4854074 0.2188515
vt 0.5164647 0.518852
vt 0.4854035 0.518844
vt 0.64747 0.2188518
vt 0.5439305 0.2188516
vt 0.6474581 0.518852
vt 0.5439181 0.5188522
vt 0.6112232 0.2188514
vt 0.580163 0.2188512
vt 0.6112261 0.518844
vt 0.5801649 0.5188524
vt 0.5826006 0.2188516
vt 0.4790621 0.2188516
vt 0.582612 0.5188513
vt 0.4790735 0.5188518
vt 0.5463743 0.2188516
vt 0.5153084 0.218852
vt 0.5463657 0.5188522
vt 0.5152998 0.5188518
vt 0.3689518 0.214879
vt 0.2750258 0.2138243
vt 0.3724594 0.5238788
vt 0.2785335 0.522824
vt 0.3367124 0.2173002
vt 0.3092384 0.2171614
vt 0.338243 0.5205498
vt 0.3107734 0.5204031
vt 0.07511091 0.2148793
vt -0.01881599 0.2138247
vt 0.07861805 0.5238788
vt -0.0153079 0.5228245
vt 0.04287052 0.2173002
vt 0.01539707 0.2171614
vt 0.04440594 0.5205419
vt 0.01693249 0.5204031
vt -0.2201886 0.2188516
vt -0.3237271 0.2188516
vt -0.2201772 0.5188518
vt -0.3237162 0.5188522
vt -0.2564178 0.2188513
vt -0.2874818 0.2188523
vt -0.2564235 0.5188525
vt -0.2874875 0.518852
vt -0.4491591 0.2188519
vt -0.5526991 0.2188518
vt -0.449172 0.5188559
vt -0.552711 0.5188482
vt -0.4854064 0.2188514
vt -0.5164671 0.2188517
vt -0.485404 0.5188516
vt -0.5164647 0.5188519
vt -0.5439305 0.2188514
vt -0.6474705 0.2188517
vt -0.5439186 0.5188483
vt -0.6474576 0.5188557
vt -0.580162 0.2188518
vt -0.6112232 0.2188516
vt -0.5801649 0.518852
vt -0.6112256 0.5188518
vt -0.4790621 0.2188516
vt -0.5826006 0.2188516
vt -0.4790735 0.5188522
vt -0.582612 0.5188518
vt -0.5153079 0.2188511
vt -0.5463719 0.2188516
vt -0.5153022 0.5188518
vt -0.5463662 0.5188522
vt -0.2750254 0.2138238
vt -0.3689504 0.2148786
vt -0.2785339 0.5228245
vt -0.3724594 0.5238788
vt -0.3092384 0.2171614
vt -0.3367119 0.2173002
vt -0.3107738 0.5204031
vt -0.3382473 0.5205419
vt 0.5007095 -0.1860691
vt 0.5080285 -0.1491303
vt 0.5884581 -0.1819246
vt 0.5862651 -0.1930048
vt -0.391366 -0.08276239
vt -0.3697309 -0.1919683
vt -0.6226606 -0.2124725
vt -0.6291523 -0.1797163
vt 0.5100527 -0.1517987
vt 0.5311337 -0.1239477
vt 0.5858326 -0.1913697
vt 0.579504 -0.1997266
vt -0.459672 -0.008312941
vt -0.3973556 -0.09065714
vt -0.6026907 -0.2323422
vt -0.6213841 -0.207638
vt 0.5340009 -0.1253552
vt 0.565022 -0.1150323
vt 0.5778966 -0.1997362
vt 0.5685916 -0.2028323
vt -0.559876 0.01804537
vt -0.4681449 -0.01247567
vt -0.5704131 -0.2415265
vt -0.5979304 -0.2323658
vt 0.5702939 -0.1150329
vt 0.6013136 -0.1253557
vt 0.5667281 -0.2028334
vt 0.5574179 -0.199738
vt -0.6671705 -0.01247528
vt -0.5754371 0.01804543
vt -0.5373845 -0.2323672
vt -0.5649037 -0.2415276
vt 0.6041799 -0.1239469
vt 0.6252608 -0.1518011
vt 0.5558057 -0.1997252
vt 0.5494819 -0.1913687
vt -0.7379599 -0.09065619
vt -0.675643 -0.008312911
vt -0.5139308 -0.2076376
vt -0.5326285 -0.2323421
vt 0.6272874 -0.149131
vt 0.6346059 -0.1860698
vt 0.5490499 -0.1930051
vt 0.5468574 -0.1819249
vt -0.7655811 -0.1919772
vt -0.743948 -0.08276197
vt -0.5061607 -0.1797129
vt -0.5126505 -0.2124718
vt 0.6346049 -0.1800478
vt 0.6272883 -0.2169846
vt 0.5468574 -0.1841966
vt 0.5490494 -0.173114
vt -0.743948 -0.2833566
vt -0.7655816 -0.1741452
vt -0.512651 -0.1536463
vt -0.5061612 -0.1864095
vt 0.6252632 -0.2143072
vt 0.6041822 -0.2421635
vt 0.5494843 -0.1747466
vt 0.5558076 -0.1663886
vt -0.675643 -0.3578049
vt -0.7379603 -0.2754629
vt -0.532629 -0.1337757
vt -0.5139313 -0.1584797
vt 0.6013145 -0.2407549
vt 0.5702858 -0.2510788
vt 0.5574188 -0.1663774
vt 0.5667315 -0.1632778
vt -0.5754461 -0.3841648
vt -0.66717 -0.3536458
vt -0.5649009 -0.1245932
vt -0.537384 -0.1337495
vt 0.5650311 -0.2510775
vt 0.5340009 -0.2407526
vt 0.5685892 -0.1632765
vt 0.5778966 -0.1663763
vt -0.4681454 -0.3536452
vt -0.5598683 -0.3841655
vt -0.5979309 -0.1337501
vt -0.5704155 -0.1245941
vt 0.5311322 -0.2421629
vt 0.5100517 -0.2143096
vt 0.5795026 -0.1663873
vt 0.5858312 -0.1747447
vt -0.3973551 -0.2754639
vt -0.459672 -0.3578057
vt -0.6213841 -0.1584806
vt -0.6026907 -0.1337768
vt 0.5080271 -0.216985
vt 0.5007105 -0.1800477
vt 0.586266 -0.1731143
vt 0.5884581 -0.1841965
vt -0.3697314 -0.1741544
vt -0.3913665 -0.2833564
vt -0.6291528 -0.1864059
vt -0.6226611 -0.1536459
vt -0.6533194 0.2919328
vt -0.549764 0.2916064
vt -0.6413859 0.1517313
vt -0.5698702 0.151507
vt -0.5182147 0.1793398
vt -0.4871559 0.179327
vt -0.514708 0.05135947
vt -0.4932556 0.05135006
vt -0.6094747 0.220497
vt -0.5784159 0.2205099
vt -0.6033731 0.09252024
vt -0.5819206 0.09253001
vt -0.5810636 0.1621418
vt -0.4856255 0.1600084
vt -0.5728345 0.01902676
vt -0.50692 0.0175519
vt -0.5440021 0.2625661
vt -0.5156794 0.262692
vt -0.5373397 0.1342351
vt -0.5177808 0.1343176
vt -0.3689032 0.06458139
vt -0.2721491 0.06126761
vt -0.354475 -0.08236408
vt -0.2876549 -0.08465576
vt -0.3371787 0.2944589
vt -0.3096285 0.2944679
vt -0.3313408 0.1639934
vt -0.3123116 0.1640043
vt -0.07453823 0.02404809
vt 0.01938105 0.02392912
vt -0.05429554 -0.1218281
vt 0.01056671 -0.1219091
vt -0.0433197 0.3078184
vt -0.01530552 0.3073256
vt -0.03830481 0.1772702
vt -0.01895475 0.1769345
vt 0.2267399 0.04956353
vt 0.3221736 0.05169833
vt 0.2480383 -0.09289515
vt 0.3139501 -0.09142542
vt 0.2573524 0.2977802
vt 0.2869577 0.2972207
vt 0.2614045 0.1685333
vt 0.2818494 0.1681423
vt 0.4550109 0.140725
vt 0.5585661 0.1410513
vt 0.4751062 0.0006202757
vt 0.5466218 0.0008473694
vt 0.4836566 0.2700601
vt 0.5147154 0.2700469
vt 0.4871635 0.1420764
vt 0.508616 0.1420684
vt 0.5380635 0.2664154
vt 0.6416192 0.2660894
vt 0.5500083 0.126212
vt 0.6215267 0.1259845
vt 0.5819151 0.2288753
vt 0.6129737 0.2288884
vt 0.5880144 0.1008967
vt 0.6094668 0.1009047
vt 0.4806137 0.3942006
vt 0.5760493 0.3920662
vt 0.4888391 0.2510774
vt 0.5547519 0.249608
vt 0.5158296 0.1847425
vt 0.5454378 0.1853022
vt 0.5209379 0.05566674
vt 0.5413857 0.05605769
vt 0.2744598 0.491807
vt 0.3683805 0.4919252
vt 0.2832747 0.3459692
vt 0.3481364 0.3460493
vt 0.3091478 0.1536629
vt 0.337163 0.1541562
vt 0.3127985 0.02327061
vt 0.3321471 0.02360749
vt -0.02169418 0.5291538
vt 0.0750618 0.5324688
vt -0.006185532 0.3832307
vt 0.06063461 0.385524
vt 0.01578712 0.1408055
vt 0.04333735 0.1407962
vt 0.01847076 0.01034141
vt 0.03749847 0.01032948
vt -0.3171633 0.5025218
vt -0.2217234 0.5046544
vt -0.2958701 0.3600655
vt -0.2299538 0.3615401
vt -0.2871108 0.1502187
vt -0.2587876 0.1500924
vt -0.2850089 0.02184439
vt -0.2654495 0.02176189
vt -0.5468658 0.4169801
vt -0.4433109 0.4173061
vt -0.5267632 0.2768807
vt -0.455245 0.2771044
vt 0.5314311 -0.3883152
vt 0.4643008 -0.3632252
vt 0.5485706 -0.2978455
vt 0.515692 -0.2855592
vt -0.5136662 -0.00422442
vt -0.4922118 -0.004262567
vt -0.5096278 -0.06782562
vt -0.4991179 -0.06784964
vt -0.6044254 0.09018159
vt -0.5829711 0.09021926
vt -0.5975151 0.02659369
vt -0.587009 0.02661896
vt 0.371551 -0.4311607
vt 0.3353064 -0.3747146
vt 0.4389787 -0.3652744
vt 0.4212253 -0.3376298
vt -0.5391059 0.1864336
vt -0.5201278 0.1868722
vt -0.5324922 0.1224253
vt -0.5231915 0.1226428
vt 0.2807674 -0.3109536
vt 0.270402 -0.240885
vt 0.3697367 -0.2762594
vt 0.3646631 -0.2419457
vt -0.3321834 0.2599549
vt -0.313344 0.2601004
vt -0.3260579 0.1950302
vt -0.3168335 0.1950991
vt 0.2676754 -0.1049643
vt 0.2812309 -0.03996992
vt 0.3636942 -0.09964895
vt 0.3703308 -0.06781244
vt -0.03890896 0.2903454
vt -0.01933098 0.2897525
vt -0.03380108 0.2252035
vt -0.02421474 0.2249103
vt 0.3352976 0.05120695
vt 0.3715401 0.1076531
vt 0.421217 0.01412979
vt 0.4389668 0.0417774
vt 0.2612326 0.2700989
vt 0.2802224 0.2696621
vt 0.2643093 0.2058668
vt 0.2736157 0.205657
vt 0.4643164 0.08177097
vt 0.5314465 0.1068617
vt 0.5156975 0.004109919
vt 0.5485754 0.01639467
vt 0.4882073 0.2039125
vt 0.5096622 0.2038771
vt 0.4922476 0.140308
vt 0.5027528 0.1402889
vt 0.5752926 -0.05503914
vt 0.6424227 -0.08012983
vt 0.5581636 -0.1455047
vt 0.5910378 -0.1577879
vt 0.5869639 0.1094067
vt 0.6084187 0.1094421
vt 0.5938694 0.04581857
vt 0.6043787 0.04583764
vt 0.5912685 -0.1740397
vt 0.6275101 -0.2304854
vt 0.5238409 -0.2399162
vt 0.5415936 -0.2675642
vt 0.5225589 0.01158094
vt 0.54155 0.0120182
vt 0.5291697 -0.05242395
vt 0.5384721 -0.05221272
vt 0.5822535 -0.1662688
vt 0.5958104 -0.231267
vt 0.493154 -0.1941118
vt 0.4997911 -0.2259502
vt 0.3128972 -0.06277084
vt 0.3324733 -0.06217837
vt 0.3177786 -0.1276133
vt 0.3273644 -0.127321
vt 0.5930877 -0.1145685
vt 0.5827227 -0.1846368
vt 0.4988265 -0.1156299
vt 0.493753 -0.1499429
vt 0.01974297 -0.09241295
vt 0.03858185 -0.09255815
vt 0.02323246 -0.1574149
vt 0.03245687 -0.1574831
vt 0.6275175 -0.09301019
vt 0.5912745 -0.1494558
vt 0.5416012 -0.05592442
vt 0.5238454 -0.08357
vt -0.282649 -0.07120371
vt -0.2636695 -0.07164288
vt -0.2795844 -0.1354324
vt -0.270288 -0.1356511
vt 0.6424253 -0.2012889
vt 0.5752959 -0.2263789
vt 0.59103 -0.1236235
vt 0.5581563 -0.1359093
vt 1.397987 -0.02351956
vt 0.9193192 -0.02351956
vt 1.397987 0.1606464
vt 0.9193192 0.1606464
vt 0.005700111 0.02027214
vt -0.5841997 -0.04683995
vt -0.07696259 0.6970811
vt -0.5919117 0.7528855
vt -0.4086534 -0.05594975
vt -1.908653 -0.05594969
vt -0.4086533 0.7440505
vt -1.908653 0.7440505
vt 1.035079 -0.05876124
vt 0.4451771 0.008319736
vt 1.042797 0.7411643
vt 0.5277923 0.6847444
vt -1.793549 -0.2611917
vt -0.5237579 -0.2611917
vt -1.908653 -0.764943
vt -0.4086533 -0.7649431
vt 1.908653 -0.6814444
vt 0.4086531 -0.6814444
vt 1.793549 -0.09957838
vt 0.5237579 -0.09957838
vt 1.793549 -0.1008376
vt 0.5237579 -0.1008376
vt 1.664474 0.0578354
vt 0.652832 0.0578354
vt 1.26842 0.5874979
vt 1.214678 -0.09120059
vt 1.044227 0.4371352
vt 1.003143 -0.1034214
vt 0.2477731 0.04023767
vt 0.1943631 0.71895
vt 0.459258 0.02788186
vt 0.4184252 0.5684471
vt -0.5237579 -0.578061
vt -1.793549 -0.578061
vt -0.652832 -0.3465201
vt -1.664474 -0.3465201
vt 0.652832 0.4290482
vt 1.664474 0.4290482
vt 0.8406067 0.1581949
vt 1.4767 0.1581949
vt 0.8406067 0.1346277
vt 1.4767 0.1346277
vt 0.9193192 0.02350223
vt 1.397987 0.02350223
vt 1.397987 0.2318674
vt 0.9193192 0.2318674
vt 1.397987 0.303992
vt 0.9193192 0.303992
vt -0.9193192 0.2318666
vt -1.397987 0.2318666
vt -0.9193192 0.2328666
vt -1.397987 0.2328666
vt -1.397987 -0.02351928
vt -0.9193192 -0.02351928
vt -1.397987 -0.1676313
vt -0.9193192 -0.1676313
vt -0.3039916 -0.02351952
vt -0.231867 -0.0235194
vt -0.3039916 -0.1676315
vt -0.231867 -0.1676314
vt 0.231867 -0.0235194
vt 0.3039916 -0.02351952
vt 0.231867 -0.1676314
vt 0.3039916 -0.1676315
vt 0.9193192 -0.1676315
vt 1.397987 -0.1676315
vt -1.3767 -0.02345743
vt -0.9406067 -0.02345743
vt -1.3767 -0.1719381
vt -0.9406067 -0.1719381
vt 0.8694585 -0.0235194
vt 0.8766246 -0.02351526
vt 0.8694585 -0.172
vt 0.8766246 -0.1719959
vt 0.8254142 -0.02351526
vt 0.8325803 -0.0235194
vt 0.8254142 -0.1719959
vt 0.8325803 -0.172
vt 0.9193192 -0.1720001
vt 1.397987 -0.1720001
vt 0.915552 -0.1012188
vt 1.397315 -0.1192876
vt 0.9199916 0.01715297
vt 1.401755 -0.0009158254
vt 0.231867 0.2317711
vt 0.2328618 0.2317711
vt 0.3039916 0.1606462
vt -0.3039916 0.1606462
vt -0.2328618 0.2317711
vt -0.231867 0.2317711
vt -0.6446157 0.009391904
vt -0.5940549 0.1615998
vt -0.7227032 0.005893707
vt -0.7290779 0.150609
vt 1.340618 -0.06325223
vt 1.221522 -0.06113152
vt 1.122698 0.04055224
vt 1.145249 0.2818765
vt 1.419485 0.4815794
vt 0.9766476 0.07654996
vt 0.8694338 0.2317635
vt 0.9766245 0.3157946
vt 1.288464 0.2732406
vt 1.336794 0.2019098
vt 1.256972 0.1450185
vt 1.374053 0.04294027
vt 1.444454 0.1197753
vt 1.548893 0.03803453
vt 1.209904 0.1671682
vt 1.08286 0.1923618
vt 1.106004 0.2622612
vt 0.6217932 0.4392614
vt 0.6098514 0.3669441
vt 0.5258441 0.3353125
vt -0.09738412 -0.1011872
vt -0.03270233 -0.2521501
vt 0.03310661 -0.09546971
vt 0.03982937 -0.2473191
vt 0.5079939 0.5384253
vt 0.7822295 0.3387225
vt 0.8047802 0.09739804
vt 0.7059566 -0.004285276
vt 0.5868611 -0.006406188
vt 0.7254143 0.3157946
vt 0.8326049 0.2317635
vt 0.7253913 0.07654992
vt 1.5522 0.07464775
vt 1.663423 0.03470773
vt 0.652374 0.05921122
vt 0.7654006 0.09371641
vt 0.9414881 0.1145428
vt 1.377328 0.1039799
vt 1.405442 0.2232845
vt 1.371042 0.1243058
vt 0.9376734 0.158677
vt 0.9193053 0.2618408
vt 0.9251115 0.2686739
vt 1.400786 0.2309474
vt 0.8716619 0.06831557
vt 0.7920974 0.1336281
vt 0.8532832 0.1962106
vt 0.6641899 -0.2036186
vt 0.5816406 -0.1736454
vt 0.5682409 -0.09966993
vt 0.7720815 0.009602249
vt 0.7849796 -0.06837595
vt 0.6594827 -0.08387542
vt 0.7679285 0.08657473
vt 0.8606423 0.1684296
vt 0.9422183 0.1172178
vt 2.976744 0.07632113
vt -2.323256 0.07632124
vt 2.976744 0.1263212
vt -2.323256 0.1263213
vt -0.6813249 0.07632118
vt -1.381325 0.07632118
vt -0.6813249 0.1263212
vt -1.381325 0.1263213
vt 2.323256 0.07632101
vt -2.976744 0.07632118
vt 2.323256 0.1263213
vt -2.976744 0.1263215
vt 1.381325 0.07632118
vt 0.6813249 0.07632118
vt 1.381325 0.1263212
vt 0.6813249 0.1263213
vt -2.976744 -0.6813246
vt 2.323256 -0.6813248
vt -2.976744 -1.381325
vt 2.323256 -1.381325
vt 2.976744 -1.381325
vt -2.323256 -1.381325
vt 2.976744 -0.6813249
vt -2.323256 -0.6813248
vt -0.1201158 -0.1879222
vt 0.8581405 -0.1879223
vt 0.8469864 0.2243863
vt -0.4602327 -0.2110602
vt -0.4002352 -0.2110602
vt -0.4602326 0.2013992
vt -0.4002351 0.2013992
vt -0.8581404 -0.1879221
vt 0.1201158 -0.1879222
vt -0.8469862 0.2243864
vt -0.1841924 -0.4002341
vt -0.1841924 -0.4602323
vt 0.8671329 -0.4002343
vt 0.8671329 -0.4602323
vt 0.1201158 -0.4602319
vt -0.8581405 -0.4602319
vt 0.1201158 -0.4002343
vt -0.8581405 -0.4002343
vt -0.5183277 -1.790142
vt -0.5519741 -1.790142
vt -0.5183277 3.109859
vt -0.5519741 3.109859
vt 0.5493855 -1.790142
vt 0.5209153 -1.790142
vt 0.5493855 3.109859
vt 0.5209153 3.109859
vt -0.1402727 -1.790142
vt -0.1739191 -1.790142
vt -0.1402727 3.109859
vt -0.1739191 3.109859
vt 0.1713319 -1.790142
vt 0.1428619 -1.790142
vt 0.1713319 3.109859
vt 0.1428619 3.109859
vt 0.2798752 -1.790141
vt 0.2462288 -1.790141
vt 0.2798752 3.109859
vt 0.2462288 3.109859
vt -0.2488166 -1.790142
vt -0.2772867 -1.790142
vt -0.2488166 3.109859
vt -0.2772867 3.109859
vt 0.6295394 -1.790141
vt 0.5958929 -1.790141
vt 0.6295394 3.109859
vt 0.5958929 3.109859
vt -0.5984814 -1.790142
vt -0.6269515 -1.790142
vt -0.5984814 3.109859
vt -0.6269515 3.109859
vt 0.8150262 -1.790142
vt 0.7813798 -1.790142
vt 0.8150262 3.109859
vt 0.7813798 3.109859
vt -0.7839682 -1.790142
vt -0.8124382 -1.790142
vt -0.7839682 3.109859
vt -0.8124382 3.109859
vt 0.7866356 -1.790142
vt 0.7529892 -1.790142
vt 0.7866356 3.109859
vt 0.7529892 3.109859
vt -0.7555777 -1.790142
vt -0.7840477 -1.790142
vt -0.7555777 3.109859
vt -0.7840477 3.109859
vt 0.5519739 -1.790141
vt 0.5183274 -1.790141
vt 0.5519739 3.109859
vt 0.5183274 3.109859
vt -0.5209152 -1.790141
vt -0.5493854 -1.790141
vt -0.5209152 3.109859
vt -0.5493854 3.109859
vt 0.1739201 -1.790141
vt 0.1402736 -1.790141
vt 0.1739201 3.109859
vt 0.1402736 3.109859
vt -0.1428619 -1.790141
vt -0.171332 -1.790141
vt -0.1428619 3.109859
vt -0.171332 3.109859
vt -0.2462288 -1.790141
vt -0.2798752 -1.790141
vt -0.2462288 3.109859
vt -0.2798752 3.109859
vt 0.2772867 -1.790141
vt 0.2488166 -1.790141
vt 0.2772867 3.109859
vt 0.2488166 3.109859
vt -0.595893 -1.790141
vt -0.6295395 -1.790141
vt -0.595893 3.109859
vt -0.6295395 3.109859
vt 0.6269515 -1.790141
vt 0.5984814 -1.790141
vt 0.6269515 3.109859
vt 0.5984814 3.109859
vt -0.7813798 -1.790141
vt -0.8150262 -1.790141
vt -0.7813798 3.109859
vt -0.8150262 3.109859
vt 0.8124381 -1.790141
vt 0.783968 -1.790141
vt 0.8124381 3.109859
vt 0.783968 3.109859
vt -0.7529891 -1.790141
vt -0.7866356 -1.790141
vt -0.7529891 3.109859
vt -0.7866356 3.109859
vt 0.7840476 -1.790141
vt 0.7555774 -1.790141
vt 0.7840476 3.109859
vt 0.7555774 3.109859
vt 0.388331 -0.6754987
vt 0.397042 -0.6429987
vt 0.3983311 -0.6754987
vt 0.4056996 -0.6479988
vt -0.397042 -0.6429987
vt -0.388331 -0.6754987
vt -0.4056996 -0.6479988
vt -0.3983311 -0.6754987
vt 0.4208327 -0.6192071
vt 0.425831 -0.6278674
vt -0.4208327 -0.6192071
vt -0.425831 -0.6278674
vt 0.453331 -0.6104987
vt 0.453331 -0.6204987
vt -0.453331 -0.6104987
vt -0.453331 -0.6204987
vt 0.485831 -0.6192071
vt 0.4808339 -0.6278674
vt -0.485831 -0.6192071
vt -0.4808339 -0.6278674
vt 0.5096226 -0.6429986
vt 0.5009615 -0.6479988
vt -0.5096226 -0.6429986
vt -0.5009615 -0.6479988
vt 0.518331 -0.6754987
vt 0.5083308 -0.6754987
vt -0.518331 -0.6754987
vt -0.5083308 -0.6754987
vt 0.50962 -0.7079988
vt 0.5009623 -0.7029986
vt -0.50962 -0.7079987
vt -0.5009624 -0.7029986
vt 0.4858293 -0.7317904
vt 0.480831 -0.72313
vt -0.4858293 -0.7317904
vt -0.480831 -0.72313
vt 0.453331 -0.7404987
vt 0.453331 -0.7304988
vt -0.453331 -0.7404987
vt -0.453331 -0.7304988
vt 0.420831 -0.7317903
vt 0.425828 -0.7231301
vt -0.420831 -0.7317903
vt -0.425828 -0.7231301
vt 0.3970394 -0.7079987
vt 0.4057005 -0.7029988
vt -0.3970394 -0.7079986
vt -0.4057005 -0.7029988
vt -0.1833335 0.6548586
vt -0.5333335 0.6548586
vt -0.1833335 0.6648586
vt -0.5333335 0.6648586
vt 0.6283311 0.6548586
vt 0.278331 0.6548586
vt 0.6283311 0.6648586
vt 0.278331 0.6648586
vt 0.9866647 0.6548586
vt 0.6366646 0.6548586
vt 0.9866647 0.6648586
vt 0.6366646 0.6648586
vt 0.5333334 0.6548586
vt 0.1833334 0.6548586
vt 0.5333334 0.6648586
vt 0.1833334 0.6648586
vt -0.278331 0.6548586
vt -0.6283309 0.6548586
vt -0.278331 0.6648586
vt -0.6283309 0.6648586
vt -0.6366645 0.6548586
vt -0.9866647 0.6548586
vt -0.6366645 0.6648586
vt -0.9866647 0.6648586
vt 0.103331 -0.6754987
vt 0.2783272 -0.3723898
vt 0.4533309 -0.6754987
vt -0.2783271 -0.3723898
vt -0.103331 -0.6754987
vt -0.4533309 -0.6754987
vt 0.628331 -0.3723898
vt -0.6283309 -0.3723898
vt 0.803331 -0.6754988
vt -0.803331 -0.6754988
vt 0.6283348 -0.9786077
vt -0.6283348 -0.9786077
vt 0.278331 -0.9786077
vt -0.278331 -0.9786077
vt 0.5133336 0.6548587
vt 0.2033335 0.6548587
vt 0.5133336 0.6648587
vt 0.2033335 0.6648587
vt -0.298331 0.6548587
vt -0.6083311 0.6548587
vt -0.298331 0.6648587
vt -0.6083311 0.6648587
vt -0.6566646 0.6548587
vt -0.9666646 0.6548587
vt -0.6566646 0.6648587
vt -0.9666646 0.6648587
vt -0.2033335 0.6548587
vt -0.5133336 0.6548587
vt -0.2033335 0.6648587
vt -0.5133336 0.6648587
vt 0.608331 0.6548587
vt 0.298331 0.6548587
vt 0.608331 0.6648587
vt 0.298331 0.6648587
vt 0.9666647 0.6548587
vt 0.6566646 0.6548587
vt 0.9666647 0.6648587
vt 0.6566646 0.6648587
vt 0.143332 -0.6754987
vt 0.298331 -0.4070308
vt -0.298331 -0.4070308
vt -0.143332 -0.6754987
vt 0.6083271 -0.4070309
vt -0.6083271 -0.4070309
vt 0.76333 -0.6754988
vt -0.76333 -0.6754988
vt 0.608331 -0.9439666
vt -0.608331 -0.9439666
vt 0.298335 -0.9439666
vt -0.298335 -0.9439666
vt -0.4259984 0.6548586
vt -0.537111 0.6548586
vt -0.4259984 0.6648588
vt -0.537111 0.6648588
vt 0.4282506 0.6548586
vt 0.4110804 0.6548586
vt 0.4282506 0.6648588
vt 0.4110804 0.6648588
vt 0.07891178 0.6548586
vt -0.04813719 0.6548586
vt 0.07891178 0.6648588
vt -0.04813719 0.6648588
vt -0.009886503 0.6548586
vt -0.06290007 0.6548586
vt -0.009886503 0.6648588
vt -0.06290007 0.6648588
vt 0.5213146 0.6548586
vt 0.3853474 0.6548586
vt 0.5213146 0.6648588
vt 0.3853474 0.6648588
vt -0.4178779 0.6548586
vt -0.4887841 0.6548586
vt -0.4178779 0.6648588
vt -0.4887841 0.6648588
vt 0.8331323 0.6548585
vt 0.7060831 0.6548585
vt 0.8331323 0.6648587
vt 0.7060831 0.6648587
vt -0.7331026 0.6548586
vt -0.7861161 0.6548586
vt -0.7331026 0.6648588
vt -0.7861161 0.6648588
vt 0.8799567 0.6548586
vt 0.7688441 0.6548586
vt 0.8799567 0.6648588
vt 0.7688441 0.6648588
vt -0.8337231 0.6548586
vt -0.8508933 0.6548586
vt -0.8337231 0.6648588
vt -0.8508933 0.6648588
vt 0.4818416 0.6548586
vt 0.3707287 0.6548586
vt 0.4818416 0.6648588
vt 0.3707287 0.6648588
vt -0.3443418 0.6548586
vt -0.3615117 0.6548586
vt -0.3443418 0.6648588
vt -0.3615117 0.6648588
vt -0.03007293 0.6548586
vt -0.1571221 0.6548586
vt -0.03007293 0.6648588
vt -0.1571221 0.6648588
vt 0.1393182 0.6548586
vt 0.0863049 0.6548586
vt 0.1393182 0.6648588
vt 0.0863049 0.6648588
vt -0.3853474 0.6548586
vt -0.5213146 0.6548586
vt -0.3853474 0.6648588
vt -0.5213146 0.6648588
vt 0.4887841 0.6548586
vt 0.4178779 0.6548586
vt 0.4887841 0.6648588
vt 0.4178779 0.6648588
vt -0.6278725 0.6548585
vt -0.7549214 0.6548585
vt -0.6278725 0.6648587
vt -0.7549214 0.6648587
vt 0.7096977 0.6548586
vt 0.7096977 0.6648588
vt -0.7135749 0.6548586
vt -0.8246875 0.6548586
vt -0.7135749 0.6648588
vt -0.8246875 0.6648588
vt 0.7841556 0.6548586
vt 0.7669857 0.6548586
vt 0.7841556 0.6648588
vt 0.7669857 0.6648588
vt 0.2333305 -0.6754996
vt 0.2753465 -0.5726372
vt 0.3633311 -0.6755009
vt 0.3713343 -0.6603106
vt -0.2753465 -0.5726372
vt -0.2333305 -0.6754996
vt -0.3713343 -0.6603106
vt -0.3633311 -0.6755009
vt 0.3853462 -0.509065
vt 0.4178779 -0.6349289
vt -0.3853462 -0.509065
vt -0.4178779 -0.6349289
vt 0.5213149 -0.5090652
vt 0.4887838 -0.6349292
vt -0.5213149 -0.5090652
vt -0.4887838 -0.6349292
vt 0.6313148 -0.5726377
vt 0.5353265 -0.6603095
vt -0.6313148 -0.5726377
vt -0.5353265 -0.6603095
vt 0.6733315 -0.6754996
vt 0.5433309 -0.6755009
vt -0.6733315 -0.6754996
vt -0.5433309 -0.6755009
vt 0.6733315 -0.6755006
vt 0.6313155 -0.7783628
vt 0.5433309 -0.6754993
vt 0.5353277 -0.6906898
vt -0.6313155 -0.7783628
vt -0.6733315 -0.6755006
vt -0.5353277 -0.6906898
vt -0.5433309 -0.6754993
vt 0.5213158 -0.8419349
vt 0.4887841 -0.716071
vt -0.5213158 -0.8419349
vt -0.4887841 -0.716071
vt 0.3853471 -0.841935
vt 0.4178782 -0.716071
vt -0.3853471 -0.841935
vt -0.4178782 -0.716071
vt 0.2753475 -0.7783622
vt 0.3713357 -0.6906905
vt -0.2753472 -0.7783622
vt -0.3713355 -0.6906905
vt 0.2333305 -0.6755006
vt 0.3633311 -0.6754993
vt -0.2333305 -0.6755006
vt -0.3633308 -0.6754993
vt 0.7913349 -1.790141
vt 0.8050712 3.109858
vt -0.8050714 -1.790141
vt -0.791335 3.109858
vt 0.4333322 -0.6755033
vt -0.4333322 -0.6755033
vt 0.4733298 -0.6755033
vt -0.4733298 -0.6755033
vt 0.4619901 -0.6805016
vt -0.4619901 -0.6805016
vt 0.4706522 -0.6855007
vt -0.4706522 -0.6855007
vt 0.4360098 -0.6855007
vt -0.4360098 -0.6855007
vt 0.4446719 -0.6805016
vt -0.4446719 -0.6805016
vt 0.6058468 -1.790141
vt 0.6195832 3.109858
vt -0.1613763 -1.790141
vt -0.1528163 3.109858

vn -0.8660252 0 0.5000003
vn -1 0 0
vn 1 0 0
vn 0.8660259 0 -0.4999991
vn -0.4999991 0 0.8660259
vn 0.4999991 0 -0.8660259
vn 0 0 1
vn 0 0 -1
vn 0.4999991 0 0.8660259
vn -0.4999991 0 -0.8660259
vn 0.8660252 0 0.5000003
vn -0.8660259 0 -0.4999991
vn 0.8660252 0 -0.5000003
vn -0.8660259 0 0.4999991
vn -0.8660252 0 -0.5000003
vn 0.8660259 0 0.4999991
vn 0 -1 0
vn 0 1 0
vn -0.4415946 0 0.8972147
vn -0.852547 0 -0.5226504
vn 0.4415946 0 0.8972147
vn 0.852547 0 -0.5226504
vn 0.4415946 0 -0.8972147
vn 0.852547 0 0.5226504
vn -0.4415946 0 -0.8972147
vn -0.852547 0 0.5226504
vn 0 0 0
vn 0.7614663 0.6482046 0
vn -0.7614663 -0.6482046 0
vn 0.7614663 -0.6482046 0
vn -0.7614663 0.6482046 0
vn 0.0871225 0 0.9961976
vn -0.08722813 0 -0.9961884
vn -0.9961955 0 0.08714681
vn 0.9961942 0 -0.08716093
vn 0.6692727 0 -0.7430168
vn 0.830421 0.5523777 -0.07266229
vn 0.830489 -0.5522748 -0.07266824
vn 0.7882218 0 0.6153913
vn 0.7314564 0 -0.6818882
vn 0 -0.5793996 -0.8150436
vn 0 0.5793996 -0.8150436
vn -0.7314564 0 -0.6818882
vn 0 -0.6135845 -0.7896291
vn 0.6741931 0 -0.7385552
vn 0 0.6135845 -0.7896291
vn -0.6741931 0 -0.7385552
vn 0.766045 0 0.642787
vn -0.7660449 0 -0.6427871
vn 0.6427677 0 -0.7660612
vn -0.6427688 0 0.7660602
vn 0.9842831 0 0.1765975
vn -0.9842831 0 -0.1765975
vn 0.1766398 0 -0.9842756
vn -0.1766398 0 0.9842756
vn -0.03852775 0 0.9992575
vn 0.287529 0 0.9577719
vn 0.9827536 -0.1849202 -8.848678E-05
vn 0.9827517 0.1849299 -8.848662E-05
vn 0.287526 0 -0.9577729
vn 0.273489 0 0.9618751
vn 0.9895356 -0.144289 0
vn 0.9895356 0.1442891 -4.880748E-07
vn 0.2735034 0 -0.961871
vn 0 0.6427782 0.7660524
vn 0 -0.6427754 -0.7660547
vn 0 0.7660448 -0.6427873
vn 0 -0.766045 0.642787
vn 0 0.6428133 -0.7660229
vn 0 -0.642818 0.7660189
vn 0 -0.7660456 -0.6427863
vn 0 0.766045 0.642787
vn -0.6428694 0 0.7659758
vn 0.6427844 0 0.7660472
vn -0.6427844 0 -0.7660472
vn 0.766045 0 -0.642787
vn -0.766045 0 0.642787
vn 0.9961951 0 0.08715083
vn -0.9961951 0 -0.08715082
vn 0.08715917 0 -0.9961944
vn -0.08715361 0 0.9961949
vn 0.9955053 0 0.09470622
vn 0.4199764 0 -0.907535
vn -0.7001987 -0.7087275 0.0023665
vn -0.6389421 -0.7692549 0
vn -0.7614554 -0.6482 0.004732999
vn -0.7012671 0.7078345 0.002802067
vn -0.6410702 0.7674618 0.005603989
vn -0.8138803 0.3581161 -0.4575496
vn -0.8137146 0.3573691 -0.4584261
vn -0.8135489 0.356622 -0.4593027
vn -0.6401437 0 -0.7682552
vn -0.6417431 1.607714E-06 -0.7669197
vn -0.6433373 0 -0.7655829
vn -0.541949 0.000404472 -0.8404112
vn -0.5427561 0.0001513325 -0.8398904
vn -0.5456644 0 -0.8380038
vn -0.0008611369 0.6143113 -0.7890633
vn -0.003610617 0.6163403 -0.7874717
vn -0.001765465 0.6149943 -0.7885296
vn -0.7665235 0.6421992 0.004689324
vn -0.6433347 1.047692E-07 0.7655851
vn -0.6435012 0 0.7654452
vn -0.6422784 -2.6037E-06 -0.7664714
vn -0.8132294 -0.3551671 -0.4609927
vn -0.8138646 -0.3582051 -0.4575079
vn -0.8149217 -0.3631745 -0.4516712
vn -0.8144401 -0.360761 -0.4544654
vn -0.8163266 -0.3700621 -0.4434692
vn -0.813552 -0.3565937 -0.4593192
vn -0.8152425 -0.3645307 -0.4499966
vn -0.5425548 -2.951116E-05 -0.8400204
vn -0.5424954 -1.320841E-05 -0.8400587
vn -0.7665206 -0.6422027 0.004688489
vn -0.7664974 -0.6422303 0.004689004
vn 0.001291247 -0.614577 -0.7888558
vn 0.003873933 -0.6164695 -0.7873693
vn -1.650731E-05 -0.6133772 -0.7897901
vn -6.988133E-06 -0.6139095 -0.7893764
vn 8.7478E-06 -0.6140441 -0.7892718
vn 2.470188E-09 -0.6148763 -0.7886236
vn 5.491027E-06 0.6134272 -0.7897512
vn 0.9182385 -1.265341E-05 0.396028
vn 0.9958903 -3.949321E-05 0.0905682
vn 0.9958982 -3.989179E-05 0.09048032
vn 0.7609333 -1.676535E-06 0.6488302
vn 0.5737991 2.4498E-05 0.8189961
vn -0.770657 5.073376E-06 0.6372502
vn -0.5717531 -2.643933E-06 0.8204257
vn -0.3330449 4.057772E-07 0.9429109
vn -0.09902671 1.43991E-06 0.9950848
vn 0.1108042 -6.06716E-07 0.9938422
vn 0.3864987 5.640794E-06 0.92229
vn 0.3865032 9.0103E-06 0.9222881
vn -0.9911468 -5.382388E-06 0.1327707
vn -0.8996687 -3.551605E-05 0.4365733
vn -0.8997115 -1.630604E-05 0.4364849
vn 0.0003356112 -9.949475E-06 0.9999999
vn -0.9837404 -7.065102E-08 0.179596
vn -0.9190077 0 0.3942396
vn -0.589404 0 0.8078384
vn -0.7828445 0 0.6222174
vn 0.5888634 -7.730915E-06 0.8082326
vn 0.354925 -3.677815E-07 0.9348948
vn -0.1184235 0 0.9929632
vn -0.373905 0 0.927467
vn 0.1082176 0 0.9941272
vn 0.7630552 0 0.6463334
vn 0.9038112 0 0.4279315
vn 0.993621 0 0.1127712
vn 0.4393292 0.2752448 -0.85512
vn 0.4478051 0.305289 -0.8396763
vn 0.4562809 0.3353333 -0.8242325
vn 0.3848047 -0.2828038 -0.8786054
vn 0.4501085 -0.3028628 -0.836188
vn 0.5154123 -0.3229218 -0.7937706
vn 0.6997573 -0.4384198 -0.5640283
vn 0.726757 -0.4495051 -0.5163789
vn 0.7537566 -0.4605904 -0.4687296
vn 0.8533013 -0.5214182 0
vn 0.00319326 -0.001950311 0.999993
vn -0.0004214119 -0.002207819 0.9999909
vn -0.004036084 -0.002465327 0.9999888
vn 0.853303 0.5214096 -0.002442596
vn 0.8545173 0.5194184 -0.002147548
vn 0.8532912 0.5214119 -0.004885346
vn 0.8545169 0.5194227 -0.0009262479
vn 0.853914 0.5204139 -0.0004630389
vn 0.8533015 0.5214177 0
vn 0.7086315 0.4330157 -0.5570806
vn 0.7270666 0.4500405 -0.5162781
vn 0.7455018 0.4670653 -0.4754756
vn 0.3386671 -0.2882719 -0.8956584
vn -0.9107993 -2.597555E-05 0.4128495
vn -0.9107025 -6.503452E-05 0.413063
vn -0.9883282 3.665283E-06 0.1523394
vn -0.9807633 1.094713E-05 -0.1952012
vn 0.9207613 9.787539E-05 0.3901262
vn 0.9944525 -4.660781E-05 0.1051871
vn 0.994486 0 0.10487
vn 0.9943682 8.509032E-05 -0.1059807
vn 0.9943652 0.0001240979 -0.1060093
vn -0.5680404 2.124292E-05 0.8230007
vn -0.5680496 0 0.8229944
vn -0.3310276 1.486154E-05 0.9436211
vn 0.1628308 -1.833491E-05 0.986654
vn -0.1040214 -1.293872E-05 0.9945751
vn 0.7889875 0.0001054137 0.6144093
vn 0.788877 3.277973E-05 0.6145511
vn 0.3062417 3.220294E-05 0.9519538
vn 0.5746471 -7.612647E-05 0.8184013
vn -0.7692503 9.827683E-05 0.6389475
vn -0.7692037 -1.499163E-05 0.6390037
vn 0.3386669 0.2882728 -0.8956581
vn 0.3370298 1.173045E-05 0.941494
vn 0.08574455 1.67661E-06 0.9963171
vn -0.1378624 -1.842094E-07 0.9904514
vn -0.370101 1.326375E-05 0.9289916
vn 0.7551626 -3.577807E-05 0.6555374
vn 0.5449444 -2.873595E-06 0.8384722
vn 0.9093187 -2.524204E-05 0.4161005
vn -0.9506818 6.280802E-06 0.3101679
vn -0.9549268 -6.163972E-06 0.2968413
vn -0.9104692 -6.162081E-06 0.4135768
vn -0.9957138 8.416959E-05 0.09248789
vn -0.9921602 -1.015811E-05 -0.1249723
vn -0.7680074 -8.469669E-06 0.640441
vn -0.767971 -3.776211E-05 0.6404846
vn -0.7679508 -3.500375E-05 0.6405088
vn -0.5934089 3.64008E-05 0.8049011
vn 0.9906264 2.601013E-06 0.1365992
vn 0.9952989 4.060779E-05 -0.09685078
vn 0.9952838 -3.532139E-05 -0.09700627
vn -0.9439 -0.01468465 -0.3299048
vn -0.8044564 -3.225877E-06 -0.5940117
vn -0.9989416 -0.02805202 -0.03645255
vn -0.9429003 0.01177558 -0.3328668
vn -0.999355 0 -0.0359096
vn -0.8001614 0.02247358 -0.5993636
vn -0.588408 -0.5045576 -0.6317844
vn -0.5872289 -0.4999084 -0.6365954
vn -0.5895871 -0.5092068 -0.6269733
vn 4.991268E-05 -0.7410513 -0.6714483
vn -1.058642E-06 -0.7396993 -0.6729375
vn 4.759917E-05 -0.740907 -0.6716077
vn 9.747732E-05 -0.7423958 -0.6699616
vn 9.41052E-05 -0.7422563 -0.6701161
vn 0.5847262 -0.497766 -0.6405656
vn 0.9387059 -0.004818377 -0.3446856
vn 0.9386562 -0.0121719 -0.3446394
vn 0.9437224 0.0073197 -0.3306578
vn 0.7861056 -0.02315179 -0.6176585
vn -0.5877355 0.5039424 -0.6328942
vn -0.5927992 0.5046504 -0.6276281
vn -0.5826719 0.5032344 -0.6381603
vn 4.402044E-05 0.7409701 -0.6715379
vn -2.301074E-06 0.7422494 -0.6701238
vn 9.036344E-05 0.73961 -0.6730358
vn 9.321756E-05 0.7396544 -0.6729869
vn 0.9436383 0.01463968 -0.3306545
vn 0.8044234 0 -0.5940564
vn 0.5864303 0.5045208 -0.6336102
vn 0.5847289 0.4977802 -0.6405521
vn 0.5881316 0.5112613 -0.6266683
vn -0.0006028864 -0.9999998 0.0001556153
vn -0.0003057908 -0.9999999 0.0001557545
vn -0.001808659 -0.9999983 0.000466846
vn 3.462668E-05 0.9999999 -0.0003285634
vn -0.9846586 9.330573E-06 0.174492
vn -0.9957058 -1.888432E-05 0.09257344
vn -5.92629E-08 0.8132392 0.5819295
vn 3.831519E-08 -0.8131047 -0.5821174
vn -9.244168E-08 0.4195613 0.907727
vn 8.212064E-08 -0.4196641 -0.9076796
vn -9.244221E-08 -0.4195498 0.9077323
vn 9.243728E-08 0.4196548 -0.9076838
vn -5.926395E-08 -0.8132319 0.5819398
vn 4.01234E-08 0.8131161 -0.5821016
vn 5.926399E-08 -0.8132316 -0.5819401
vn -6.361898E-08 0.8131074 0.5821137
vn 3.828968E-08 0.8132392 -0.5819295
vn -5.928205E-08 -0.8131047 0.5821174
vn 0.2785074 0.8305082 0.4823793
vn 0.2785067 0.8304991 0.4823953
vn 0.4480923 0.4437086 0.7761031
vn 0.5000075 -4.696577E-06 0.8660211
vn 0.4480912 -0.4437127 0.7761014
vn 0.2785172 -0.830495 0.4823963
vn -0.2785167 -0.8304953 -0.4823961
vn -0.4480903 -0.4437029 -0.7761075
vn -0.5000068 0 -0.8660215
vn -0.4480923 0.4437086 -0.7761031
vn -0.2785074 0.8305082 -0.4823793
vn -0.8659026 0 0.5002127
vn 0.8659437 5.669182E-05 -0.5001415
vn 0.865988 0.0005733932 -0.5000644
vn 0.8658993 -0.0005336595 -0.5002182
vn -0.7793888 0.2031102 -0.5927052
vn -0.3787058 -0.2177791 -0.89953
vn -0.378709 0.2177792 -0.8995286
vn -0.6986669 0.5886892 -0.4065829
vn -0.2667184 0.6374106 -0.7228894
vn -0.5094348 0.8602035 -0.02293943
vn -0.02815134 0.9430689 -0.3314038
vn -0.2348588 0.8601922 0.4526707
vn 0.2729099 0.9430736 0.1900853
vn 0.272865 0.943113 0.189954
vn 0.002806772 0.5887175 0.8083339
vn 0.4926899 0.6374099 0.5924233
vn 0.1236209 0.2030803 0.9713271
vn 0.5896671 0.2177845 0.7777291
vn 0.1236272 -0.2030894 0.9713244
vn 0.5896649 -0.2177846 0.7777308
vn 0.002813325 -0.5887194 0.8083326
vn 0.4927068 -0.6373368 0.5924879
vn 0.4927344 -0.6372899 0.5925153
vn -0.2347943 -0.8602005 0.4526884
vn 0.2729548 -0.9430664 0.1900567
vn 0.2728416 -0.9431264 0.1899212
vn -0.5094659 -0.8601844 -0.02296626
vn -0.0281613 -0.9430705 -0.3313986
vn -0.02796549 -0.9431551 -0.3311744
vn -0.6986353 -0.588702 -0.4066186
vn -0.2667437 -0.6373354 -0.7229463
vn -0.7793947 -0.2031178 -0.5926948
vn -0.9547198 0.1566891 -0.2529002
vn -0.2234233 -0.2104575 -0.9517298
vn -0.2233916 -0.2105368 -0.9517198
vn -0.2233952 0.2104557 -0.9517369
vn -0.2234051 0.2105406 -0.9517157
vn -0.8916401 0.4427645 -0.09453855
vn -0.8916345 0.4427896 -0.09447342
vn -0.1045076 0.6130846 -0.7830744
vn -0.1045343 0.6129384 -0.7831852
vn -0.7516192 0.6277047 0.2026215
vn -0.7516533 0.6277217 0.2024419
vn 0.1366962 0.9012665 -0.4111361
vn 0.1367793 0.9013634 -0.410896
vn -0.5512169 0.6277774 0.5495958
vn 0.4243189 0.9013184 0.08705496
vn 0.4242917 0.9013401 0.08696347
vn -0.3639896 0.4428453 0.8193898
vn 0.6259639 0.6129949 0.4820856
vn -0.2583804 0.15659 0.9532676
vn 0.7125151 0.2104789 0.6693437
vn -0.2583717 -0.1565914 0.9532698
vn 0.7124919 -0.210481 0.6693676
vn 0.7125187 -0.2103834 0.6693698
vn -0.3640241 -0.442827 0.8193844
vn -0.3639753 -0.4428042 0.8194183
vn 0.6260069 -0.6128912 0.4821616
vn 0.6259508 -0.6129904 0.4821083
vn 0.6258947 -0.6130896 0.482055
vn -0.5512679 -0.6277241 0.5496055
vn 0.4242436 -0.9013731 0.0868564
vn -0.7515703 -0.627781 0.2025663
vn -0.7516786 -0.6276819 0.2024717
vn 0.1368123 -0.9013276 -0.4109636
vn -0.8916469 -0.4427548 -0.09452059
vn -0.1045346 -0.6129772 -0.7831548
vn -0.1045059 -0.6130114 -0.7831319
vn -0.9547385 -0.1566788 -0.2528365
vn 0.224822 0.9739802 -0.0285935
vn 0.2429307 0.9696542 -0.01429666
vn 0.2610393 0.9653282 1.851042E-07
vn 0.2275419 -0.9737683 0
vn 0.2459719 -0.9687972 -0.01681369
vn 0.2644019 -0.9638261 -0.03362739
vn 0.111378 0 -0.9937781
vn 0.09639496 0 0.9953432
vn -0.06891412 0 0.9976226
vn 0.6867661 -0.7216116 -0.08734486
vn 0.6896013 -0.7190577 -0.08596352
vn 0.6924365 -0.7165037 -0.08458217
vn 0.6923528 0.7161661 -0.08805538
vn 0.6888899 0.7197388 -0.08589068
vn 0.6854271 0.7233116 -0.08372597
vn 0.6116578 0 -0.7911225
vn 0.7747856 0 -0.6322241
vn 0.7256523 0 -0.6880617
vn -0.9140054 0 0.4057021
vn 0.7858438 -0.618425 0
vn 0.7858438 0.618425 0
vn -0.4107156 -0.8933518 0.1823055
vn -0.3237028 -0.9324685 0.09115273
vn -0.23669 -0.9715853 0
vn 0.8572069 -0.3789382 0.1456618
vn 0.8194442 -0.1919081 0.5400764
vn 0.8638308 -0.3052034 0.2700382
vn 0.8760883 -0.4724533 -0.05154546
vn 0.8439592 -0.5264078 -0.1030909
vn -0.0765081 -0.3124585 0.9468454
vn 0.3033228 -0.05323708 0.9513996
vn 0.8303744 -0.515 0.2127285
vn 0.543565 -0.7732393 0.326555
vn -0.2354346 0.9662555 0.104503
vn -0.3265156 0.937444 0.0522515
vn -0.4175965 0.9086326 0
vn 0.8439592 0.5264078 -0.1030909
vn 0.8760883 0.4724533 -0.05154546
vn 0.8638308 0.3052034 0.2700382
vn 0.8194442 0.1919081 0.5400764
vn 0.8572069 0.3789382 0.1456618
vn -0.3491022 8.760936E-06 0.9370847
vn -0.0007776786 5.864051E-07 0.9999997
vn -0.0765081 0.3124585 0.9468454
vn 0.543565 0.7732393 0.326555
vn 0.8303744 0.515 0.2127285
vn 0.3033228 0.05323708 0.9513996
vn -0.9996343 0 -0.02704309
vn 0.3921798 0 -0.9198886
vn -0.5000257 0 0.8660105
vn 0.5000412 0 -0.8660017
vn 0 0.7536024 0.6573305
vn 0 -0.7121544 -0.7020229
vn 0 0.2590282 0.9658698
vn 0 -0.247033 -0.969007
vn 0 -0.2590282 0.9658698
vn 0 0.247033 -0.969007
vn 0 -0.7536024 0.6573305
vn 0 0.7121544 -0.7020229
vn 0 -0.7536027 -0.6573302
vn 0 0.7121567 0.7020205
vn 0 -0.2590282 -0.9658698
vn 0 0.247033 0.969007
vn 0 0.2590282 -0.9658698
vn 0 -0.247033 0.969007
vn 0 0.7536027 -0.6573302
vn 0 -0.7121567 0.7020205
vn 0.9999999 -2.466892E-05 0.0002781353
vn 0.9999999 0 0.0005022523
vn 0.9999999 0 -0.0005022444
vn -0.500091 0 0.8659729
vn 0.500091 0 0.8659729
vn 0.8659533 0 0.5001248
vn -0.8658205 0 -0.5003549
vn 0.500091 0 -0.8659729
vn -0.500091 0 -0.8659729

usemtl Negro_JD
f 73/253/7 82/256/7 86/254/7
f 81/249/7 82/256/7 73/253/7
f 77/251/7 81/249/7 73/253/7
f 77/251/7 78/250/7 81/249/7
f 77/251/7 73/253/7 74/252/7
f 82/256/7 85/255/7 86/254/7
f 88/263/8 87/262/8 84/261/8
f 76/257/8 75/264/8 79/258/8
f 83/260/8 80/259/8 79/258/8
f 75/264/8 83/260/8 79/258/8
f 75/264/8 84/261/8 83/260/8
f 88/263/8 84/261/8 75/264/8
f 980/1749/8 979/1748/8 978/1747/8
f 982/1751/8 983/1752/8 979/1748/8
f 984/1753/8 982/1751/8 981/1750/8
f 987/1756/8 982/1751/8 986/1755/8
f 990/1759/8 989/1758/8 988/1757/8
f 994/1763/8 989/1758/8 993/1762/8
f 984/1753/8 981/1750/8 989/1758/8
f 980/1749/8 991/1760/8 992/1761/8
f 1381/2926/17 1369/2925/17 1370/2924/17
f 1382/2929/18 1372/2928/18 1371/2927/18
f 1381/2926/17 1373/2930/17 1369/2925/17
f 1382/2929/18 1371/2927/18 1374/2931/18
f 1381/2926/17 1375/2932/17 1373/2930/17
f 1382/2929/18 1374/2931/18 1376/2933/18
f 1381/2926/17 1377/2934/17 1375/2932/17
f 1382/2929/18 1376/2933/18 1378/2935/18
f 1381/2926/17 1379/2936/17 1377/2934/17
f 1382/2929/18 1378/2935/18 1380/2937/18
f 1381/2926/17 1370/2924/17 1379/2936/17
f 1382/2929/18 1380/2937/18 1372/2928/18
f 1587/2926/17 1575/2925/17 1576/2924/17
f 1588/2929/18 1578/2928/18 1577/2927/18
f 1587/2926/17 1579/2930/17 1575/2925/17
f 1588/2929/18 1577/2927/18 1580/2931/18
f 1587/2926/17 1581/2932/17 1579/2930/17
f 1588/2929/18 1580/2931/18 1582/2933/18
f 1587/2926/17 1583/2934/17 1581/2932/17
f 1588/2929/18 1582/2933/18 1584/2935/18
f 1587/2926/17 1585/2936/17 1583/2934/17
f 1588/2929/18 1584/2935/18 1586/2937/18
f 1587/2926/17 1576/2924/17 1585/2936/17
f 1588/2929/18 1586/2937/18 1578/2928/18
f 4/4/2 2/2/2 1/1/1
f 1/1/1 3/3/1 4/4/2
f 8/8/4 6/6/4 5/5/3
f 5/5/3 7/7/3 8/8/4
f 3/12/1 1/10/1 9/9/5
f 9/9/5 10/11/5 3/12/1
f 12/16/6 11/14/6 6/13/4
f 6/13/4 8/15/4 12/16/6
f 10/20/5 9/18/5 13/17/7
f 13/17/7 14/19/7 10/20/5
f 16/24/8 15/22/8 11/21/6
f 11/21/6 12/23/6 16/24/8
f 14/28/7 13/26/7 17/25/9
f 17/25/9 18/27/9 14/28/7
f 20/32/10 19/30/10 15/29/8
f 15/29/8 16/31/8 20/32/10
f 18/36/9 17/34/9 21/33/11
f 21/33/11 22/35/11 18/36/9
f 24/40/12 23/38/12 19/37/10
f 19/37/10 20/39/10 24/40/12
f 22/44/11 21/42/11 25/41/3
f 25/41/3 26/43/3 22/44/11
f 28/48/2 27/46/2 23/45/12
f 23/45/12 24/47/12 28/48/2
f 26/52/3 25/50/3 29/49/13
f 29/49/13 30/51/13 26/52/3
f 32/56/14 31/54/14 27/53/2
f 27/53/2 28/55/2 32/56/14
f 30/60/13 29/58/13 33/57/6
f 33/57/6 34/59/6 30/60/13
f 36/64/5 35/62/5 31/61/14
f 31/61/14 32/63/14 36/64/5
f 34/68/6 33/66/6 37/65/8
f 37/65/8 38/67/8 34/68/6
f 40/72/7 39/70/7 35/69/5
f 35/69/5 36/71/5 40/72/7
f 38/76/8 37/74/8 41/73/10
f 41/73/10 42/75/10 38/76/8
f 44/80/9 43/78/9 39/77/7
f 39/77/7 40/79/7 44/80/9
f 42/84/10 41/82/10 45/81/15
f 45/81/15 46/83/15 42/84/10
f 48/88/16 47/86/16 43/85/9
f 43/85/9 44/87/9 48/88/16
f 46/92/15 45/90/15 2/89/2
f 2/89/2 4/91/2 46/92/15
f 7/96/3 5/94/3 47/93/16
f 47/93/16 48/95/16 7/96/3
f 6/100/17 1/98/17 2/97/17
f 2/97/17 5/99/17 6/100/17
f 7/104/18 4/102/18 3/101/18
f 3/101/18 8/103/18 7/104/18
f 11/106/17 9/105/17 1/98/17
f 1/98/17 6/100/17 11/106/17
f 8/103/18 3/101/18 10/107/18
f 10/107/18 12/108/18 8/103/18
f 15/110/17 13/109/17 9/105/17
f 9/105/17 11/106/17 15/110/17
f 12/108/18 10/107/18 14/111/18
f 14/111/18 16/112/18 12/108/18
f 19/114/17 17/113/17 13/109/17
f 13/109/17 15/110/17 19/114/17
f 16/112/18 14/111/18 18/115/18
f 18/115/18 20/116/18 16/112/18
f 23/118/17 21/117/17 17/113/17
f 17/113/17 19/114/17 23/118/17
f 20/116/18 18/115/18 22/119/18
f 22/119/18 24/120/18 20/116/18
f 27/122/17 25/121/17 21/117/17
f 21/117/17 23/118/17 27/122/17
f 24/120/18 22/119/18 26/123/18
f 26/123/18 28/124/18 24/120/18
f 31/126/17 29/125/17 25/121/17
f 25/121/17 27/122/17 31/126/17
f 28/124/18 26/123/18 30/127/18
f 30/127/18 32/128/18 28/124/18
f 35/130/17 33/129/17 29/125/17
f 29/125/17 31/126/17 35/130/17
f 32/128/18 30/127/18 34/131/18
f 34/131/18 36/132/18 32/128/18
f 39/134/17 37/133/17 33/129/17
f 33/129/17 35/130/17 39/134/17
f 36/132/18 34/131/18 38/135/18
f 38/135/18 40/136/18 36/132/18
f 43/138/17 41/137/17 37/133/17
f 37/133/17 39/134/17 43/138/17
f 40/136/18 38/135/18 42/139/18
f 42/139/18 44/140/18 40/136/18
f 47/142/17 45/141/17 41/137/17
f 41/137/17 43/138/17 47/142/17
f 44/140/18 42/139/18 46/143/18
f 46/143/18 48/144/18 44/140/18
f 5/99/17 2/97/17 45/141/17
f 45/141/17 47/142/17 5/99/17
f 48/144/18 46/143/18 4/102/18
f 4/102/18 7/104/18 48/144/18
f 76/220/3 74/218/3 73/217/3
f 73/217/3 75/219/3 76/220/3
f 80/224/18 78/222/18 77/221/18
f 77/221/18 79/223/18 80/224/18
f 84/228/2 82/226/2 81/225/2
f 81/225/2 83/227/2 84/228/2
f 88/232/17 86/230/17 85/229/17
f 85/229/17 87/231/17 88/232/17
f 77/235/28 74/233/28 76/234/28
f 76/234/28 79/236/28 77/235/28
f 85/239/29 82/237/29 84/238/29
f 84/238/29 87/240/29 85/239/29
f 88/243/30 75/241/30 73/242/30
f 73/242/30 86/244/30 88/243/30
f 81/247/31 78/245/31 80/246/31
f 80/246/31 83/248/31 81/247/31
f 116/344/3 114/342/3 113/341/3
f 113/341/3 115/343/3 116/344/3
f 118/310/18 117/346/18 114/345/18
f 114/345/18 116/309/18 118/310/18
f 120/350/2 119/348/2 117/347/2
f 117/347/2 118/349/2 120/350/2
f 115/316/17 113/352/17 119/351/17
f 119/351/17 120/315/17 115/316/17
f 124/356/8 122/354/8 121/353/8
f 121/353/8 123/355/8 124/356/8
f 114/360/7 117/358/7 119/357/7
f 119/357/7 113/359/7 114/360/7
f 121/363/44 115/361/44 120/362/44
f 120/362/44 123/364/44 121/363/44
f 122/367/45 116/365/45 115/366/45
f 115/366/45 121/368/45 122/367/45
f 124/371/46 118/369/46 116/370/46
f 116/370/46 122/372/46 124/371/46
f 123/375/47 120/373/47 118/374/47
f 118/374/47 124/376/47 123/375/47
f 152/444/3 150/442/3 149/441/3
f 149/441/3 151/443/3 152/444/3
f 153/448/18 146/446/18 150/445/18
f 150/445/18 152/447/18 153/448/18
f 155/452/2 154/450/2 146/449/2
f 146/449/2 153/451/2 155/452/2
f 151/456/17 149/454/17 154/453/17
f 154/453/17 155/455/17 151/456/17
f 153/460/8 152/458/8 151/457/8
f 151/457/8 155/459/8 153/460/8
f 150/464/7 146/462/7 154/461/7
f 154/461/7 149/463/7 150/464/7
f 158/444/3 144/442/3 156/441/3
f 156/441/3 157/443/3 158/444/3
f 160/448/18 159/446/18 144/445/18
f 144/445/18 158/447/18 160/448/18
f 162/452/2 161/450/2 159/449/2
f 159/449/2 160/451/2 162/452/2
f 157/456/17 156/454/17 161/453/17
f 161/453/17 162/455/17 157/456/17
f 160/460/8 158/458/8 157/457/8
f 157/457/8 162/459/8 160/460/8
f 144/464/7 159/462/7 161/461/7
f 161/461/7 156/463/7 144/464/7
f 166/444/3 164/442/3 163/441/3
f 163/441/3 165/443/3 166/444/3
f 167/448/18 138/446/18 164/445/18
f 164/445/18 166/447/18 167/448/18
f 169/452/2 168/450/2 138/449/2
f 138/449/2 167/451/2 169/452/2
f 165/456/17 163/454/17 168/453/17
f 168/453/17 169/455/17 165/456/17
f 167/460/8 166/458/8 165/457/8
f 165/457/8 169/459/8 167/460/8
f 164/464/7 138/462/7 168/461/7
f 168/461/7 163/463/7 164/464/7
f 172/444/3 136/442/3 170/441/3
f 170/441/3 171/443/3 172/444/3
f 174/448/18 173/446/18 136/445/18
f 136/445/18 172/447/18 174/448/18
f 176/452/2 175/450/2 173/449/2
f 173/449/2 174/451/2 176/452/2
f 171/456/17 170/454/17 175/453/17
f 175/453/17 176/455/17 171/456/17
f 174/460/8 172/458/8 171/457/8
f 171/457/8 176/459/8 174/460/8
f 136/464/7 173/462/7 175/461/7
f 175/461/7 170/463/7 136/464/7
f 346/724/78 344/722/78 343/721/78
f 343/721/78 345/723/78 346/724/78
f 348/728/18 347/726/18 344/725/18
f 344/725/18 346/727/18 348/728/18
f 350/732/79 349/730/79 347/729/79
f 347/729/79 348/731/79 350/732/79
f 345/736/17 343/734/17 349/733/17
f 349/733/17 350/735/17 345/736/17
f 348/740/80 346/738/80 345/737/80
f 345/737/80 350/739/80 348/740/80
f 344/744/81 347/742/81 349/741/81
f 349/741/81 343/743/81 344/744/81
f 354/724/3 352/722/3 351/721/3
f 351/721/3 353/723/3 354/724/3
f 356/747/18 355/746/18 352/745/18
f 352/745/18 354/727/18 356/747/18
f 358/732/2 357/730/2 355/729/2
f 355/729/2 356/731/2 358/732/2
f 353/736/17 351/749/17 357/748/17
f 357/748/17 358/750/17 353/736/17
f 356/740/8 354/738/8 353/737/8
f 353/737/8 358/739/8 356/740/8
f 352/744/7 355/742/7 357/741/7
f 357/741/7 351/743/7 352/744/7
f 389/794/3 373/792/3 387/791/3
f 387/791/3 388/793/3 389/794/3
f 390/798/8 379/796/8 373/795/8
f 373/795/8 389/797/8 390/798/8
f 392/802/2 391/800/2 379/799/2
f 379/799/2 390/801/2 392/802/2
f 388/806/7 387/804/7 391/803/7
f 391/803/7 392/805/7 388/806/7
f 390/810/17 389/808/17 388/807/17
f 388/807/17 392/809/17 390/810/17
f 373/814/18 379/812/18 391/811/18
f 391/811/18 387/813/18 373/814/18
f 382/794/3 394/792/3 393/791/3
f 393/791/3 395/793/3 382/794/3
f 386/798/8 396/796/8 394/795/8
f 394/795/8 382/797/8 386/798/8
f 398/802/2 397/800/2 396/799/2
f 396/799/2 386/801/2 398/802/2
f 395/806/7 393/804/7 397/803/7
f 397/803/7 398/805/7 395/806/7
f 386/810/17 382/808/17 395/807/17
f 395/807/17 398/809/17 386/810/17
f 394/814/18 396/812/18 397/811/18
f 397/811/18 393/813/18 394/814/18
f 436/724/3 431/722/3 433/721/3
f 433/721/3 435/723/3 436/724/3
f 438/747/18 437/746/18 431/745/18
f 431/745/18 436/727/18 438/747/18
f 439/732/2 409/730/2 437/729/2
f 437/729/2 438/731/2 439/732/2
f 435/736/17 433/749/17 409/748/17
f 409/748/17 439/750/17 435/736/17
f 438/740/8 436/738/8 435/737/8
f 435/737/8 439/739/8 438/740/8
f 431/744/7 437/742/7 409/741/7
f 409/741/7 433/743/7 431/744/7
f 443/724/78 441/722/78 440/721/78
f 440/721/78 442/723/78 443/724/78
f 445/728/18 444/726/18 441/725/18
f 441/725/18 443/727/18 445/728/18
f 447/732/79 446/730/79 444/729/79
f 444/729/79 445/731/79 447/732/79
f 442/736/17 440/734/17 446/733/17
f 446/733/17 447/735/17 442/736/17
f 445/740/80 443/738/80 442/737/80
f 442/737/80 447/739/80 445/740/80
f 441/744/81 444/742/81 446/741/81
f 446/741/81 440/743/81 441/744/81
f 979/1748/8 980/1749/8 981/1750/8
f 981/1750/8 982/1751/8 979/1748/8
f 982/1751/8 984/1753/8 985/1754/8
f 985/1754/8 986/1755/8 982/1751/8
f 988/1757/8 989/1758/8 991/1760/8
f 991/1760/8 980/1749/8 988/1757/8
f 989/1758/8 981/1750/8 992/1761/8
f 992/1761/8 991/1760/8 989/1758/8
f 985/1754/8 984/1753/8 989/1758/8
f 989/1758/8 994/1763/8 985/1754/8
f 990/1759/8 988/1757/8 995/1764/8
f 995/1764/8 996/1765/8 990/1759/8
f 978/1747/8 995/1764/8 988/1757/8
f 988/1757/8 980/1749/8 978/1747/8
f 1326/2759/2 1324/2757/2 1323/2756/1
f 1323/2756/1 1325/2758/1 1326/2759/2
f 1330/2763/4 1328/2761/4 1327/2760/3
f 1327/2760/3 1329/2762/3 1330/2763/4
f 1325/2767/1 1323/2765/1 1331/2764/392
f 1331/2764/392 1332/2766/392 1325/2767/1
f 1334/2771/393 1333/2769/393 1328/2768/4
f 1328/2768/4 1330/2770/4 1334/2771/393
f 1332/2775/392 1331/2773/392 1335/2772/7
f 1335/2772/7 1336/2774/7 1332/2775/392
f 1338/2779/8 1337/2777/8 1333/2776/393
f 1333/2776/393 1334/2778/393 1338/2779/8
f 1336/2783/7 1335/2781/7 1339/2780/266
f 1339/2780/266 1340/2782/266 1336/2783/7
f 1342/2787/271 1341/2785/271 1337/2784/8
f 1337/2784/8 1338/2786/8 1342/2787/271
f 1340/2791/266 1339/2789/266 1343/2788/11
f 1343/2788/11 1344/2790/11 1340/2791/266
f 1346/2795/12 1345/2793/12 1341/2792/271
f 1341/2792/271 1342/2794/271 1346/2795/12
f 1344/2799/11 1343/2797/11 187/2796/3
f 187/2796/3 194/2798/3 1344/2799/11
f 1348/2803/2 1347/2801/2 1345/2800/12
f 1345/2800/12 1346/2802/12 1348/2803/2
f 194/2807/3 187/2805/3 1349/2804/13
f 1349/2804/13 1350/2806/13 194/2807/3
f 1352/2811/14 1351/2809/14 1347/2808/2
f 1347/2808/2 1348/2810/2 1352/2811/14
f 1350/2815/13 1349/2813/13 1353/2812/393
f 1353/2812/393 1354/2814/393 1350/2815/13
f 1356/2819/392 1355/2817/392 1351/2816/14
f 1351/2816/14 1352/2818/14 1356/2819/392
f 1354/2823/393 1353/2821/393 1357/2820/8
f 1357/2820/8 1358/2822/8 1354/2823/393
f 1360/2827/7 1359/2825/7 1355/2824/392
f 1355/2824/392 1356/2826/392 1360/2827/7
f 1358/2831/8 1357/2829/8 1361/2828/271
f 1361/2828/271 1362/2830/271 1358/2831/8
f 1364/2835/266 1363/2833/266 1359/2832/7
f 1359/2832/7 1360/2834/7 1364/2835/266
f 1362/2839/271 1361/2837/271 1365/2836/15
f 1365/2836/15 1366/2838/15 1362/2839/271
f 1368/2843/16 1367/2841/16 1363/2840/266
f 1363/2840/266 1364/2842/266 1368/2843/16
f 1366/2847/15 1365/2845/15 1324/2844/2
f 1324/2844/2 1326/2846/2 1366/2847/15
f 1329/2851/3 1327/2849/3 1367/2848/16
f 1367/2848/16 1368/2850/16 1329/2851/3
f 1328/2855/17 1323/2853/17 1324/2852/17
f 1324/2852/17 1327/2854/17 1328/2855/17
f 1329/2859/18 1326/2857/18 1325/2856/18
f 1325/2856/18 1330/2858/18 1329/2859/18
f 1333/2861/17 1331/2860/17 1323/2853/17
f 1323/2853/17 1328/2855/17 1333/2861/17
f 1330/2858/18 1325/2856/18 1332/2862/18
f 1332/2862/18 1334/2863/18 1330/2858/18
f 1337/2865/17 1335/2864/17 1331/2860/17
f 1331/2860/17 1333/2861/17 1337/2865/17
f 1334/2863/18 1332/2862/18 1336/2866/18
f 1336/2866/18 1338/2867/18 1334/2863/18
f 1341/2869/17 1339/2868/17 1335/2864/17
f 1335/2864/17 1337/2865/17 1341/2869/17
f 1338/2867/18 1336/2866/18 1340/2870/18
f 1340/2870/18 1342/2871/18 1338/2867/18
f 1345/2873/17 1343/2872/17 1339/2868/17
f 1339/2868/17 1341/2869/17 1345/2873/17
f 1342/2871/18 1340/2870/18 1344/2874/18
f 1344/2874/18 1346/2875/18 1342/2871/18
f 1347/2877/17 187/2876/17 1343/2872/17
f 1343/2872/17 1345/2873/17 1347/2877/17
f 1346/2875/18 1344/2874/18 194/2878/18
f 194/2878/18 1348/2879/18 1346/2875/18
f 1351/2881/17 1349/2880/17 187/2876/17
f 187/2876/17 1347/2877/17 1351/2881/17
f 1348/2879/18 194/2878/18 1350/2882/18
f 1350/2882/18 1352/2883/18 1348/2879/18
f 1355/2885/17 1353/2884/17 1349/2880/17
f 1349/2880/17 1351/2881/17 1355/2885/17
f 1352/2883/18 1350/2882/18 1354/2886/18
f 1354/2886/18 1356/2887/18 1352/2883/18
f 1359/2889/17 1357/2888/17 1353/2884/17
f 1353/2884/17 1355/2885/17 1359/2889/17
f 1356/2887/18 1354/2886/18 1358/2890/18
f 1358/2890/18 1360/2891/18 1356/2887/18
f 1363/2893/17 1361/2892/17 1357/2888/17
f 1357/2888/17 1359/2889/17 1363/2893/17
f 1360/2891/18 1358/2890/18 1362/2894/18
f 1362/2894/18 1364/2895/18 1360/2891/18
f 1367/2897/17 1365/2896/17 1361/2892/17
f 1361/2892/17 1363/2893/17 1367/2897/17
f 1364/2895/18 1362/2894/18 1366/2898/18
f 1366/2898/18 1368/2899/18 1364/2895/18
f 1327/2854/17 1324/2852/17 1365/2896/17
f 1365/2896/17 1367/2897/17 1327/2854/17
f 1368/2899/18 1366/2898/18 1326/2857/18
f 1326/2857/18 1329/2859/18 1368/2899/18
f 1372/2903/2 1370/2901/2 1369/2900/392
f 1369/2900/392 1371/2902/392 1372/2903/2
f 1371/2907/392 1369/2905/392 1373/2904/266
f 1373/2904/266 1374/2906/266 1371/2907/392
f 1374/2911/266 1373/2909/266 1375/2908/3
f 1375/2908/3 1376/2910/3 1374/2911/266
f 1376/2915/3 1375/2913/3 1377/2912/393
f 1377/2912/393 1378/2914/393 1376/2915/3
f 1378/2919/393 1377/2917/393 1379/2916/271
f 1379/2916/271 1380/2918/271 1378/2919/393
f 1380/2923/271 1379/2921/271 1370/2920/2
f 1370/2920/2 1372/2922/2 1380/2923/271
f 1386/2903/2 1384/2901/2 1383/2900/392
f 1383/2900/392 1385/2902/392 1386/2903/2
f 1390/2941/393 1388/2939/393 1387/2938/3
f 1387/2938/3 1389/2940/3 1390/2941/393
f 1385/2907/392 1383/2905/392 1391/2904/266
f 1391/2904/266 1392/2906/266 1385/2907/392
f 1394/2945/271 1393/2943/271 1388/2942/393
f 1388/2942/393 1390/2944/393 1394/2945/271
f 1392/2911/266 1391/2909/266 1395/2908/3
f 1395/2908/3 1396/2910/3 1392/2911/266
f 1398/2949/2 1397/2947/2 1393/2946/271
f 1393/2946/271 1394/2948/271 1398/2949/2
f 1396/2915/3 1395/2913/3 1399/2912/393
f 1399/2912/393 1400/2914/393 1396/2915/3
f 1402/2953/392 1401/2951/392 1397/2950/2
f 1397/2950/2 1398/2952/2 1402/2953/392
f 1400/2919/393 1399/2917/393 1403/2916/271
f 1403/2916/271 1404/2918/271 1400/2919/393
f 1406/2957/266 1405/2955/266 1401/2954/392
f 1401/2954/392 1402/2956/392 1406/2957/266
f 1404/2923/271 1403/2921/271 1384/2920/2
f 1384/2920/2 1386/2922/2 1404/2923/271
f 1389/2961/3 1387/2959/3 1405/2958/266
f 1405/2958/266 1406/2960/266 1389/2961/3
f 1388/2963/17 1383/2925/17 1384/2924/17
f 1384/2924/17 1387/2962/17 1388/2963/17
f 1389/2965/18 1386/2928/18 1385/2927/18
f 1385/2927/18 1390/2964/18 1389/2965/18
f 1393/2966/17 1391/2930/17 1383/2925/17
f 1383/2925/17 1388/2963/17 1393/2966/17
f 1390/2964/18 1385/2927/18 1392/2931/18
f 1392/2931/18 1394/2967/18 1390/2964/18
f 1397/2968/17 1395/2932/17 1391/2930/17
f 1391/2930/17 1393/2966/17 1397/2968/17
f 1394/2967/18 1392/2931/18 1396/2933/18
f 1396/2933/18 1398/2969/18 1394/2967/18
f 1401/2970/17 1399/2934/17 1395/2932/17
f 1395/2932/17 1397/2968/17 1401/2970/17
f 1398/2969/18 1396/2933/18 1400/2935/18
f 1400/2935/18 1402/2971/18 1398/2969/18
f 1405/2972/17 1403/2936/17 1399/2934/17
f 1399/2934/17 1401/2970/17 1405/2972/17
f 1402/2971/18 1400/2935/18 1404/2937/18
f 1404/2937/18 1406/2973/18 1402/2971/18
f 1387/2962/17 1384/2924/17 1403/2936/17
f 1403/2936/17 1405/2972/17 1387/2962/17
f 1406/2973/18 1404/2937/18 1386/2928/18
f 1386/2928/18 1389/2965/18 1406/2973/18
f 1410/2903/2 1408/2901/2 1407/2900/392
f 1407/2900/392 1409/2902/392 1410/2903/2
f 1414/2941/393 1412/2939/393 1411/2938/3
f 1411/2938/3 1413/2940/3 1414/2941/393
f 1409/2907/392 1407/2905/392 1415/2904/266
f 1415/2904/266 1416/2906/266 1409/2907/392
f 1418/2945/271 1417/2943/271 1412/2942/393
f 1412/2942/393 1414/2944/393 1418/2945/271
f 1416/2911/266 1415/2909/266 1419/2908/3
f 1419/2908/3 1420/2910/3 1416/2911/266
f 1422/2949/2 1421/2947/2 1417/2946/271
f 1417/2946/271 1418/2948/271 1422/2949/2
f 1420/2915/3 1419/2913/3 1423/2912/393
f 1423/2912/393 1424/2914/393 1420/2915/3
f 1426/2953/392 1425/2951/392 1421/2950/2
f 1421/2950/2 1422/2952/2 1426/2953/392
f 1424/2919/393 1423/2917/393 1427/2916/271
f 1427/2916/271 1428/2918/271 1424/2919/393
f 1430/2957/266 1429/2955/266 1425/2954/392
f 1425/2954/392 1426/2956/392 1430/2957/266
f 1428/2923/271 1427/2921/271 1408/2920/2
f 1408/2920/2 1410/2922/2 1428/2923/271
f 1413/2961/3 1411/2959/3 1429/2958/266
f 1429/2958/266 1430/2960/266 1413/2961/3
f 1412/2963/17 1407/2925/17 1408/2924/17
f 1408/2924/17 1411/2962/17 1412/2963/17
f 1413/2965/18 1410/2928/18 1409/2927/18
f 1409/2927/18 1414/2964/18 1413/2965/18
f 1417/2966/17 1415/2930/17 1407/2925/17
f 1407/2925/17 1412/2963/17 1417/2966/17
f 1414/2964/18 1409/2927/18 1416/2931/18
f 1416/2931/18 1418/2967/18 1414/2964/18
f 1421/2968/17 1419/2932/17 1415/2930/17
f 1415/2930/17 1417/2966/17 1421/2968/17
f 1418/2967/18 1416/2931/18 1420/2933/18
f 1420/2933/18 1422/2969/18 1418/2967/18
f 1425/2970/17 1423/2934/17 1419/2932/17
f 1419/2932/17 1421/2968/17 1425/2970/17
f 1422/2969/18 1420/2933/18 1424/2935/18
f 1424/2935/18 1426/2971/18 1422/2969/18
f 1429/2972/17 1427/2936/17 1423/2934/17
f 1423/2934/17 1425/2970/17 1429/2972/17
f 1426/2971/18 1424/2935/18 1428/2937/18
f 1428/2937/18 1430/2973/18 1426/2971/18
f 1411/2962/17 1408/2924/17 1427/2936/17
f 1427/2936/17 1429/2972/17 1411/2962/17
f 1430/2973/18 1428/2937/18 1410/2928/18
f 1410/2928/18 1413/2965/18 1430/2973/18
f 1434/2977/18 1432/2975/18 1431/2974/394
f 1431/2974/394 1433/2976/394 1434/2977/18
f 1438/2981/395 1436/2979/395 1435/2978/17
f 1435/2978/17 1437/2980/17 1438/2981/395
f 1433/2985/394 1431/2983/394 1439/2982/396
f 1439/2982/396 1440/2984/396 1433/2985/394
f 1442/2989/397 1441/2987/397 1436/2986/395
f 1436/2986/395 1438/2988/395 1442/2989/397
f 1440/2993/396 1439/2991/396 1443/2990/398
f 1443/2990/398 1444/2992/398 1440/2993/396
f 1446/2997/399 1445/2995/399 1441/2994/397
f 1441/2994/397 1442/2996/397 1446/2997/399
f 1444/3001/398 1443/2999/398 1447/2998/400
f 1447/2998/400 1448/3000/400 1444/3001/398
f 1450/3005/401 1449/3003/401 1445/3002/399
f 1445/3002/399 1446/3004/399 1450/3005/401
f 1448/3009/400 1447/3007/400 1451/3006/17
f 1451/3006/17 1452/3008/17 1448/3009/400
f 1454/3013/18 1453/3011/18 1449/3010/401
f 1449/3010/401 1450/3012/401 1454/3013/18
f 1452/3017/17 1451/3015/17 1455/3014/402
f 1455/3014/402 1456/3016/402 1452/3017/17
f 1458/3021/403 1457/3019/403 1453/3018/18
f 1453/3018/18 1454/3020/18 1458/3021/403
f 1456/3025/402 1455/3023/402 1459/3022/404
f 1459/3022/404 1460/3024/404 1456/3025/402
f 1462/3029/405 1461/3027/405 1457/3026/403
f 1457/3026/403 1458/3028/403 1462/3029/405
f 1460/3033/404 1459/3031/404 1463/3030/406
f 1463/3030/406 1464/3032/406 1460/3033/404
f 1466/3037/407 1465/3035/407 1461/3034/405
f 1461/3034/405 1462/3036/405 1466/3037/407
f 1464/3041/406 1463/3039/406 1467/3038/408
f 1467/3038/408 1468/3040/408 1464/3041/406
f 1470/2961/409 1469/2959/409 1465/3042/407
f 1465/3042/407 1466/3043/407 1470/2961/409
f 1468/3047/408 1467/3045/408 1432/3044/18
f 1432/3044/18 1434/3046/18 1468/3047/408
f 1437/3051/17 1435/3049/17 1469/3048/409
f 1469/3048/409 1470/3050/409 1437/3051/17
f 1436/3055/2 1431/3053/2 1432/3052/2
f 1432/3052/2 1435/3054/2 1436/3055/2
f 1437/3059/3 1434/3057/3 1433/3056/3
f 1433/3056/3 1438/3058/3 1437/3059/3
f 1441/3061/2 1439/3060/2 1431/3053/2
f 1431/3053/2 1436/3055/2 1441/3061/2
f 1438/3058/3 1433/3056/3 1440/3062/3
f 1440/3062/3 1442/3063/3 1438/3058/3
f 1445/3065/2 1443/3064/2 1439/3060/2
f 1439/3060/2 1441/3061/2 1445/3065/2
f 1442/3063/3 1440/3062/3 1444/3066/3
f 1444/3066/3 1446/3067/3 1442/3063/3
f 1449/3069/2 1447/3068/2 1443/3064/2
f 1443/3064/2 1445/3065/2 1449/3069/2
f 1446/3067/3 1444/3066/3 1448/3070/3
f 1448/3070/3 1450/3071/3 1446/3067/3
f 1453/3073/2 1451/3072/2 1447/3068/2
f 1447/3068/2 1449/3069/2 1453/3073/2
f 1450/3071/3 1448/3070/3 1452/3074/3
f 1452/3074/3 1454/3075/3 1450/3071/3
f 1457/3079/2 1455/3077/2 1451/3076/2
f 1451/3076/2 1453/3078/2 1457/3079/2
f 1454/3083/3 1452/3081/3 1456/3080/3
f 1456/3080/3 1458/3082/3 1454/3083/3
f 1461/3085/2 1459/3084/2 1455/3077/2
f 1455/3077/2 1457/3079/2 1461/3085/2
f 1458/3082/3 1456/3080/3 1460/3086/3
f 1460/3086/3 1462/3087/3 1458/3082/3
f 1465/3089/2 1463/3088/2 1459/3084/2
f 1459/3084/2 1461/3085/2 1465/3089/2
f 1462/3087/3 1460/3086/3 1464/3090/3
f 1464/3090/3 1466/3091/3 1462/3087/3
f 1469/3093/2 1467/3092/2 1463/3088/2
f 1463/3088/2 1465/3089/2 1469/3093/2
f 1466/3091/3 1464/3090/3 1468/3094/3
f 1468/3094/3 1470/3095/3 1466/3091/3
f 1435/3097/2 1432/3096/2 1467/3092/2
f 1467/3092/2 1469/3093/2 1435/3097/2
f 1470/3095/3 1468/3094/3 1434/3098/3
f 1434/3098/3 1437/3099/3 1470/3095/3
f 1474/2977/18 1472/2975/18 1471/2974/394
f 1471/2974/394 1473/2976/394 1474/2977/18
f 1478/2981/395 1476/2979/395 1475/2978/17
f 1475/2978/17 1477/2980/17 1478/2981/395
f 1473/2985/394 1471/2983/394 1479/2982/396
f 1479/2982/396 1480/2984/396 1473/2985/394
f 1482/2989/397 1481/2987/397 1476/2986/395
f 1476/2986/395 1478/2988/395 1482/2989/397
f 1480/2993/396 1479/2991/396 1483/2990/398
f 1483/2990/398 1484/2992/398 1480/2993/396
f 1486/2997/399 1485/2995/399 1481/2994/397
f 1481/2994/397 1482/2996/397 1486/2997/399
f 1484/3001/398 1483/2999/398 1487/2998/400
f 1487/2998/400 1488/3000/400 1484/3001/398
f 1490/3005/401 1489/3003/401 1485/3002/399
f 1485/3002/399 1486/3004/399 1490/3005/401
f 1488/3009/400 1487/3007/400 1491/3006/17
f 1491/3006/17 1492/3008/17 1488/3009/400
f 1494/3013/18 1493/3011/18 1489/3010/401
f 1489/3010/401 1490/3012/401 1494/3013/18
f 1492/3017/17 1491/3015/17 1495/3014/402
f 1495/3014/402 1496/3016/402 1492/3017/17
f 1498/3021/403 1497/3019/403 1493/3018/18
f 1493/3018/18 1494/3020/18 1498/3021/403
f 1496/3025/402 1495/3023/402 1499/3022/404
f 1499/3022/404 1500/3024/404 1496/3025/402
f 1502/3029/405 1501/3027/405 1497/3026/403
f 1497/3026/403 1498/3028/403 1502/3029/405
f 1500/3033/404 1499/3031/404 1503/3030/406
f 1503/3030/406 1504/3032/406 1500/3033/404
f 1506/3037/407 1505/3035/407 1501/3034/405
f 1501/3034/405 1502/3036/405 1506/3037/407
f 1504/3041/406 1503/3039/406 1507/3038/408
f 1507/3038/408 1508/3040/408 1504/3041/406
f 1510/2961/409 1509/2959/409 1505/3042/407
f 1505/3042/407 1506/3043/407 1510/2961/409
f 1508/3047/408 1507/3045/408 1472/3044/18
f 1472/3044/18 1474/3046/18 1508/3047/408
f 1477/3051/17 1475/3049/17 1509/3048/409
f 1509/3048/409 1510/3050/409 1477/3051/17
f 1476/3055/2 1471/3053/2 1472/3052/2
f 1472/3052/2 1475/3054/2 1476/3055/2
f 1477/3059/3 1474/3057/3 1473/3056/3
f 1473/3056/3 1478/3058/3 1477/3059/3
f 1481/3061/2 1479/3060/2 1471/3053/2
f 1471/3053/2 1476/3055/2 1481/3061/2
f 1478/3058/3 1473/3056/3 1480/3062/3
f 1480/3062/3 1482/3063/3 1478/3058/3
f 1485/3065/2 1483/3064/2 1479/3060/2
f 1479/3060/2 1481/3061/2 1485/3065/2
f 1482/3063/3 1480/3062/3 1484/3066/3
f 1484/3066/3 1486/3067/3 1482/3063/3
f 1489/3069/2 1487/3068/2 1483/3064/2
f 1483/3064/2 1485/3065/2 1489/3069/2
f 1486/3067/3 1484/3066/3 1488/3070/3
f 1488/3070/3 1490/3071/3 1486/3067/3
f 1493/3073/2 1491/3072/2 1487/3068/2
f 1487/3068/2 1489/3069/2 1493/3073/2
f 1490/3071/3 1488/3070/3 1492/3074/3
f 1492/3074/3 1494/3075/3 1490/3071/3
f 1497/3079/2 1495/3077/2 1491/3076/2
f 1491/3076/2 1493/3078/2 1497/3079/2
f 1494/3083/3 1492/3081/3 1496/3080/3
f 1496/3080/3 1498/3082/3 1494/3083/3
f 1501/3085/2 1499/3084/2 1495/3077/2
f 1495/3077/2 1497/3079/2 1501/3085/2
f 1498/3082/3 1496/3080/3 1500/3086/3
f 1500/3086/3 1502/3087/3 1498/3082/3
f 1505/3089/2 1503/3088/2 1499/3084/2
f 1499/3084/2 1501/3085/2 1505/3089/2
f 1502/3087/3 1500/3086/3 1504/3090/3
f 1504/3090/3 1506/3091/3 1502/3087/3
f 1509/3093/2 1507/3092/2 1503/3088/2
f 1503/3088/2 1505/3089/2 1509/3093/2
f 1506/3091/3 1504/3090/3 1508/3094/3
f 1508/3094/3 1510/3095/3 1506/3091/3
f 1475/3097/2 1472/3096/2 1507/3092/2
f 1507/3092/2 1509/3093/2 1475/3097/2
f 1510/3095/3 1508/3094/3 1474/3098/3
f 1474/3098/3 1477/3099/3 1510/3095/3
f 1514/2977/18 1512/2975/18 1511/2974/394
f 1511/2974/394 1513/2976/394 1514/2977/18
f 1518/2981/395 1516/2979/395 1515/2978/17
f 1515/2978/17 1517/2980/17 1518/2981/395
f 1513/2985/394 1511/2983/394 1519/2982/396
f 1519/2982/396 1520/2984/396 1513/2985/394
f 1522/2989/397 1521/2987/397 1516/2986/395
f 1516/2986/395 1518/2988/395 1522/2989/397
f 1520/2993/396 1519/2991/396 1523/2990/398
f 1523/2990/398 1524/2992/398 1520/2993/396
f 1526/2997/399 1525/2995/399 1521/2994/397
f 1521/2994/397 1522/2996/397 1526/2997/399
f 1524/3001/398 1523/2999/398 1527/2998/400
f 1527/2998/400 1528/3000/400 1524/3001/398
f 1530/3005/401 1529/3003/401 1525/3002/399
f 1525/3002/399 1526/3004/399 1530/3005/401
f 1528/3009/400 1527/3007/400 1531/3006/17
f 1531/3006/17 1532/3008/17 1528/3009/400
f 1534/3013/18 1533/3011/18 1529/3010/401
f 1529/3010/401 1530/3012/401 1534/3013/18
f 1532/3017/17 1531/3015/17 1535/3014/402
f 1535/3014/402 1536/3016/402 1532/3017/17
f 1538/3021/403 1537/3019/403 1533/3018/18
f 1533/3018/18 1534/3020/18 1538/3021/403
f 1536/3025/402 1535/3023/402 1539/3022/404
f 1539/3022/404 1540/3024/404 1536/3025/402
f 1542/3029/405 1541/3027/405 1537/3026/403
f 1537/3026/403 1538/3028/403 1542/3029/405
f 1540/3033/404 1539/3031/404 1543/3030/406
f 1543/3030/406 1544/3032/406 1540/3033/404
f 1546/3037/407 1545/3035/407 1541/3034/405
f 1541/3034/405 1542/3036/405 1546/3037/407
f 1544/3041/406 1543/3039/406 1547/3038/408
f 1547/3038/408 1548/3040/408 1544/3041/406
f 1550/2961/409 1549/2959/409 1545/3042/407
f 1545/3042/407 1546/3043/407 1550/2961/409
f 1548/3047/408 1547/3045/408 1512/3044/18
f 1512/3044/18 1514/3046/18 1548/3047/408
f 1517/3051/17 1515/3049/17 1549/3048/409
f 1549/3048/409 1550/3050/409 1517/3051/17
f 1516/3055/2 1511/3053/2 1512/3052/2
f 1512/3052/2 1515/3054/2 1516/3055/2
f 1517/3059/411 1514/3057/410 1513/3056/3
f 1513/3056/3 1518/3058/410 1517/3059/411
f 1521/3061/2 1519/3060/2 1511/3053/2
f 1511/3053/2 1516/3055/2 1521/3061/2
f 1518/3058/3 1513/3056/3 1520/3062/3
f 1520/3062/3 1522/3063/3 1518/3058/3
f 1525/3065/2 1523/3064/2 1519/3060/2
f 1519/3060/2 1521/3061/2 1525/3065/2
f 1522/3063/3 1520/3062/3 1524/3066/3
f 1524/3066/3 1526/3067/3 1522/3063/3
f 1529/3069/2 1527/3068/2 1523/3064/2
f 1523/3064/2 1525/3065/2 1529/3069/2
f 1526/3067/3 1524/3066/3 1528/3070/3
f 1528/3070/3 1530/3071/3 1526/3067/3
f 1533/3073/2 1531/3072/2 1527/3068/2
f 1527/3068/2 1529/3069/2 1533/3073/2
f 1530/3071/410 1528/3070/410 1532/3074/3
f 1532/3074/3 1534/3075/410 1530/3071/410
f 1537/3079/2 1535/3077/2 1531/3076/2
f 1531/3076/2 1533/3078/2 1537/3079/2
f 1534/3083/412 1532/3081/410 1536/3080/3
f 1536/3080/3 1538/3082/410 1534/3083/412
f 1541/3085/2 1539/3084/2 1535/3077/2
f 1535/3077/2 1537/3079/2 1541/3085/2
f 1538/3082/3 1536/3080/3 1540/3086/3
f 1540/3086/3 1542/3087/3 1538/3082/3
f 1545/3089/2 1543/3088/2 1539/3084/2
f 1539/3084/2 1541/3085/2 1545/3089/2
f 1542/3087/3 1540/3086/3 1544/3090/3
f 1544/3090/3 1546/3091/3 1542/3087/3
f 1549/3093/2 1547/3092/2 1543/3088/2
f 1543/3088/2 1545/3089/2 1549/3093/2
f 1546/3091/3 1544/3090/3 1548/3094/3
f 1548/3094/3 1550/3095/3 1546/3091/3
f 1515/3097/2 1512/3096/2 1547/3092/2
f 1547/3092/2 1549/3093/2 1515/3097/2
f 1550/3095/410 1548/3094/410 1514/3098/3
f 1514/3098/3 1517/3099/410 1550/3095/410
f 1554/2903/2 1552/2901/2 1551/2900/392
f 1551/2900/392 1553/2902/392 1554/2903/2
f 1558/2941/393 1556/2939/393 1555/2938/3
f 1555/2938/3 1557/2940/3 1558/2941/393
f 1553/2907/392 1551/2905/392 1559/2904/266
f 1559/2904/266 1560/2906/266 1553/2907/392
f 1562/2945/271 1561/2943/271 1556/2942/393
f 1556/2942/393 1558/2944/393 1562/2945/271
f 1560/2911/266 1559/2909/266 1563/2908/3
f 1563/2908/3 1564/2910/3 1560/2911/266
f 1566/2949/2 1565/2947/2 1561/2946/271
f 1561/2946/271 1562/2948/271 1566/2949/2
f 1564/2915/3 1563/2913/3 1567/2912/393
f 1567/2912/393 1568/2914/393 1564/2915/3
f 1570/2953/392 1569/2951/392 1565/2950/2
f 1565/2950/2 1566/2952/2 1570/2953/392
f 1568/2919/393 1567/2917/393 1571/2916/271
f 1571/2916/271 1572/2918/271 1568/2919/393
f 1574/2957/266 1573/2955/266 1569/2954/392
f 1569/2954/392 1570/2956/392 1574/2957/266
f 1572/2923/271 1571/2921/271 1552/2920/2
f 1552/2920/2 1554/2922/2 1572/2923/271
f 1557/2961/3 1555/2959/3 1573/2958/266
f 1573/2958/266 1574/2960/266 1557/2961/3
f 1556/2963/17 1551/2925/17 1552/2924/17
f 1552/2924/17 1555/2962/17 1556/2963/17
f 1557/2965/18 1554/2928/18 1553/2927/18
f 1553/2927/18 1558/2964/18 1557/2965/18
f 1561/2966/17 1559/2930/17 1551/2925/17
f 1551/2925/17 1556/2963/17 1561/2966/17
f 1558/2964/18 1553/2927/18 1560/2931/18
f 1560/2931/18 1562/2967/18 1558/2964/18
f 1565/2968/17 1563/2932/17 1559/2930/17
f 1559/2930/17 1561/2966/17 1565/2968/17
f 1562/2967/18 1560/2931/18 1564/2933/18
f 1564/2933/18 1566/2969/18 1562/2967/18
f 1569/2970/17 1567/2934/17 1563/2932/17
f 1563/2932/17 1565/2968/17 1569/2970/17
f 1566/2969/18 1564/2933/18 1568/2935/18
f 1568/2935/18 1570/2971/18 1566/2969/18
f 1573/2972/17 1571/2936/17 1567/2934/17
f 1567/2934/17 1569/2970/17 1573/2972/17
f 1570/2971/18 1568/2935/18 1572/2937/18
f 1572/2937/18 1574/2973/18 1570/2971/18
f 1555/2962/17 1552/2924/17 1571/2936/17
f 1571/2936/17 1573/2972/17 1555/2962/17
f 1574/2973/18 1572/2937/18 1554/2928/18
f 1554/2928/18 1557/2965/18 1574/2973/18
f 1578/2903/2 1576/2901/2 1575/2900/392
f 1575/2900/392 1577/2902/392 1578/2903/2
f 1577/2907/392 1575/2905/392 1579/2904/266
f 1579/2904/266 1580/2906/266 1577/2907/392
f 1580/2911/266 1579/2909/266 1581/2908/3
f 1581/2908/3 1582/2910/3 1580/2911/266
f 1582/2915/3 1581/2913/3 1583/2912/393
f 1583/2912/393 1584/2914/393 1582/2915/3
f 1584/2919/393 1583/2917/393 1585/2916/271
f 1585/2916/271 1586/2918/271 1584/2919/393
f 1586/2923/271 1585/2921/271 1576/2920/2
f 1576/2920/2 1578/2922/2 1586/2923/271
f 1592/4/2 1590/2/2 1589/1/274
f 1589/1/274 1591/3/274 1592/4/2
f 1596/8/275 1594/6/275 1593/5/3
f 1593/5/3 1595/7/3 1596/8/275
f 1591/12/274 1589/10/274 1597/9/413
f 1597/9/413 1598/11/413 1591/12/274
f 1600/16/6 1599/14/6 1594/13/275
f 1594/13/275 1596/15/275 1600/16/6
f 1598/20/413 1597/18/413 1601/17/7
f 1601/17/7 1602/19/7 1598/20/413
f 1604/24/8 1603/22/8 1599/21/6
f 1599/21/6 1600/23/6 1604/24/8
f 1602/28/7 1601/26/7 1605/25/414
f 1605/25/414 1606/27/414 1602/28/7
f 1608/32/10 1607/30/10 1603/29/8
f 1603/29/8 1604/31/8 1608/32/10
f 1606/36/414 1605/3100/414 1609/33/415
f 1609/33/415 1610/3101/415 1606/36/414
f 1612/40/416 1611/38/416 1607/37/10
f 1607/37/10 1608/39/10 1612/40/416
f 1610/44/415 1609/42/415 1613/41/3
f 1613/41/3 1614/43/3 1610/44/415
f 1616/48/2 1615/46/2 1611/45/416
f 1611/45/416 1612/47/416 1616/48/2
f 1614/52/3 1613/50/3 1617/49/275
f 1617/49/275 1618/51/275 1614/52/3
f 1620/56/274 1619/54/274 1615/53/2
f 1615/53/2 1616/55/2 1620/56/274
f 1618/60/275 1617/58/275 1621/57/417
f 1621/57/417 1622/59/417 1618/60/275
f 1624/64/5 1623/62/5 1619/61/274
f 1619/61/274 1620/63/274 1624/64/5
f 1622/68/417 1621/66/417 1625/65/8
f 1625/65/8 1626/67/8 1622/68/417
f 1628/72/7 1627/70/7 1623/69/5
f 1623/69/5 1624/71/5 1628/72/7
f 1626/76/8 1625/74/8 1629/73/418
f 1629/73/418 1630/75/418 1626/76/8
f 1632/80/9 1631/78/9 1627/77/7
f 1627/77/7 1628/79/7 1632/80/9
f 1630/84/418 1629/3102/418 1633/81/416
f 1633/81/416 1634/3103/416 1630/84/418
f 1636/88/415 1635/86/415 1631/85/9
f 1631/85/9 1632/87/9 1636/88/415
f 1634/92/416 1633/90/416 1590/89/2
f 1590/89/2 1592/91/2 1634/92/416
f 1595/96/3 1593/94/3 1635/93/415
f 1635/93/415 1636/95/415 1595/96/3
f 1594/100/17 1589/98/17 1590/3104/17
f 1590/3104/17 1593/99/17 1594/100/17
f 1595/104/18 1592/3105/18 1591/101/18
f 1591/101/18 1596/103/18 1595/104/18
f 1599/106/17 1597/105/17 1589/98/17
f 1589/98/17 1594/100/17 1599/106/17
f 1596/103/18 1591/101/18 1598/107/18
f 1598/107/18 1600/108/18 1596/103/18
f 1603/110/17 1601/109/17 1597/105/17
f 1597/105/17 1599/106/17 1603/110/17
f 1600/108/18 1598/107/18 1602/111/18
f 1602/111/18 1604/112/18 1600/108/18
f 1607/114/17 1605/113/17 1601/109/17
f 1601/109/17 1603/110/17 1607/114/17
f 1604/112/18 1602/111/18 1606/115/18
f 1606/115/18 1608/116/18 1604/112/18
f 1611/118/17 1609/117/17 1605/113/17
f 1605/113/17 1607/114/17 1611/118/17
f 1608/116/18 1606/115/18 1610/119/18
f 1610/119/18 1612/120/18 1608/116/18
f 1615/122/17 1613/3106/17 1609/117/17
f 1609/117/17 1611/118/17 1615/122/17
f 1612/120/18 1610/119/18 1614/3107/18
f 1614/3107/18 1616/124/18 1612/120/18
f 1619/3108/17 1617/125/17 1613/121/17
f 1613/121/17 1615/122/17 1619/3108/17
f 1616/124/18 1614/123/18 1618/127/18
f 1618/127/18 1620/3109/18 1616/124/18
f 1623/130/17 1621/129/17 1617/3110/17
f 1617/3110/17 1619/126/17 1623/130/17
f 1620/128/18 1618/3111/18 1622/131/18
f 1622/131/18 1624/132/18 1620/128/18
f 1627/134/17 1625/133/17 1621/129/17
f 1621/129/17 1623/130/17 1627/134/17
f 1624/132/18 1622/131/18 1626/135/18
f 1626/135/18 1628/136/18 1624/132/18
f 1631/138/17 1629/137/17 1625/133/17
f 1625/133/17 1627/134/17 1631/138/17
f 1628/136/18 1626/135/18 1630/139/18
f 1630/139/18 1632/140/18 1628/136/18
f 1635/142/17 1633/3112/17 1629/137/17
f 1629/137/17 1631/138/17 1635/142/17
f 1632/140/18 1630/139/18 1634/3113/18
f 1634/3113/18 1636/144/18 1632/140/18
f 1593/99/17 1590/97/17 1633/141/17
f 1633/141/17 1635/3114/17 1593/99/17
f 1636/3115/18 1634/143/18 1592/102/18
f 1592/102/18 1595/104/18 1636/3115/18
f 1640/4/2 1638/2/2 1637/1/274
f 1637/1/274 1639/3/274 1640/4/2
f 1644/8/275 1642/6/275 1641/5/3
f 1641/5/3 1643/7/3 1644/8/275
f 1639/12/274 1637/10/274 1645/9/413
f 1645/9/413 1646/11/413 1639/12/274
f 1648/16/6 1647/14/6 1642/13/275
f 1642/13/275 1644/15/275 1648/16/6
f 1646/20/413 1645/18/413 1649/17/7
f 1649/17/7 1650/19/7 1646/20/413
f 1652/24/8 1651/22/8 1647/21/6
f 1647/21/6 1648/23/6 1652/24/8
f 1650/28/7 1649/26/7 1653/25/414
f 1653/25/414 1654/27/414 1650/28/7
f 1656/32/10 1655/30/10 1651/29/8
f 1651/29/8 1652/31/8 1656/32/10
f 1654/36/414 1653/3100/414 1657/33/415
f 1657/33/415 1658/3101/415 1654/36/414
f 1660/40/416 1659/38/416 1655/37/10
f 1655/37/10 1656/39/10 1660/40/416
f 1658/44/415 1657/42/415 1661/41/3
f 1661/41/3 1662/43/3 1658/44/415
f 1664/48/2 1663/46/2 1659/45/416
f 1659/45/416 1660/47/416 1664/48/2
f 1662/52/3 1661/50/3 1665/49/275
f 1665/49/275 1666/51/275 1662/52/3
f 1668/56/274 1667/54/274 1663/53/2
f 1663/53/2 1664/55/2 1668/56/274
f 1666/60/275 1665/58/275 1669/57/417
f 1669/57/417 1670/59/417 1666/60/275
f 1672/64/5 1671/62/5 1667/61/274
f 1667/61/274 1668/63/274 1672/64/5
f 1670/68/417 1669/66/417 1673/65/8
f 1673/65/8 1674/67/8 1670/68/417
f 1676/72/7 1675/70/7 1671/69/5
f 1671/69/5 1672/71/5 1676/72/7
f 1674/76/8 1673/74/8 1677/73/418
f 1677/73/418 1678/75/418 1674/76/8
f 1680/80/9 1679/78/9 1675/77/7
f 1675/77/7 1676/79/7 1680/80/9
f 1678/84/418 1677/3102/418 1681/81/416
f 1681/81/416 1682/3103/416 1678/84/418
f 1684/88/415 1683/86/415 1679/85/9
f 1679/85/9 1680/87/9 1684/88/415
f 1682/92/416 1681/90/416 1638/89/2
f 1638/89/2 1640/91/2 1682/92/416
f 1643/96/3 1641/94/3 1683/93/415
f 1683/93/415 1684/95/415 1643/96/3
f 1642/100/17 1637/98/17 1638/3104/17
f 1638/3104/17 1641/99/17 1642/100/17
f 1643/104/18 1640/3105/18 1639/101/18
f 1639/101/18 1644/103/18 1643/104/18
f 1647/106/17 1645/105/17 1637/98/17
f 1637/98/17 1642/100/17 1647/106/17
f 1644/103/18 1639/101/18 1646/107/18
f 1646/107/18 1648/108/18 1644/103/18
f 1651/110/17 1649/109/17 1645/105/17
f 1645/105/17 1647/106/17 1651/110/17
f 1648/108/18 1646/107/18 1650/111/18
f 1650/111/18 1652/112/18 1648/108/18
f 1655/114/17 1653/113/17 1649/109/17
f 1649/109/17 1651/110/17 1655/114/17
f 1652/112/18 1650/111/18 1654/115/18
f 1654/115/18 1656/116/18 1652/112/18
f 1659/118/17 1657/117/17 1653/113/17
f 1653/113/17 1655/114/17 1659/118/17
f 1656/116/18 1654/115/18 1658/119/18
f 1658/119/18 1660/120/18 1656/116/18
f 1663/122/17 1661/3106/17 1657/117/17
f 1657/117/17 1659/118/17 1663/122/17
f 1660/120/18 1658/119/18 1662/3107/18
f 1662/3107/18 1664/124/18 1660/120/18
f 1667/3108/17 1665/125/17 1661/121/17
f 1661/121/17 1663/122/17 1667/3108/17
f 1664/124/18 1662/123/18 1666/127/18
f 1666/127/18 1668/3109/18 1664/124/18
f 1671/130/17 1669/129/17 1665/3110/17
f 1665/3110/17 1667/126/17 1671/130/17
f 1668/128/18 1666/3111/18 1670/131/18
f 1670/131/18 1672/132/18 1668/128/18
f 1675/134/17 1673/133/17 1669/129/17
f 1669/129/17 1671/130/17 1675/134/17
f 1672/132/18 1670/131/18 1674/135/18
f 1674/135/18 1676/136/18 1672/132/18
f 1679/138/17 1677/137/17 1673/133/17
f 1673/133/17 1675/134/17 1679/138/17
f 1676/136/18 1674/135/18 1678/139/18
f 1678/139/18 1680/140/18 1676/136/18
f 1683/142/17 1681/3112/17 1677/137/17
f 1677/137/17 1679/138/17 1683/142/17
f 1680/140/18 1678/139/18 1682/3113/18
f 1682/3113/18 1684/144/18 1680/140/18
f 1641/99/17 1638/97/17 1681/141/17
f 1681/141/17 1683/3114/17 1641/99/17
f 1684/3115/18 1682/143/18 1640/102/18
f 1640/102/18 1643/104/18 1684/3115/18
f 1688/4/2 1686/2/2 1685/1/14
f 1685/1/14 1687/3/14 1688/4/2
f 1692/8/275 1690/6/275 1689/5/3
f 1689/5/3 1691/7/3 1692/8/275
f 1687/12/14 1685/10/14 1693/9/413
f 1693/9/413 1694/11/413 1687/12/14
f 1696/16/6 1695/14/6 1690/13/275
f 1690/13/275 1692/15/275 1696/16/6
f 1694/20/413 1693/18/413 1697/17/7
f 1697/17/7 1698/19/7 1694/20/413
f 1700/24/8 1699/22/8 1695/21/6
f 1695/21/6 1696/23/6 1700/24/8
f 1698/28/7 1697/3116/7 1701/25/414
f 1701/25/414 1702/3117/414 1698/28/7
f 1704/32/10 1703/30/10 1699/29/8
f 1699/29/8 1700/31/8 1704/32/10
f 1702/36/414 1701/34/414 1705/33/16
f 1705/33/16 1706/35/16 1702/36/414
f 1708/40/416 1707/38/416 1703/37/10
f 1703/37/10 1704/39/10 1708/40/416
f 1706/44/16 1705/42/16 1709/41/3
f 1709/41/3 1710/43/3 1706/44/16
f 1712/48/2 1711/46/2 1707/45/416
f 1707/45/416 1708/47/416 1712/48/2
f 1710/52/3 1709/50/3 1713/49/4
f 1713/49/4 1714/51/4 1710/52/3
f 1716/56/274 1715/54/274 1711/53/2
f 1711/53/2 1712/55/2 1716/56/274
f 1714/60/4 1713/58/4 1717/57/417
f 1717/57/417 1718/59/417 1714/60/4
f 1720/64/5 1719/62/5 1715/61/274
f 1715/61/274 1716/63/274 1720/64/5
f 1718/68/417 1717/66/417 1721/65/8
f 1721/65/8 1722/67/8 1718/68/417
f 1724/72/7 1723/70/7 1719/69/5
f 1719/69/5 1720/71/5 1724/72/7
f 1722/76/8 1721/74/8 1725/73/418
f 1725/73/418 1726/75/418 1722/76/8
f 1728/80/9 1727/78/9 1723/77/7
f 1723/77/7 1724/79/7 1728/80/9
f 1726/84/418 1725/3102/418 1729/81/12
f 1729/81/12 1730/3103/12 1726/84/418
f 1732/88/415 1731/86/415 1727/85/9
f 1727/85/9 1728/87/9 1732/88/415
f 1730/92/12 1729/90/12 1686/89/2
f 1686/89/2 1688/91/2 1730/92/12
f 1691/96/3 1689/94/3 1731/93/415
f 1731/93/415 1732/95/415 1691/96/3
f 1690/100/17 1685/98/17 1686/97/17
f 1686/97/17 1689/99/17 1690/100/17
f 1691/104/18 1688/102/18 1687/101/18
f 1687/101/18 1692/103/18 1691/104/18
f 1695/106/17 1693/105/17 1685/98/17
f 1685/98/17 1690/100/17 1695/106/17
f 1692/103/18 1687/101/18 1694/107/18
f 1694/107/18 1696/108/18 1692/103/18
f 1699/110/17 1697/109/17 1693/105/17
f 1693/105/17 1695/106/17 1699/110/17
f 1696/108/18 1694/107/18 1698/111/18
f 1698/111/18 1700/112/18 1696/108/18
f 1703/114/17 1701/113/17 1697/109/17
f 1697/109/17 1699/110/17 1703/114/17
f 1700/112/18 1698/111/18 1702/115/18
f 1702/115/18 1704/116/18 1700/112/18
f 1707/118/17 1705/117/17 1701/113/17
f 1701/113/17 1703/114/17 1707/118/17
f 1704/116/18 1702/115/18 1706/119/18
f 1706/119/18 1708/120/18 1704/116/18
f 1711/122/17 1709/121/17 1705/117/17
f 1705/117/17 1707/118/17 1711/122/17
f 1708/120/18 1706/119/18 1710/123/18
f 1710/123/18 1712/124/18 1708/120/18
f 1715/126/17 1713/125/17 1709/121/17
f 1709/121/17 1711/122/17 1715/126/17
f 1712/124/18 1710/123/18 1714/127/18
f 1714/127/18 1716/128/18 1712/124/18
f 1719/130/17 1717/129/17 1713/3110/17
f 1713/3110/17 1715/126/17 1719/130/17
f 1716/128/18 1714/3111/18 1718/131/18
f 1718/131/18 1720/132/18 1716/128/18
f 1723/134/17 1721/133/17 1717/129/17
f 1717/129/17 1719/130/17 1723/134/17
f 1720/132/18 1718/131/18 1722/135/18
f 1722/135/18 1724/136/18 1720/132/18
f 1727/138/17 1725/137/17 1721/133/17
f 1721/133/17 1723/134/17 1727/138/17
f 1724/136/18 1722/135/18 1726/139/18
f 1726/139/18 1728/140/18 1724/136/18
f 1731/142/17 1729/3112/17 1725/137/17
f 1725/137/17 1727/138/17 1731/142/17
f 1728/140/18 1726/139/18 1730/3113/18
f 1730/3113/18 1732/144/18 1728/140/18
f 1689/99/17 1686/97/17 1729/141/17
f 1729/141/17 1731/142/17 1689/99/17
f 1732/144/18 1730/143/18 1688/102/18
f 1688/102/18 1691/104/18 1732/144/18
f 1736/4/2 1734/2/2 1733/1/14
f 1733/1/14 1735/3/14 1736/4/2
f 1740/8/275 1738/6/275 1737/5/3
f 1737/5/3 1739/7/3 1740/8/275
f 1735/12/14 1733/10/14 1741/9/413
f 1741/9/413 1742/11/413 1735/12/14
f 1744/16/6 1743/14/6 1738/13/275
f 1738/13/275 1740/15/275 1744/16/6
f 1742/20/413 1741/18/413 1745/17/7
f 1745/17/7 1746/19/7 1742/20/413
f 1748/24/8 1747/22/8 1743/21/6
f 1743/21/6 1744/23/6 1748/24/8
f 1746/28/7 1745/26/7 1749/25/414
f 1749/25/414 1750/27/414 1746/28/7
f 1752/32/10 1751/30/10 1747/29/8
f 1747/29/8 1748/31/8 1752/32/10
f 1750/36/414 1749/3100/414 1753/33/16
f 1753/33/16 1754/3101/16 1750/36/414
f 1756/40/416 1755/38/416 1751/37/10
f 1751/37/10 1752/39/10 1756/40/416
f 1754/44/16 1753/42/16 1757/41/3
f 1757/41/3 1758/43/3 1754/44/16
f 1760/48/2 1759/46/2 1755/45/416
f 1755/45/416 1756/47/416 1760/48/2
f 1758/52/3 1757/50/3 1761/49/4
f 1761/49/4 1762/51/4 1758/52/3
f 1764/56/274 1763/54/274 1759/53/2
f 1759/53/2 1760/55/2 1764/56/274
f 1762/60/4 1761/58/4 1765/57/417
f 1765/57/417 1766/59/417 1762/60/4
f 1768/64/5 1767/3118/5 1763/61/274
f 1763/61/274 1764/3119/274 1768/64/5
f 1766/68/417 1765/66/417 1769/65/8
f 1769/65/8 1770/67/8 1766/68/417
f 1772/72/7 1771/70/7 1767/69/5
f 1767/69/5 1768/71/5 1772/72/7
f 1770/76/8 1769/74/8 1773/73/418
f 1773/73/418 1774/75/418 1770/76/8
f 1776/80/9 1775/78/9 1771/77/7
f 1771/77/7 1772/79/7 1776/80/9
f 1774/84/418 1773/3102/418 1777/81/12
f 1777/81/12 1778/3103/12 1774/84/418
f 1780/88/415 1779/86/415 1775/85/9
f 1775/85/9 1776/87/9 1780/88/415
f 1778/92/12 1777/90/12 1734/89/2
f 1734/89/2 1736/91/2 1778/92/12
f 1739/96/3 1737/94/3 1779/93/415
f 1779/93/415 1780/95/415 1739/96/3
f 1738/100/17 1733/98/17 1734/97/17
f 1734/97/17 1737/99/17 1738/100/17
f 1739/104/18 1736/102/18 1735/101/18
f 1735/101/18 1740/103/18 1739/104/18
f 1743/106/17 1741/105/17 1733/98/17
f 1733/98/17 1738/100/17 1743/106/17
f 1740/103/18 1735/101/18 1742/107/18
f 1742/107/18 1744/108/18 1740/103/18
f 1747/110/17 1745/109/17 1741/105/17
f 1741/105/17 1743/106/17 1747/110/17
f 1744/108/18 1742/107/18 1746/111/18
f 1746/111/18 1748/112/18 1744/108/18
f 1751/114/17 1749/113/17 1745/109/17
f 1745/109/17 1747/110/17 1751/114/17
f 1748/112/18 1746/111/18 1750/115/18
f 1750/115/18 1752/116/18 1748/112/18
f 1755/118/17 1753/117/17 1749/113/17
f 1749/113/17 1751/114/17 1755/118/17
f 1752/116/18 1750/115/18 1754/119/18
f 1754/119/18 1756/120/18 1752/116/18
f 1759/122/17 1757/121/17 1753/117/17
f 1753/117/17 1755/118/17 1759/122/17
f 1756/120/18 1754/119/18 1758/123/18
f 1758/123/18 1760/124/18 1756/120/18
f 1763/126/17 1761/125/17 1757/121/17
f 1757/121/17 1759/122/17 1763/126/17
f 1760/124/18 1758/123/18 1762/127/18
f 1762/127/18 1764/128/18 1760/124/18
f 1767/130/17 1765/129/17 1761/3110/17
f 1761/3110/17 1763/126/17 1767/130/17
f 1764/128/18 1762/3111/18 1766/131/18
f 1766/131/18 1768/132/18 1764/128/18
f 1771/134/17 1769/133/17 1765/129/17
f 1765/129/17 1767/130/17 1771/134/17
f 1768/132/18 1766/131/18 1770/135/18
f 1770/135/18 1772/136/18 1768/132/18
f 1775/138/17 1773/137/17 1769/133/17
f 1769/133/17 1771/134/17 1775/138/17
f 1772/136/18 1770/135/18 1774/139/18
f 1774/139/18 1776/140/18 1772/136/18
f 1779/142/17 1777/3112/17 1773/137/17
f 1773/137/17 1775/138/17 1779/142/17
f 1776/140/18 1774/139/18 1778/3113/18
f 1778/3113/18 1780/144/18 1776/140/18
f 1737/99/17 1734/97/17 1777/141/17
f 1777/141/17 1779/142/17 1737/99/17
f 1780/144/18 1778/143/18 1736/102/18
f 1736/102/18 1739/104/18 1780/144/18
f 1784/4/2 1782/2/2 1781/1/274
f 1781/1/274 1783/3/274 1784/4/2
f 1788/8/275 1786/6/275 1785/5/3
f 1785/5/3 1787/7/3 1788/8/275
f 1783/12/274 1781/10/274 1789/9/413
f 1789/9/413 1790/11/413 1783/12/274
f 1792/16/6 1791/14/6 1786/13/275
f 1786/13/275 1788/15/275 1792/16/6
f 1790/20/413 1789/18/413 1793/17/7
f 1793/17/7 1794/19/7 1790/20/413
f 1796/24/8 1795/22/8 1791/21/6
f 1791/21/6 1792/23/6 1796/24/8
f 1794/28/7 1793/3116/7 1797/25/414
f 1797/25/414 1798/3117/414 1794/28/7
f 1800/32/10 1799/30/10 1795/29/8
f 1795/29/8 1796/31/8 1800/32/10
f 1798/36/414 1797/34/414 1801/33/415
f 1801/33/415 1802/35/415 1798/36/414
f 1804/40/416 1803/38/416 1799/37/10
f 1799/37/10 1800/39/10 1804/40/416
f 1802/44/415 1801/42/415 1805/41/3
f 1805/41/3 1806/43/3 1802/44/415
f 1808/48/2 1807/46/2 1803/45/416
f 1803/45/416 1804/47/416 1808/48/2
f 1806/52/3 1805/50/3 1809/49/275
f 1809/49/275 1810/51/275 1806/52/3
f 1812/56/274 1811/54/274 1807/53/2
f 1807/53/2 1808/55/2 1812/56/274
f 1810/60/275 1809/58/275 1813/57/417
f 1813/57/417 1814/59/417 1810/60/275
f 1816/64/5 1815/3118/5 1811/61/274
f 1811/61/274 1812/3119/274 1816/64/5
f 1814/68/417 1813/66/417 1817/65/8
f 1817/65/8 1818/67/8 1814/68/417
f 1820/72/7 1819/70/7 1815/69/5
f 1815/69/5 1816/71/5 1820/72/7
f 1818/76/8 1817/74/8 1821/73/418
f 1821/73/418 1822/75/418 1818/76/8
f 1824/80/9 1823/78/9 1819/77/7
f 1819/77/7 1820/79/7 1824/80/9
f 1822/84/418 1821/3102/418 1825/81/416
f 1825/81/416 1826/3103/416 1822/84/418
f 1828/88/415 1827/86/415 1823/85/9
f 1823/85/9 1824/87/9 1828/88/415
f 1826/92/416 1825/90/416 1782/89/2
f 1782/89/2 1784/91/2 1826/92/416
f 1787/96/3 1785/94/3 1827/93/415
f 1827/93/415 1828/95/415 1787/96/3
f 1786/100/17 1781/98/17 1782/3104/17
f 1782/3104/17 1785/99/17 1786/100/17
f 1787/104/18 1784/3105/18 1783/101/18
f 1783/101/18 1788/103/18 1787/104/18
f 1791/106/17 1789/105/17 1781/98/17
f 1781/98/17 1786/100/17 1791/106/17
f 1788/103/18 1783/101/18 1790/107/18
f 1790/107/18 1792/108/18 1788/103/18
f 1795/110/17 1793/109/17 1789/105/17
f 1789/105/17 1791/106/17 1795/110/17
f 1792/108/18 1790/107/18 1794/111/18
f 1794/111/18 1796/112/18 1792/108/18
f 1799/114/17 1797/113/17 1793/109/17
f 1793/109/17 1795/110/17 1799/114/17
f 1796/112/18 1794/111/18 1798/115/18
f 1798/115/18 1800/116/18 1796/112/18
f 1803/118/17 1801/117/17 1797/113/17
f 1797/113/17 1799/114/17 1803/118/17
f 1800/116/18 1798/115/18 1802/119/18
f 1802/119/18 1804/120/18 1800/116/18
f 1807/122/17 1805/3106/17 1801/117/17
f 1801/117/17 1803/118/17 1807/122/17
f 1804/120/18 1802/119/18 1806/3107/18
f 1806/3107/18 1808/124/18 1804/120/18
f 1811/3108/17 1809/125/17 1805/121/17
f 1805/121/17 1807/122/17 1811/3108/17
f 1808/124/18 1806/123/18 1810/127/18
f 1810/127/18 1812/3109/18 1808/124/18
f 1815/130/17 1813/129/17 1809/3110/17
f 1809/3110/17 1811/126/17 1815/130/17
f 1812/128/18 1810/3111/18 1814/131/18
f 1814/131/18 1816/132/18 1812/128/18
f 1819/134/17 1817/133/17 1813/129/17
f 1813/129/17 1815/130/17 1819/134/17
f 1816/132/18 1814/131/18 1818/135/18
f 1818/135/18 1820/136/18 1816/132/18
f 1823/138/17 1821/137/17 1817/133/17
f 1817/133/17 1819/134/17 1823/138/17
f 1820/136/18 1818/135/18 1822/139/18
f 1822/139/18 1824/140/18 1820/136/18
f 1827/142/17 1825/3112/17 1821/137/17
f 1821/137/17 1823/138/17 1827/142/17
f 1824/140/18 1822/139/18 1826/3113/18
f 1826/3113/18 1828/144/18 1824/140/18
f 1785/99/17 1782/97/17 1825/141/17
f 1825/141/17 1827/3114/17 1785/99/17
f 1828/3115/18 1826/143/18 1784/102/18
f 1784/102/18 1787/104/18 1828/3115/18

usemtl Verde_JD
f 450/885/2 449/884/2 448/883/2
f 448/883/2 453/888/2 452/887/2
f 452/887/2 454/889/2 451/886/2
f 454/889/2 455/890/2 456/891/2
f 467/906/93 465/905/93 466/904/92
f 466/912/97 465/909/95 469/910/96
f 465/915/100 464/914/99 462/913/98
f 462/913/98 470/916/46 465/915/100
f 449/919/101 461/918/101 464/917/101
f 450/925/102 451/926/102 473/924/102
f 475/929/102 460/928/102 474/927/103
f 476/930/102 460/928/102 475/929/102
f 475/929/102 474/927/103 472/923/102
f 467/906/93 466/904/92 477/932/104
f 478/933/94 453/934/94 468/908/94
f 481/937/94 480/936/94 479/935/94
f 479/942/109 480/940/107 483/941/108
f 456/944/110 483/941/108 482/938/105
f 484/948/113 480/947/112 481/946/96
f 457/951/114 460/950/114 476/949/114
f 482/953/114 457/951/115 485/952/114
f 487/957/113 486/956/113 469/910/96
f 486/956/113 488/959/113 477/958/96
f 486/956/113 489/960/113 488/959/113
f 490/961/113 480/947/112 484/948/113
f 490/961/113 484/948/113 488/959/113
f 494/965/2 493/964/2 492/963/2
f 505/976/2 503/974/2 504/975/2
f 497/981/8 492/980/8 506/977/8
f 489/983/8 486/979/8 507/982/8
f 492/980/8 493/985/8 508/984/8
f 508/984/8 510/988/8 507/982/8
f 457/993/116 480/992/117 490/991/116
f 512/994/44 457/993/116 490/991/116
f 513/995/118 514/997/118 459/996/118
f 513/995/118 512/994/44 510/1002/119
f 513/995/118 518/1003/120 514/997/118
f 519/1005/119 517/1000/44 515/998/44
f 462/913/98 487/1006/46 470/916/46
f 521/1009/46 520/1008/122 506/1007/122
f 520/1008/122 522/1010/122 506/1007/122
f 526/1014/17 527/1015/17 523/1011/17
f 529/1017/17 528/1016/17 527/1015/17
f 528/1016/17 535/1023/17 534/1022/17
f 536/1026/17 459/1025/17 516/1024/17
f 536/1026/17 537/1027/17 459/1025/17
f 541/1021/17 542/1015/17 459/1025/17
f 542/1015/17 543/1014/17 459/1025/17
f 543/1014/17 544/1012/17 459/1025/17
f 459/1025/17 544/1012/17 458/1029/17
f 547/1030/17 538/1017/17 539/1028/17
f 554/1034/17 555/1035/17 553/1016/17
f 557/1036/17 558/1037/17 556/1023/17
f 561/1039/17 559/1022/17 560/1038/17
f 524/1042/123 563/1041/123 562/1040/123
f 567/1049/123 545/1047/123 566/1048/123
f 525/1052/124 568/1051/124 564/1050/124
f 571/1059/125 546/1057/125 570/1058/125
f 571/1062/7 546/1061/7 572/1060/7
f 526/1065/126 574/1064/126 573/1063/126
f 565/1072/126 544/1070/126 576/1071/126
f 527/1075/127 578/1074/127 577/1073/127
f 575/1082/127 543/1080/127 580/1081/127
f 528/1085/128 582/1084/128 581/1083/128
f 586/1092/128 551/1090/128 585/1091/128
f 530/1095/129 587/1094/129 583/1093/129
f 590/1102/129 548/1100/129 589/1101/129
f 531/1105/130 591/1104/130 588/1103/130
f 594/929/130 538/1110/130 593/1111/130
f 529/1114/131 595/1113/131 592/1112/131
f 598/1121/131 540/1119/131 597/1120/131
f 532/1124/132 599/1123/132 596/1122/132
f 602/1131/132 541/1129/132 601/1130/132
f 533/1134/134 603/1133/134 600/1132/133
f 579/1141/133 542/1139/134 604/1140/133
f 534/1144/135 606/1143/135 605/1142/135
f 610/1151/135 556/1149/135 609/1150/135
f 613/1154/7 612/1153/7 611/1152/7
f 534/1155/7 613/1154/7 611/1152/7
f 535/1158/136 614/1157/137 607/1156/136
f 584/1165/137 553/1163/137 615/1164/137
f 618/1168/138 616/1166/7 617/1167/7
f 619/1169/7 616/1166/7 618/1168/138
f 623/1175/7 622/1174/7 612/1153/7
f 624/1176/7 623/1175/7 612/1153/7
f 611/1152/7 612/1153/7 622/1174/7
f 633/1187/7 635/1190/7 627/1180/7
f 523/1171/7 637/1192/7 620/1170/7
f 636/1191/7 638/1193/7 569/1173/7
f 639/1194/7 641/1196/7 546/1061/7
f 472/1198/7 642/1197/7 636/1191/7
f 636/1191/7 642/1197/7 638/1193/7
f 474/1202/7 460/1201/7 644/1200/7
f 647/1206/18 646/1205/18 645/1204/18
f 650/1209/18 649/1208/18 648/1207/18
f 653/1212/18 652/1211/18 651/1210/18
f 651/1210/18 649/1208/18 653/1212/18
f 648/1207/18 649/1208/18 651/1210/18
f 646/1267/7 672/1266/7 671/1265/7
f 646/1267/7 671/1265/7 674/1269/7
f 675/1270/7 646/1267/7 674/1269/7
f 678/1273/7 670/1274/7 673/1275/7
f 680/1277/18 679/1276/18 673/1268/18
f 680/1277/18 463/1282/18 679/1276/18
f 689/1288/7 687/1286/7 688/1287/7
f 690/1289/7 686/1285/7 681/1278/7
f 683/1280/7 690/1289/7 681/1278/7
f 679/1281/7 463/1291/7 691/1290/7
f 692/1292/18 665/1212/18 666/1213/18
f 695/1295/18 667/1214/18 694/1294/18
f 696/1296/18 667/1214/18 695/1295/18
f 698/1298/18 692/1292/18 666/1213/18
f 700/1300/18 664/1211/18 665/1212/18
f 685/1284/18 684/1283/18 703/1303/18
f 702/1302/18 708/1308/18 701/1301/18
f 710/1311/18 662/1209/18 660/1207/18
f 710/1311/18 711/1312/18 662/1209/18
f 712/1313/18 713/1314/18 661/1208/18
f 705/1305/18 462/1319/18 703/1303/18
f 707/1307/18 462/1319/18 706/1306/18
f 708/1308/18 462/1319/18 707/1307/18
f 720/1322/18 660/1207/18 658/1206/18
f 721/1323/18 660/1207/18 720/1322/18
f 732/1334/18 659/1204/18 731/1333/18
f 734/1336/18 658/1206/18 733/1335/18
f 721/1323/18 720/1322/18 735/1337/18
f 724/1326/18 739/1341/18 725/1327/18
f 741/1343/18 726/1328/18 740/1342/18
f 727/1329/18 726/1328/18 741/1343/18
f 743/1345/18 728/1330/18 742/1344/18
f 731/1355/7 659/1353/7 749/1354/7
f 750/1356/7 747/1351/7 751/1357/7
f 611/1152/7 622/1174/7 751/1357/7
f 619/1169/7 618/1168/138 675/1270/7
f 709/1310/7 643/1199/7 687/1286/7
f 764/1369/3 763/1368/3 762/1358/3
f 768/1373/3 765/1370/3 762/1358/3
f 763/1368/3 770/1375/3 769/1374/3
f 772/1381/8 752/1384/8 753/1380/8
f 776/1404/165 769/1405/166 777/1406/167
f 781/1415/17 780/1414/17 779/1413/17
f 786/1420/17 785/1419/17 784/1418/17
f 792/1427/44 775/1426/44 791/1425/44
f 774/1430/44 775/1426/44 780/1429/44
f 793/1431/44 792/1427/44 517/1000/44
f 792/1427/44 793/1431/44 794/1432/44
f 511/1004/121 789/1433/120 518/1003/120
f 791/1438/17 775/1407/17 796/1437/17
f 775/1407/17 798/1440/17 797/1439/17
f 775/1407/17 799/1441/17 798/1440/17
f 761/1443/17 801/1444/17 800/1442/17
f 761/1443/17 802/1445/17 801/1444/17
f 758/1365/17 806/1449/17 805/1448/17
f 808/1453/174 810/1455/174 807/1452/175
f 811/1458/176 809/1460/176 804/1457/176
f 813/1463/177 812/1465/177 805/1462/177
f 816/1467/7 815/1466/7 758/1364/7
f 815/1466/7 817/1468/7 758/1364/7
f 547/1030/17 821/1473/17 549/1031/17
f 554/1034/17 552/1033/17 822/1474/17
f 555/1035/17 823/1475/17 557/1036/17
f 558/1037/17 824/1476/17 560/1038/17
f 826/1478/17 819/1471/17 796/1437/17
f 827/1479/17 826/1478/17 797/1439/17
f 799/1441/17 828/1480/17 798/1440/17
f 801/1444/17 829/1481/17 800/1442/17
f 803/1446/17 830/1482/17 802/1445/17
f 833/1487/178 823/1485/178 832/1486/178
f 835/1492/180 824/1490/179 834/1491/179
f 837/1497/181 825/1495/181 836/1496/182
f 840/1502/184 828/1500/184 839/1501/184
f 842/1507/185 827/1505/185 841/1506/185
f 845/1512/186 819/1510/186 844/1511/186
f 843/1517/187 826/1515/187 846/1516/187
f 831/1522/189 822/1520/188 848/1521/188
f 850/1527/190 820/1525/190 849/1526/190
f 847/1532/191 821/1530/191 851/1531/191
f 838/1537/193 829/1535/193 854/1536/193
f 319/1582/18 885/1583/18 884/1581/18
f 885/1583/18 887/1585/18 884/1581/18
f 889/1588/46 778/1587/46 888/1586/46
f 888/1586/46 778/1587/46 890/1589/46
f 778/1587/46 771/1592/46 882/1591/46
f 890/1589/46 886/1593/46 522/1010/122
f 883/1590/46 886/1593/46 890/1589/46
f 893/1598/18 892/1597/18 759/1365/18
f 894/1599/18 760/1366/18 895/1600/18
f 896/1601/18 894/1599/18 895/1600/18
f 895/1600/18 760/1366/18 897/1602/18
f 897/1602/18 760/1366/18 898/1603/18
f 899/1604/18 778/1407/18 900/1605/18
f 900/1605/18 778/1407/18 901/1606/18
f 902/1607/18 778/1407/18 889/1608/18
f 903/1609/18 896/1601/18 895/1600/18
f 899/1604/18 905/1611/18 898/1603/18
f 905/1611/18 899/1604/18 900/1605/18
f 907/1613/18 906/1612/18 901/1606/18
f 908/1614/18 907/1613/18 902/1607/18
f 733/1335/18 732/1334/18 910/1616/18
f 735/1337/18 734/1336/18 911/1617/18
f 737/1339/18 912/1618/18 738/1340/18
f 739/1341/18 913/1619/18 740/1342/18
f 741/1343/18 740/1342/18 913/1619/18
f 743/1347/18 908/1614/18 744/1346/18
f 744/1346/18 908/1614/18 521/1348/18
f 918/1623/195 917/1625/195 908/1622/195
f 919/1628/196 920/1630/196 907/1627/196
f 924/1633/197 923/1635/197 906/1632/197
f 925/1638/198 926/1640/198 905/1637/198
f 927/1643/199 929/1645/199 913/1642/199
f 930/1648/200 931/1650/200 914/1647/200
f 932/1653/201 928/1655/201 912/1652/201
f 938/1665/205 939/1667/205 893/1664/205
f 940/1670/206 941/1672/206 892/1669/206
f 942/1675/208 937/1677/209 903/1674/208
f 946/1680/210 943/1682/210 904/1679/210
f 947/1685/211 933/1687/211 911/1684/211
f 949/1690/213 948/1692/213 910/1689/213
f 961/1706/7 759/1365/7 960/1705/7
f 966/1716/7 964/1709/7 965/1715/7
f 500/1719/29 501/1718/29 967/1717/29
f 788/1726/29 789/1722/29 968/1723/29
f 974/1738/7 817/1468/7 973/1737/7
f 975/1744/7 960/1705/7 977/1746/7
f 496/1768/215 495/1767/214 997/1766/214
f 990/1771/216 996/1769/214 997/1766/214
f 495/1775/218 498/1774/217 989/1773/217
f 498/1774/217 993/1776/219 989/1773/217
f 978/1786/226 979/1781/223 998/1782/223
f 995/1787/227 978/1786/226 998/1782/223
f 757/1793/230 983/1795/232 982/1792/229
f 755/1809/241 754/1808/231 987/1807/240
f 1002/1449/17 1001/1815/17 1000/1814/17
f 1002/1449/17 1005/1447/246 1007/1448/17
f 1013/1471/17 1014/1480/17 1012/1481/17
f 1019/1482/245 1004/1817/245 1003/1816/17
f 1012/1481/17 1019/1482/245 1003/1816/17
f 1022/1820/7 1021/1819/7 1020/1818/7
f 1011/1825/7 1025/1824/7 1024/1823/7
f 858/1544/178 1008/1826/178 857/1543/178
f 859/1547/179 1009/1828/179 860/1546/179
f 861/1550/181 1010/1830/182 862/1549/182
f 865/1553/183 1012/1832/184 864/1552/184
f 866/1556/185 1014/1834/185 867/1555/185
f 870/1559/186 1016/1836/186 869/1558/186
f 868/1562/187 1015/1838/187 872/1561/187
f 874/1565/188 1017/1840/188 873/1564/188
f 871/1568/190 1013/1842/190 875/1567/190
f 876/1571/191 1018/1844/191 877/1570/191
f 879/1574/192 1019/1846/192 878/1573/192
f 809/1454/174 1005/1848/174 808/1453/174
f 812/1459/176 1007/1851/176 811/1458/176
f 814/1464/177 1002/1853/177 813/1463/177
f 1029/1860/7 1027/1858/7 1024/1823/7
f 1039/1871/7 1036/1868/7 973/1737/7
f 1047/1881/7 1046/1880/7 1045/1879/7
f 1046/1880/7 1049/1881/7 1048/1884/7
f 1052/1887/8 1051/1886/8 1050/1885/8
f 1051/1886/8 1052/1887/8 1053/1888/8
f 1055/1892/7 1054/1891/7 1025/1824/7
f 635/1190/7 970/1729/7 1059/1897/7
f 1057/1895/7 635/1190/7 1059/1897/7
f 500/1900/7 784/1899/7 1045/1879/7
f 1050/1885/8 788/1904/8 505/1903/8
f 1074/1912/248 1069/1597/18 1073/1911/248
f 1078/1612/18 1075/1620/18 1079/1611/18
f 1066/1601/18 1083/1609/18 1065/1907/18
f 1065/1907/18 1083/1609/18 1070/1908/18
f 1083/1609/18 1084/1610/18 1070/1908/18
f 1084/1610/18 1079/1611/18 1072/1910/18
f 1085/1615/18 1082/1617/18 1086/1616/18
f 916/1624/195 1075/1913/195 915/1623/195
f 917/1629/196 1076/1915/196 919/1628/196
f 922/1634/197 1077/1917/197 921/1633/197
f 923/1639/198 1078/1919/198 925/1638/198
f 928/1644/199 1080/1921/199 927/1643/199
f 929/1649/200 1081/1923/200 930/1648/200
f 933/1654/201 1082/1925/201 932/1653/201
f 1087/1927/175 934/1658/175 935/1659/175
f 1083/1930/175 1087/1927/175 935/1659/175
f 937/1662/175 1083/1930/175 935/1659/175
f 939/1671/206 1068/1933/206 940/1670/206
f 943/1676/207 1084/1935/208 942/1675/208
f 945/1681/210 1079/1937/210 944/1680/210
f 948/1686/211 1086/1939/211 947/1685/211
f 950/1691/212 1085/1941/212 949/1690/213
f 1094/1949/7 1093/1948/7 950/1694/7
f 1097/1952/7 1096/1951/7 1095/1950/7
f 1095/1950/7 1096/1951/7 1094/1949/7
f 1100/1956/7 1101/1957/7 1100/1956/7
f 976/1745/7 975/1744/7 1104/1960/7
f 1109/1965/7 1107/1963/7 1098/1954/7
f 966/1716/7 1109/1965/7 1098/1954/7
f 953/1697/7 966/1716/7 1098/1954/7
f 1040/1872/7 1106/1962/7 1037/1869/7
f 1100/1956/7 1100/1956/7 1020/1818/7
f 1022/1820/7 1111/1967/7 1001/1822/7
f 631/1185/7 1115/1972/7 750/1356/7
f 1115/1972/7 631/1185/7 632/1186/7
f 750/1356/7 1112/1968/7 746/1350/7
f 1096/1951/7 1112/1968/7 1093/1948/7
f 1043/1875/2 1116/1973/2 1042/1874/2
f 499/1979/17 1117/1975/17 1118/1976/17
f 1044/1882/7 1117/1980/7 1047/1881/7
f 1290/2624/18 1264/2625/18 1266/2650/18
f 1281/2648/18 1290/2624/18 1266/2650/18
f 1287/2649/18 1281/2648/18 1266/2650/18
f 1265/2651/17 1282/2653/17 1288/2652/17
f 1265/2651/17 1289/2621/17 1282/2653/17
f 1265/2651/17 1263/2620/17 1289/2621/17
f 1275/2658/367 1302/2660/369 1301/2659/368
f 1275/2658/367 1280/2661/370 1302/2660/369
f 1280/2661/370 1275/2658/367 1277/2662/371
f 1302/2663/362 1289/2634/362 1295/2635/362
f 1302/2663/362 1282/2664/362 1289/2634/362
f 1282/2664/362 1302/2663/362 1280/2665/362
f 1291/2668/372 1303/2667/372 1295/2666/372
f 1301/2671/373 1303/2670/373 1291/2669/373
f 1302/2674/374 1303/2673/374 1301/2672/374
f 1295/2677/375 1303/2676/375 1302/2675/375
f 1276/2686/383 1305/2685/382 1304/2684/381
f 1304/2684/381 1279/2683/380 1276/2686/383
f 1279/2683/380 1278/2682/379 1276/2686/383
f 1304/2689/363 1298/2638/363 1290/2639/363
f 1281/2688/363 1304/2689/363 1290/2639/363
f 1279/2687/363 1304/2689/363 1281/2688/363
f 1301/2690/384 1291/2695/384 1275/2691/384
f 1291/2695/384 1276/2692/384 1275/2691/384
f 1292/2694/384 1276/2692/384 1291/2695/384
f 1276/2692/384 1292/2694/384 1305/2693/384
f 1293/2697/385 1297/2696/385 1296/2701/385
f 1294/2698/385 1293/2697/385 1296/2701/385
f 1294/2698/385 1296/2701/385 1300/2700/385
f 1299/2699/385 1294/2698/385 1300/2700/385
f 1298/2704/386 1306/2703/386 1292/2702/386
f 1304/2707/387 1306/2706/387 1298/2705/387
f 1305/2710/388 1306/2709/388 1304/2708/388
f 1292/2713/389 1306/2712/389 1305/2711/389
f 1309/2738/17 1314/2739/17 1315/2740/17
f 1316/2745/18 1318/2746/18 1317/2747/18
f 1319/2738/17 1320/2739/17 1321/2740/17
f 1312/2745/18 1310/2746/18 1322/2747/18
f 52/148/2 50/146/2 49/145/19
f 49/145/19 51/147/19 52/148/2
f 56/152/20 54/150/20 53/149/2
f 53/149/2 55/151/2 56/152/20
f 51/156/19 49/154/19 57/153/21
f 57/153/21 58/155/21 51/156/19
f 60/160/22 59/158/22 54/157/20
f 54/157/20 56/159/20 60/160/22
f 58/164/21 57/162/21 61/161/3
f 61/161/3 62/163/3 58/164/21
f 64/168/3 63/166/3 59/165/22
f 59/165/22 60/167/22 64/168/3
f 62/172/3 61/170/3 65/169/23
f 65/169/23 66/171/23 62/172/3
f 68/176/24 67/174/24 63/173/3
f 63/173/3 64/175/3 68/176/24
f 66/180/23 65/178/23 69/177/25
f 69/177/25 70/179/25 66/180/23
f 72/184/26 71/182/26 67/181/24
f 67/181/24 68/183/24 72/184/26
f 70/188/25 69/186/25 50/185/2
f 50/185/2 52/187/2 70/188/25
f 55/192/2 53/190/2 71/189/26
f 71/189/26 72/191/26 55/192/2
f 54/196/18 49/194/27 50/193/17
f 50/193/17 53/195/27 54/196/18
f 55/200/17 52/198/27 51/197/18
f 51/197/18 56/199/27 55/200/17
f 59/202/17 57/201/17 49/194/17
f 49/194/17 54/196/17 59/202/17
f 56/199/18 51/197/18 58/203/18
f 58/203/18 60/204/18 56/199/18
f 63/206/18 61/205/27 57/201/17
f 57/201/17 59/202/27 63/206/18
f 60/204/17 58/203/27 62/207/18
f 62/207/18 64/208/27 60/204/17
f 67/210/18 65/209/27 61/205/17
f 61/205/17 63/206/27 67/210/18
f 64/208/17 62/207/27 66/211/18
f 66/211/18 68/212/27 64/208/17
f 71/214/17 69/213/17 65/209/17
f 65/209/17 67/210/17 71/214/17
f 68/212/18 66/211/18 70/215/18
f 70/215/18 72/216/18 68/212/18
f 53/195/18 50/193/27 69/213/17
f 69/213/17 71/214/27 53/195/18
f 72/216/17 70/215/27 52/198/18
f 52/198/18 55/200/27 72/216/17
f 128/380/3 126/378/3 125/377/3
f 125/377/3 127/379/3 128/380/3
f 130/384/18 129/382/18 126/381/18
f 126/381/18 128/383/18 130/384/18
f 132/388/2 131/386/2 129/385/2
f 129/385/2 130/387/2 132/388/2
f 127/392/17 125/390/17 131/389/17
f 131/389/17 132/391/17 127/392/17
f 130/396/8 128/394/8 127/393/8
f 127/393/8 132/395/8 130/396/8
f 126/400/7 129/398/7 131/397/7
f 131/397/7 125/399/7 126/400/7
f 136/404/3 134/402/3 133/401/3
f 133/401/3 135/403/3 136/404/3
f 138/408/18 137/406/18 134/405/18
f 134/405/18 136/407/18 138/408/18
f 140/412/2 139/410/2 137/409/2
f 137/409/2 138/411/2 140/412/2
f 135/416/17 133/414/17 139/413/17
f 139/413/17 140/415/17 135/416/17
f 138/420/8 136/418/8 135/417/8
f 135/417/8 140/419/8 138/420/8
f 134/424/7 137/422/7 139/421/7
f 139/421/7 133/423/7 134/424/7
f 144/404/3 142/402/3 141/401/3
f 141/401/3 143/403/3 144/404/3
f 146/428/18 145/426/18 142/425/18
f 142/425/18 144/427/18 146/428/18
f 148/412/2 147/410/2 145/409/2
f 145/409/2 146/411/2 148/412/2
f 143/432/17 141/430/17 147/429/17
f 147/429/17 148/431/17 143/432/17
f 146/436/8 144/434/8 143/433/8
f 143/433/8 148/435/8 146/436/8
f 142/440/7 145/438/7 147/437/7
f 147/437/7 141/439/7 142/440/7
f 180/468/7 178/466/7 177/465/7
f 177/465/7 179/467/7 180/468/7
f 182/384/18 181/382/18 178/381/18
f 178/381/18 180/383/18 182/384/18
f 141/472/8 183/470/8 181/469/8
f 181/469/8 182/471/8 141/472/8
f 179/392/17 177/390/17 183/389/17
f 183/389/17 141/391/17 179/392/17
f 182/476/3 180/474/3 179/473/3
f 179/473/3 141/475/3 182/476/3
f 178/480/2 181/478/2 183/477/2
f 183/477/2 177/479/2 178/480/2
f 187/484/7 185/482/7 184/481/7
f 184/481/7 186/483/7 187/484/7
f 189/488/18 188/486/18 185/485/18
f 185/485/18 187/487/18 189/488/18
f 191/492/8 190/490/8 188/489/8
f 188/489/8 189/491/8 191/492/8
f 186/496/17 184/494/17 190/493/17
f 190/493/17 191/495/17 186/496/17
f 189/500/3 187/498/3 186/497/3
f 186/497/3 191/499/3 189/500/3
f 185/504/2 188/502/2 190/501/2
f 190/501/2 184/503/2 185/504/2
f 195/484/7 193/482/7 192/481/7
f 192/481/7 194/483/7 195/484/7
f 197/488/18 196/486/18 193/485/18
f 193/485/18 195/487/18 197/488/18
f 199/492/8 198/490/8 196/489/8
f 196/489/8 197/491/8 199/492/8
f 194/496/17 192/494/17 198/493/17
f 198/493/17 199/495/17 194/496/17
f 197/500/3 195/498/3 194/497/3
f 194/497/3 199/499/3 197/500/3
f 193/504/2 196/502/2 198/501/2
f 198/501/2 192/503/2 193/504/2
f 203/484/48 201/482/48 200/481/48
f 200/481/48 202/483/48 203/484/48
f 188/508/18 204/506/18 201/505/18
f 201/505/18 203/507/18 188/508/18
f 190/492/49 205/490/49 204/489/49
f 204/489/49 188/491/49 190/492/49
f 202/512/17 200/510/17 205/509/17
f 205/509/17 190/511/17 202/512/17
f 188/500/50 203/498/50 202/497/50
f 202/497/50 190/499/50 188/500/50
f 201/504/51 204/502/51 205/501/51
f 205/501/51 200/503/51 201/504/51
f 209/484/48 207/482/48 206/481/48
f 206/481/48 208/483/48 209/484/48
f 196/508/18 210/506/18 207/505/18
f 207/505/18 209/507/18 196/508/18
f 198/492/49 211/490/49 210/489/49
f 210/489/49 196/491/49 198/492/49
f 208/512/17 206/510/17 211/509/17
f 211/509/17 198/511/17 208/512/17
f 196/500/50 209/498/50 208/497/50
f 208/497/50 198/499/50 196/500/50
f 207/504/51 210/502/51 211/501/51
f 211/501/51 206/503/51 207/504/51
f 215/468/7 213/466/7 212/465/7
f 212/465/7 214/467/7 215/468/7
f 217/384/18 216/382/18 213/381/18
f 213/381/18 215/383/18 217/384/18
f 218/472/8 147/470/8 216/469/8
f 216/469/8 217/471/8 218/472/8
f 214/392/17 212/390/17 147/389/17
f 147/389/17 218/391/17 214/392/17
f 217/476/3 215/474/3 214/473/3
f 214/473/3 218/475/3 217/476/3
f 213/480/2 216/478/2 147/477/2
f 147/477/2 212/479/2 213/480/2
f 254/468/3 252/466/3 251/465/3
f 251/465/3 253/467/3 254/468/3
f 256/556/18 255/554/18 252/553/18
f 252/553/18 254/555/18 256/556/18
f 258/472/2 257/470/2 255/469/2
f 255/469/2 256/471/2 258/472/2
f 253/560/17 251/558/17 257/557/17
f 257/557/17 258/559/17 253/560/17
f 256/564/8 254/562/8 253/561/8
f 253/561/8 258/563/8 256/564/8
f 252/568/7 255/566/7 257/565/7
f 257/565/7 251/567/7 252/568/7
f 262/468/3 260/466/3 259/465/3
f 259/465/3 261/467/3 262/468/3
f 264/556/18 263/554/18 260/553/18
f 260/553/18 262/555/18 264/556/18
f 266/472/2 265/470/2 263/469/2
f 263/469/2 264/471/2 266/472/2
f 261/560/17 259/558/17 265/557/17
f 265/557/17 266/559/17 261/560/17
f 264/564/8 262/562/8 261/561/8
f 261/561/8 266/563/8 264/564/8
f 260/568/7 263/566/7 265/565/7
f 265/565/7 259/567/7 260/568/7
f 270/468/3 268/466/3 267/465/3
f 267/465/3 269/467/3 270/468/3
f 272/556/18 271/554/18 268/553/18
f 268/553/18 270/555/18 272/556/18
f 274/472/2 273/470/2 271/469/2
f 271/469/2 272/471/2 274/472/2
f 269/560/17 267/558/17 273/557/17
f 273/557/17 274/559/17 269/560/17
f 272/564/8 270/562/8 269/561/8
f 269/561/8 274/563/8 272/564/8
f 268/568/7 271/566/7 273/565/7
f 273/565/7 267/567/7 268/568/7
f 278/468/3 276/466/3 275/465/3
f 275/465/3 277/467/3 278/468/3
f 280/556/18 279/554/18 276/553/18
f 276/553/18 278/555/18 280/556/18
f 282/472/2 281/470/2 279/469/2
f 279/469/2 280/471/2 282/472/2
f 277/560/17 275/558/17 281/557/17
f 281/557/17 282/559/17 277/560/17
f 280/564/8 278/562/8 277/561/8
f 277/561/8 282/563/8 280/564/8
f 276/568/7 279/566/7 281/565/7
f 281/565/7 275/567/7 276/568/7
f 286/572/3 284/570/3 283/569/3
f 283/569/3 285/571/3 286/572/3
f 290/576/18 288/574/18 287/573/18
f 287/573/18 289/575/18 290/576/18
f 292/580/2 291/578/2 288/577/2
f 288/577/2 290/579/2 292/580/2
f 294/584/17 293/582/17 291/581/17
f 291/581/17 292/583/17 294/584/17
f 290/588/8 289/586/8 294/585/8
f 294/585/8 292/587/8 290/588/8
f 287/592/56 288/590/56 291/589/56
f 291/589/56 293/591/56 287/592/56
f 296/594/7 287/592/7 293/591/7
f 293/591/7 295/593/7 296/594/7
f 295/598/17 293/596/17 294/595/17
f 294/595/17 297/597/17 295/598/17
f 298/602/18 289/600/18 287/599/18
f 287/599/18 296/601/18 298/602/18
f 297/604/8 294/585/8 289/586/8
f 289/586/8 298/603/8 297/604/8
f 284/608/57 296/606/57 295/605/57
f 295/605/57 283/607/57 284/608/57
f 283/612/58 295/610/58 297/609/58
f 297/609/58 285/611/58 283/612/58
f 286/616/59 298/614/59 296/613/59
f 296/613/59 284/615/59 286/616/59
f 285/620/60 297/618/60 298/617/60
f 298/617/60 286/619/60 285/620/60
f 302/624/3 300/622/3 299/621/3
f 299/621/3 301/623/3 302/624/3
f 306/628/18 304/626/18 303/625/18
f 303/625/18 305/627/18 306/628/18
f 308/632/2 307/630/2 304/629/2
f 304/629/2 306/631/2 308/632/2
f 310/636/17 309/634/17 307/633/17
f 307/633/17 308/635/17 310/636/17
f 306/640/8 305/638/8 310/637/8
f 310/637/8 308/639/8 306/640/8
f 303/644/7 304/642/7 307/641/7
f 307/641/7 309/643/7 303/644/7
f 300/648/61 303/646/61 309/645/61
f 309/645/61 299/647/61 300/648/61
f 299/652/62 309/650/62 310/649/62
f 310/649/62 301/651/62 299/652/62
f 302/656/63 305/654/63 303/653/63
f 303/653/63 300/655/63 302/656/63
f 301/660/64 310/658/64 305/657/64
f 305/657/64 302/659/64 301/660/64
f 314/664/3 312/662/3 311/661/3
f 311/661/3 313/663/3 314/664/3
f 316/668/65 315/666/65 312/665/65
f 312/665/65 314/667/65 316/668/65
f 318/672/2 317/670/2 315/669/2
f 315/669/2 316/671/2 318/672/2
f 313/676/66 311/674/66 317/673/66
f 317/673/66 318/675/66 313/676/66
f 316/680/67 314/678/67 313/677/67
f 313/677/67 318/679/67 316/680/67
f 312/684/68 315/682/68 317/681/68
f 317/681/68 311/683/68 312/684/68
f 322/688/3 320/686/3 319/685/3
f 319/685/3 321/687/3 322/688/3
f 324/668/69 323/666/69 320/665/69
f 320/665/69 322/667/69 324/668/69
f 326/692/2 325/690/2 323/689/2
f 323/689/2 324/691/2 326/692/2
f 321/676/70 319/674/70 325/673/70
f 325/673/70 326/675/70 321/676/70
f 324/680/71 322/678/71 321/677/71
f 321/677/71 326/679/71 324/680/71
f 320/684/72 323/682/72 325/681/72
f 325/681/72 319/683/72 320/684/72
f 330/696/17 328/694/17 327/693/17
f 327/693/17 329/695/17 330/696/17
f 332/628/50 331/698/50 328/697/50
f 328/697/50 330/627/50 332/628/50
f 334/702/18 333/700/18 331/699/18
f 331/699/18 332/701/18 334/702/18
f 329/636/73 327/704/73 333/703/73
f 333/703/73 334/635/73 329/636/73
f 332/708/49 330/706/49 329/705/49
f 329/705/49 334/707/49 332/708/49
f 328/712/48 331/710/48 333/709/48
f 333/709/48 327/711/48 328/712/48
f 338/716/17 336/714/17 335/713/17
f 335/713/17 337/715/17 338/716/17
f 340/628/74 339/698/74 336/697/74
f 336/697/74 338/627/74 340/628/74
f 342/720/18 341/718/18 339/717/18
f 339/717/18 340/719/18 342/720/18
f 337/636/75 335/704/75 341/703/75
f 341/703/75 342/635/75 337/636/75
f 340/708/76 338/706/76 337/705/76
f 337/705/76 342/707/76 340/708/76
f 336/712/77 339/710/77 341/709/77
f 341/709/77 335/711/77 336/712/77
f 361/754/3 309/752/3 359/751/3
f 359/751/3 360/753/3 361/754/3
f 363/758/18 362/756/18 309/755/18
f 309/755/18 361/757/18 363/758/18
f 365/762/2 364/760/2 362/759/2
f 362/759/2 363/761/2 365/762/2
f 360/766/17 359/764/17 364/763/17
f 364/763/17 365/765/17 360/766/17
f 363/770/8 361/768/8 360/767/8
f 360/767/8 365/769/8 363/770/8
f 309/774/7 362/772/7 364/771/7
f 364/771/7 359/773/7 309/774/7
f 368/754/3 366/752/3 303/751/3
f 303/751/3 367/753/3 368/754/3
f 370/758/18 369/756/18 366/755/18
f 366/755/18 368/757/18 370/758/18
f 372/762/2 371/760/2 369/759/2
f 369/759/2 370/761/2 372/762/2
f 367/766/17 303/764/17 371/763/17
f 371/763/17 372/765/17 367/766/17
f 370/770/8 368/768/8 367/767/8
f 367/767/8 372/769/8 370/770/8
f 366/774/7 369/772/7 371/771/7
f 371/771/7 303/773/7 366/774/7
f 376/778/3 374/776/3 373/775/3
f 373/775/3 375/777/3 376/778/3
f 378/758/8 377/756/8 374/755/8
f 374/755/8 376/757/8 378/758/8
f 380/782/2 379/780/2 377/779/2
f 377/779/2 378/781/2 380/782/2
f 375/766/7 373/764/7 379/763/7
f 379/763/7 380/765/7 375/766/7
f 378/786/17 376/784/17 375/783/17
f 375/783/17 380/785/17 378/786/17
f 374/790/18 377/788/18 379/787/18
f 379/787/18 373/789/18 374/790/18
f 383/778/3 366/776/3 381/775/3
f 381/775/3 382/777/3 383/778/3
f 384/758/8 369/756/8 366/755/8
f 366/755/8 383/757/8 384/758/8
f 386/782/2 385/780/2 369/779/2
f 369/779/2 384/781/2 386/782/2
f 382/766/7 381/764/7 385/763/7
f 385/763/7 386/765/7 382/766/7
f 384/786/17 383/784/17 382/783/17
f 382/783/17 386/785/17 384/786/17
f 366/790/18 369/788/18 385/787/18
f 385/787/18 381/789/18 366/790/18
f 424/862/3 422/860/3 421/859/3
f 421/859/3 423/861/3 424/862/3
f 425/866/18 352/864/18 422/863/18
f 422/863/18 424/865/18 425/866/18
f 426/870/2 351/868/2 352/867/2
f 352/867/2 425/869/2 426/870/2
f 423/874/17 421/872/17 351/871/17
f 351/871/17 426/873/17 423/874/17
f 425/878/83 424/876/83 423/875/83
f 423/875/83 426/877/83 425/878/83
f 422/882/7 352/880/7 351/879/7
f 351/879/7 421/881/7 422/882/7
f 430/862/3 428/860/3 427/859/3
f 427/859/3 429/861/3 430/862/3
f 432/866/18 431/864/18 428/863/18
f 428/863/18 430/865/18 432/866/18
f 434/870/2 433/868/2 431/867/2
f 431/867/2 432/869/2 434/870/2
f 429/874/17 427/872/17 433/871/17
f 433/871/17 434/873/17 429/874/17
f 432/878/83 430/876/83 429/875/83
f 429/875/83 434/877/83 432/878/83
f 428/882/7 431/880/7 433/879/7
f 433/879/7 427/881/7 428/882/7
f 448/883/2 452/887/2 451/886/2
f 451/886/2 450/885/2 448/883/2
f 455/890/2 454/889/2 452/887/2
f 452/887/2 453/888/2 455/890/2
f 457/892/84 459/894/85 458/893/84
f 458/893/84 460/895/86 457/892/84
f 461/896/87 463/898/31 462/897/87
f 462/897/87 464/899/88 461/896/87
f 449/903/91 464/901/90 465/900/89
f 465/900/89 448/902/90 449/903/91
f 468/908/94 448/907/94 465/905/93
f 465/905/93 467/906/93 468/908/94
f 487/957/113 469/910/96 465/909/95
f 465/909/95 470/911/95 487/957/113
f 461/918/101 449/919/101 471/920/101
f 471/920/101 450/921/101 461/918/101
f 473/924/102 472/923/102 461/922/102
f 461/922/102 450/925/102 473/924/102
f 476/930/102 475/929/102 472/923/102
f 472/923/102 473/924/102 476/930/102
f 454/931/102 476/930/102 473/924/102
f 473/924/102 451/926/102 454/931/102
f 468/908/94 467/906/93 477/932/104
f 477/932/104 478/933/94 468/908/94
f 480/940/107 457/939/106 482/938/105
f 482/938/105 483/941/108 480/940/107
f 477/932/104 481/937/94 479/935/94
f 479/935/94 478/933/94 477/932/104
f 453/934/94 478/933/94 479/935/94
f 479/935/94 455/943/94 453/934/94
f 455/945/111 479/942/109 483/941/108
f 483/941/108 456/944/110 455/945/111
f 485/952/114 457/951/114 476/949/114
f 476/949/114 454/954/114 485/952/114
f 456/955/114 482/953/114 485/952/114
f 485/952/114 454/954/114 456/955/114
f 469/910/96 486/956/113 477/958/96
f 477/958/96 466/912/97 469/910/96
f 484/948/113 481/946/96 477/958/96
f 477/958/96 488/959/113 484/948/113
f 491/962/113 490/961/113 488/959/113
f 488/959/113 489/960/113 491/962/113
f 496/967/2 494/965/2 492/963/2
f 492/963/2 495/966/2 496/967/2
f 495/966/2 492/963/2 497/968/2
f 497/968/2 498/969/2 495/966/2
f 501/972/2 500/971/2 499/970/2
f 499/970/2 496/967/2 501/972/2
f 503/974/2 493/964/2 502/973/2
f 502/973/2 504/975/2 503/974/2
f 486/979/8 487/978/8 506/977/8
f 506/977/8 492/980/8 486/979/8
f 508/984/8 507/982/8 486/979/8
f 486/979/8 492/980/8 508/984/8
f 497/981/8 506/977/8 509/986/8
f 509/986/8 886/1714/8 497/981/8
f 491/987/8 489/983/8 507/982/8
f 507/982/8 510/988/8 491/987/8
f 503/989/8 510/988/8 508/984/8
f 508/984/8 493/985/8 503/989/8
f 789/1727/8 511/990/8 510/988/8
f 510/988/8 503/989/8 789/1727/8
f 459/996/118 457/993/116 512/994/44
f 512/994/44 513/995/118 459/996/118
f 516/999/44 459/996/118 515/998/44
f 515/998/44 517/1000/44 516/999/44
f 512/994/44 490/991/116 491/1001/44
f 491/1001/44 510/1002/119 512/994/44
f 518/1003/120 513/995/118 510/1002/119
f 510/1002/119 511/1004/121 518/1003/120
f 789/1433/120 519/1005/119 514/997/118
f 514/997/118 518/1003/120 789/1433/120
f 521/1009/46 506/1007/122 487/1006/46
f 487/1006/46 462/913/98 521/1009/46
f 523/1011/17 525/1013/17 524/1012/17
f 524/1012/17 526/1014/17 523/1011/17
f 523/1011/17 527/1015/17 528/1016/17
f 528/1016/17 534/1022/17 523/1011/17
f 531/1019/17 530/1018/17 528/1016/17
f 528/1016/17 529/1017/17 531/1019/17
f 533/1021/17 532/1020/17 529/1017/17
f 529/1017/17 527/1015/17 533/1021/17
f 538/1017/17 459/1025/17 537/1027/17
f 537/1027/17 539/1028/17 538/1017/17
f 459/1025/17 538/1017/17 540/1020/17
f 540/1020/17 541/1021/17 459/1025/17
f 546/1011/17 458/1029/17 544/1012/17
f 544/1012/17 545/1013/17 546/1011/17
f 547/1030/17 549/1031/17 548/1019/17
f 548/1019/17 538/1017/17 547/1030/17
f 551/1018/17 548/1019/17 549/1031/17
f 549/1031/17 550/1032/17 551/1018/17
f 552/1033/17 551/1018/17 550/1032/17
f 550/1032/17 822/1474/17 552/1033/17
f 553/1016/17 551/1018/17 552/1033/17
f 552/1033/17 554/1034/17 553/1016/17
f 557/1036/17 556/1023/17 553/1016/17
f 553/1016/17 555/1035/17 557/1036/17
f 560/1038/17 559/1022/17 556/1023/17
f 556/1023/17 558/1037/17 560/1038/17
f 525/1044/123 564/1043/123 563/1041/123
f 563/1041/123 524/1042/123 525/1044/123
f 545/1047/123 544/1046/123 565/1045/123
f 565/1045/123 566/1048/123 545/1047/123
f 566/1048/123 565/1045/123 562/1040/123
f 562/1040/123 563/1041/123 566/1048/123
f 567/1049/123 566/1048/123 563/1041/123
f 563/1041/123 564/1043/123 567/1049/123
f 523/1054/124 569/1053/124 568/1051/124
f 568/1051/124 525/1052/124 523/1054/124
f 546/1057/125 545/1056/124 567/1055/124
f 567/1055/124 570/1058/125 546/1057/125
f 570/1058/125 567/1055/124 564/1050/124
f 564/1050/124 568/1051/124 570/1058/125
f 571/1059/125 570/1058/125 568/1051/124
f 568/1051/124 569/1053/124 571/1059/125
f 524/1067/126 562/1066/126 574/1064/126
f 574/1064/126 526/1065/126 524/1067/126
f 544/1070/126 543/1069/126 575/1068/126
f 575/1068/126 576/1071/126 544/1070/126
f 576/1071/126 575/1068/126 573/1063/126
f 573/1063/126 574/1064/126 576/1071/126
f 565/1072/126 576/1071/126 574/1064/126
f 574/1064/126 562/1066/126 565/1072/126
f 526/1077/127 573/1076/127 578/1074/127
f 578/1074/127 527/1075/127 526/1077/127
f 543/1080/127 542/1079/127 579/1078/127
f 579/1078/127 580/1081/127 543/1080/127
f 580/1081/127 579/1078/127 577/1073/127
f 577/1073/127 578/1074/127 580/1081/127
f 575/1082/127 580/1081/127 578/1074/127
f 578/1074/127 573/1076/127 575/1082/127
f 530/1087/128 583/1086/128 582/1084/128
f 582/1084/128 528/1085/128 530/1087/128
f 551/1090/128 553/1089/128 584/1088/128
f 584/1088/128 585/1091/128 551/1090/128
f 585/1091/128 584/1088/128 581/1083/128
f 581/1083/128 582/1084/128 585/1091/128
f 586/1092/128 585/1091/128 582/1084/128
f 582/1084/128 583/1086/128 586/1092/128
f 531/1097/129 588/1096/129 587/1094/129
f 587/1094/129 530/1095/129 531/1097/129
f 548/1100/129 551/1099/129 586/1098/129
f 586/1098/129 589/1101/129 548/1100/129
f 589/1101/129 586/1098/129 583/1093/129
f 583/1093/129 587/1094/129 589/1101/129
f 590/1102/129 589/1101/129 587/1094/129
f 587/1094/129 588/1096/129 590/1102/129
f 529/1107/130 592/1106/130 591/1104/130
f 591/1104/130 531/1105/130 529/1107/130
f 538/1110/130 548/1109/130 590/1108/130
f 590/1108/130 593/1111/130 538/1110/130
f 593/1111/130 590/1108/130 588/1103/130
f 588/1103/130 591/1104/130 593/1111/130
f 594/929/130 593/1111/130 591/1104/130
f 591/1104/130 592/1106/130 594/929/130
f 532/1116/131 596/1115/131 595/1113/131
f 595/1113/131 529/1114/131 532/1116/131
f 540/1119/131 538/1118/131 594/1117/131
f 594/1117/131 597/1120/131 540/1119/131
f 597/1120/131 594/1117/131 592/1112/131
f 592/1112/131 595/1113/131 597/1120/131
f 598/1121/131 597/1120/131 595/1113/131
f 595/1113/131 596/1115/131 598/1121/131
f 533/1126/132 600/1125/132 599/1123/132
f 599/1123/132 532/1124/132 533/1126/132
f 541/1129/132 540/1128/132 598/1127/132
f 598/1127/132 601/1130/132 541/1129/132
f 601/1130/132 598/1127/132 596/1122/132
f 596/1122/132 599/1123/132 601/1130/132
f 602/1131/132 601/1130/132 599/1123/132
f 599/1123/132 600/1125/132 602/1131/132
f 527/1136/134 577/1135/134 603/1133/134
f 603/1133/134 533/1134/134 527/1136/134
f 542/1139/134 541/1138/134 602/1137/134
f 602/1137/134 604/1140/133 542/1139/134
f 604/1140/133 602/1137/134 600/1132/133
f 600/1132/133 603/1133/134 604/1140/133
f 579/1141/133 604/1140/133 603/1133/134
f 603/1133/134 577/1135/134 579/1141/133
f 535/1146/135 607/1145/135 606/1143/135
f 606/1143/135 534/1144/135 535/1146/135
f 556/1149/135 559/1148/135 608/1147/135
f 608/1147/135 609/1150/135 556/1149/135
f 609/1150/135 608/1147/135 605/1142/135
f 605/1142/135 606/1143/135 609/1150/135
f 610/1151/135 609/1150/135 606/1143/135
f 606/1143/135 607/1145/135 610/1151/135
f 528/1160/137 581/1159/137 614/1157/137
f 614/1157/137 535/1158/136 528/1160/137
f 553/1163/137 556/1162/137 610/1161/137
f 610/1161/137 615/1164/137 553/1163/137
f 615/1164/137 610/1161/137 607/1156/136
f 607/1156/136 614/1157/137 615/1164/137
f 584/1165/137 615/1164/137 614/1157/137
f 614/1157/137 581/1159/137 584/1165/137
f 617/1167/7 616/1166/7 613/1154/7
f 613/1154/7 534/1155/7 617/1167/7
f 620/1170/7 616/1166/7 619/1169/7
f 619/1169/7 523/1171/7 620/1170/7
f 569/1173/7 621/1172/7 616/1166/7
f 616/1166/7 620/1170/7 569/1173/7
f 571/1062/7 572/1060/7 621/1172/7
f 621/1172/7 569/1173/7 571/1062/7
f 624/1176/7 612/1153/7 625/1177/7
f 625/1177/7 626/1178/7 624/1176/7
f 633/1187/7 627/1180/7 608/1179/7
f 608/1179/7 628/1181/7 633/1187/7
f 629/1183/7 628/1181/7 608/1179/7
f 608/1179/7 559/1182/7 629/1183/7
f 626/1178/7 625/1177/7 608/1179/7
f 608/1179/7 627/1180/7 626/1178/7
f 631/1185/7 630/1184/7 623/1175/7
f 623/1175/7 624/1176/7 631/1185/7
f 631/1185/7 624/1176/7 626/1178/7
f 626/1178/7 632/1186/7 631/1185/7
f 629/1183/7 561/1189/7 634/1188/7
f 634/1188/7 628/1181/7 629/1183/7
f 633/1187/7 628/1181/7 634/1188/7
f 634/1188/7 635/1190/7 633/1187/7
f 632/1186/7 626/1178/7 627/1180/7
f 627/1180/7 635/1190/7 632/1186/7
f 620/1170/7 637/1192/7 636/1191/7
f 636/1191/7 569/1173/7 620/1170/7
f 639/1194/7 546/1061/7 571/1062/7
f 571/1062/7 640/1195/7 639/1194/7
f 640/1195/7 571/1062/7 569/1173/7
f 569/1173/7 638/1193/7 640/1195/7
f 643/1199/7 472/1198/7 636/1191/7
f 636/1191/7 637/1192/7 643/1199/7
f 460/1201/7 639/1194/7 640/1195/7
f 640/1195/7 644/1200/7 460/1201/7
f 460/1201/7 458/1203/7 641/1196/7
f 641/1196/7 639/1194/7 460/1201/7
f 474/1202/7 644/1200/7 642/1197/7
f 642/1197/7 472/1198/7 474/1202/7
f 644/1200/7 640/1195/7 638/1193/7
f 638/1193/7 642/1197/7 644/1200/7
f 646/1205/18 647/1206/18 648/1207/18
f 648/1207/18 651/1210/18 646/1205/18
f 649/1208/18 655/1214/18 654/1213/18
f 654/1213/18 653/1212/18 649/1208/18
f 646/1205/18 651/1210/18 656/1215/18
f 656/1215/18 657/1216/18 646/1205/18
f 645/1220/139 659/1218/139 658/1217/139
f 658/1217/139 647/1219/139 645/1220/139
f 647/1224/140 658/1222/140 660/1221/140
f 660/1221/140 648/1223/140 647/1224/140
f 650/1228/141 662/1226/141 661/1225/141
f 661/1225/141 649/1227/141 650/1228/141
f 648/1232/142 660/1230/142 662/1229/142
f 662/1229/142 650/1231/142 648/1232/142
f 652/1236/143 664/1234/143 663/1233/143
f 663/1233/143 651/1235/143 652/1236/143
f 653/1240/144 665/1238/144 664/1237/144
f 664/1237/144 652/1239/144 653/1240/144
f 655/1244/145 667/1242/145 666/1241/145
f 666/1241/145 654/1243/145 655/1244/145
f 649/1248/146 661/1246/146 667/1245/146
f 667/1245/146 655/1247/146 649/1248/146
f 654/1252/147 666/1250/147 665/1249/147
f 665/1249/147 653/1251/147 654/1252/147
f 651/1256/148 663/1254/148 668/1253/148
f 668/1253/148 656/1255/148 651/1256/148
f 656/1260/149 668/1258/149 669/1257/149
f 669/1257/149 657/1259/149 656/1260/149
f 657/1264/150 669/1262/150 670/1261/150
f 670/1261/150 646/1263/150 657/1264/150
f 680/1277/18 673/1268/18 670/1205/18
f 670/1205/18 669/1216/18 680/1277/18
f 675/1270/7 674/1269/7 676/1271/7
f 676/1271/7 677/1272/7 675/1270/7
f 678/1273/7 676/1271/7 674/1269/7
f 674/1269/7 670/1274/7 678/1273/7
f 463/1282/18 680/1277/18 669/1216/18
f 669/1216/18 668/1215/18 463/1282/18
f 677/1272/7 676/1271/7 681/1278/7
f 681/1278/7 682/1279/7 677/1272/7
f 683/1280/7 681/1278/7 676/1271/7
f 676/1271/7 678/1273/7 683/1280/7
f 678/1273/7 673/1275/7 679/1281/7
f 679/1281/7 683/1280/7 678/1273/7
f 463/1282/18 668/1215/18 684/1283/18
f 684/1283/18 685/1284/18 463/1282/18
f 684/1283/18 668/1215/18 663/1210/18
f 663/1210/18 703/1303/18 684/1283/18
f 682/1279/7 681/1278/7 686/1285/7
f 686/1285/7 687/1286/7 682/1279/7
f 688/1287/7 687/1286/7 686/1285/7
f 686/1285/7 461/1309/7 688/1287/7
f 683/1280/7 679/1281/7 691/1290/7
f 691/1290/7 690/1289/7 683/1280/7
f 667/1214/18 661/1208/18 693/1293/18
f 693/1293/18 694/1294/18 667/1214/18
f 666/1213/18 667/1214/18 696/1296/18
f 696/1296/18 697/1297/18 666/1213/18
f 699/1299/18 698/1298/18 666/1213/18
f 666/1213/18 697/1297/18 699/1299/18
f 701/1301/18 700/1300/18 665/1212/18
f 665/1212/18 698/1298/18 701/1301/18
f 702/1302/18 701/1301/18 698/1298/18
f 698/1298/18 699/1299/18 702/1302/18
f 704/1304/18 685/1284/18 703/1303/18
f 703/1303/18 462/1319/18 704/1304/18
f 705/1305/18 703/1303/18 663/1210/18
f 663/1210/18 664/1211/18 705/1305/18
f 462/1319/18 705/1305/18 664/1211/18
f 664/1211/18 706/1306/18 462/1319/18
f 707/1307/18 706/1306/18 664/1211/18
f 664/1211/18 700/1300/18 707/1307/18
f 708/1308/18 707/1307/18 700/1300/18
f 700/1300/18 701/1301/18 708/1308/18
f 689/1288/7 688/1287/7 461/1309/7
f 461/1309/7 709/1310/7 689/1288/7
f 691/1290/7 461/1309/7 686/1285/7
f 686/1285/7 690/1289/7 691/1290/7
f 712/1313/18 661/1208/18 662/1209/18
f 662/1209/18 711/1312/18 712/1313/18
f 713/1314/18 714/1315/18 694/1294/18
f 694/1294/18 661/1208/18 713/1314/18
f 695/1295/18 694/1294/18 714/1315/18
f 714/1315/18 715/1316/18 695/1295/18
f 696/1296/18 695/1295/18 715/1316/18
f 715/1316/18 716/1317/18 696/1296/18
f 697/1297/18 696/1296/18 716/1317/18
f 716/1317/18 717/1318/18 697/1297/18
f 719/1321/18 462/1319/18 708/1308/18
f 708/1308/18 718/1320/18 719/1321/18
f 717/1318/18 718/1320/18 708/1308/18
f 708/1308/18 697/1297/18 717/1318/18
f 722/1324/18 711/1312/18 660/1207/18
f 660/1207/18 721/1323/18 722/1324/18
f 722/1324/18 723/1325/18 712/1313/18
f 712/1313/18 711/1312/18 722/1324/18
f 723/1325/18 724/1326/18 713/1314/18
f 713/1314/18 712/1313/18 723/1325/18
f 724/1326/18 725/1327/18 714/1315/18
f 714/1315/18 713/1314/18 724/1326/18
f 715/1316/18 714/1315/18 725/1327/18
f 725/1327/18 726/1328/18 715/1316/18
f 716/1317/18 715/1316/18 726/1328/18
f 726/1328/18 727/1329/18 716/1317/18
f 717/1318/18 716/1317/18 727/1329/18
f 727/1329/18 728/1330/18 717/1318/18
f 728/1330/18 729/1331/18 718/1320/18
f 718/1320/18 717/1318/18 728/1330/18
f 729/1331/18 730/1332/18 719/1321/18
f 719/1321/18 718/1320/18 729/1331/18
f 658/1206/18 659/1204/18 732/1334/18
f 732/1334/18 733/1335/18 658/1206/18
f 720/1322/18 658/1206/18 734/1336/18
f 734/1336/18 735/1337/18 720/1322/18
f 722/1324/18 721/1323/18 735/1337/18
f 735/1337/18 736/1338/18 722/1324/18
f 912/1618/18 737/1339/18 722/1324/18
f 722/1324/18 736/1338/18 912/1618/18
f 737/1339/18 738/1340/18 723/1325/18
f 723/1325/18 722/1324/18 737/1339/18
f 738/1340/18 739/1341/18 724/1326/18
f 724/1326/18 723/1325/18 738/1340/18
f 725/1327/18 739/1341/18 740/1342/18
f 740/1342/18 726/1328/18 725/1327/18
f 728/1330/18 727/1329/18 741/1343/18
f 741/1343/18 742/1344/18 728/1330/18
f 743/1347/18 744/1346/18 729/1331/18
f 729/1331/18 728/1330/18 743/1347/18
f 744/1346/18 521/1348/18 730/1332/18
f 730/1332/18 729/1331/18 744/1346/18
f 747/1351/7 746/1350/7 745/1349/7
f 745/1349/7 751/1357/7 747/1351/7
f 751/1357/7 745/1349/7 746/1350/7
f 746/1350/7 748/1352/7 751/1357/7
f 659/1353/7 748/1352/7 746/1350/7
f 746/1350/7 749/1354/7 659/1353/7
f 622/1174/7 630/1184/7 750/1356/7
f 750/1356/7 751/1357/7 622/1174/7
f 617/1167/7 611/1152/7 751/1357/7
f 751/1357/7 672/1266/7 617/1167/7
f 618/1168/138 617/1167/7 672/1266/7
f 672/1266/7 675/1270/7 618/1168/138
f 643/1199/7 619/1169/7 675/1270/7
f 675/1270/7 687/1286/7 643/1199/7
f 755/1361/3 753/1359/3 752/1358/3
f 752/1358/3 754/1360/3 755/1361/3
f 754/1360/3 752/1358/3 756/1362/3
f 756/1362/3 757/1363/3 754/1360/3
f 760/1366/3 759/1365/3 758/1364/3
f 758/1364/3 761/1367/3 760/1366/3
f 767/1372/3 766/1371/3 765/1370/3
f 765/1370/3 768/1373/3 767/1372/3
f 769/1374/3 768/1373/3 762/1358/3
f 762/1358/3 763/1368/3 769/1374/3
f 764/1379/153 753/1377/152 771/1376/151
f 771/1376/151 763/1378/152 764/1379/153
f 773/1383/8 772/1381/8 753/1380/8
f 753/1380/8 764/1382/8 773/1383/8
f 773/1383/8 762/1385/8 752/1384/8
f 752/1384/8 772/1381/8 773/1383/8
f 765/1387/8 756/1386/8 752/1384/8
f 752/1384/8 762/1385/8 765/1387/8
f 766/1391/156 774/1389/155 756/1388/154
f 756/1388/154 765/1390/155 766/1391/156
f 767/1395/159 775/1393/158 774/1392/157
f 774/1392/157 766/1394/158 767/1395/159
f 768/1399/160 761/1397/160 775/1396/160
f 775/1396/160 767/1398/160 768/1399/160
f 769/1403/163 760/1401/162 761/1400/161
f 761/1400/161 768/1402/162 769/1403/163
f 760/1366/164 769/1405/166 776/1404/165
f 776/1404/165 778/1407/168 760/1366/164
f 777/1406/167 770/1408/169 778/1407/168
f 778/1407/168 776/1404/165 777/1406/167
f 763/1412/172 771/1410/171 778/1409/170
f 778/1409/170 770/1411/171 763/1412/172
f 782/1416/17 780/1414/17 781/1415/17
f 781/1415/17 783/1417/17 782/1416/17
f 783/1417/17 787/1421/17 785/1419/17
f 785/1419/17 786/1420/17 783/1417/17
f 779/1413/17 789/1423/17 788/1422/17
f 788/1422/17 790/1424/17 779/1413/17
f 775/1426/44 792/1427/44 779/1428/44
f 779/1428/44 780/1429/44 775/1426/44
f 791/1425/44 516/999/44 517/1000/44
f 517/1000/44 792/1427/44 791/1425/44
f 789/1433/120 793/1431/44 517/1000/44
f 517/1000/44 519/1005/119 789/1433/120
f 789/1433/120 779/1428/44 794/1432/44
f 794/1432/44 793/1431/44 789/1433/120
f 756/1734/173 795/1435/173 774/1434/173
f 774/1434/173 780/1436/173 756/1734/173
f 796/1437/17 775/1407/17 797/1439/17
f 797/1439/17 826/1478/17 796/1437/17
f 800/1442/17 799/1441/17 775/1407/17
f 775/1407/17 761/1443/17 800/1442/17
f 804/1447/17 803/1446/17 802/1445/17
f 802/1445/17 761/1443/17 804/1447/17
f 805/1448/17 804/1447/17 761/1443/17
f 761/1443/17 758/1365/17 805/1448/17
f 830/1538/175 803/1451/175 804/1450/174
f 804/1450/174 807/1452/175 830/1538/175
f 808/1453/174 807/1452/175 804/1450/174
f 804/1450/174 809/1454/174 808/1453/174
f 811/1458/176 804/1457/176 805/1456/176
f 805/1456/176 812/1459/176 811/1458/176
f 813/1463/177 805/1462/177 806/1461/177
f 806/1461/177 814/1464/177 813/1463/177
f 818/1470/7 806/1469/7 758/1364/7
f 758/1364/7 817/1468/7 818/1470/7
f 516/1024/17 791/1438/17 796/1437/17
f 796/1437/17 536/1026/17 516/1024/17
f 537/1027/17 536/1026/17 796/1437/17
f 796/1437/17 819/1471/17 537/1027/17
f 537/1027/17 819/1471/17 820/1472/17
f 820/1472/17 539/1028/17 537/1027/17
f 547/1030/17 539/1028/17 820/1472/17
f 820/1472/17 821/1473/17 547/1030/17
f 549/1031/17 821/1473/17 822/1474/17
f 822/1474/17 550/1032/17 549/1031/17
f 822/1474/17 823/1475/17 555/1035/17
f 555/1035/17 554/1034/17 822/1474/17
f 823/1475/17 824/1476/17 558/1037/17
f 558/1037/17 557/1036/17 823/1475/17
f 561/1039/17 560/1038/17 824/1476/17
f 824/1476/17 825/1477/17 561/1039/17
f 828/1480/17 827/1479/17 797/1439/17
f 797/1439/17 798/1440/17 828/1480/17
f 829/1481/17 828/1480/17 799/1441/17
f 799/1441/17 800/1442/17 829/1481/17
f 830/1482/17 829/1481/17 801/1444/17
f 801/1444/17 802/1445/17 830/1482/17
f 823/1485/178 822/1484/178 831/1483/178
f 831/1483/178 832/1486/178 823/1485/178
f 824/1490/179 823/1489/179 833/1488/179
f 833/1488/179 834/1491/179 824/1490/179
f 825/1495/181 824/1494/181 835/1493/181
f 835/1493/181 836/1496/182 825/1495/181
f 828/1500/184 829/1499/184 838/1498/183
f 838/1498/183 839/1501/184 828/1500/184
f 827/1505/185 828/1504/185 840/1503/185
f 840/1503/185 841/1506/185 827/1505/185
f 819/1510/186 826/1509/186 843/1508/186
f 843/1508/186 844/1511/186 819/1510/186
f 826/1515/187 827/1514/187 842/1513/187
f 842/1513/187 846/1516/187 826/1515/187
f 822/1520/188 821/1519/188 847/1518/188
f 847/1518/188 848/1521/188 822/1520/188
f 820/1525/190 819/1524/190 845/1523/190
f 845/1523/190 849/1526/190 820/1525/190
f 821/1530/191 820/1529/191 850/1528/191
f 850/1528/191 851/1531/191 821/1530/191
f 829/1535/193 830/1534/192 852/1533/192
f 852/1533/192 853/1536/192 829/1535/193
f 830/1538/175 807/1452/175 855/1539/175
f 855/1539/175 852/1540/175 830/1538/175
f 561/1189/7 825/1542/7 856/1541/7
f 856/1541/7 634/1188/7 561/1189/7
f 857/1543/178 832/1486/178 831/1483/178
f 831/1483/178 858/1544/178 857/1543/178
f 859/1545/178 833/1487/178 832/1486/178
f 832/1486/178 857/1543/178 859/1545/178
f 860/1546/179 834/1491/179 833/1488/179
f 833/1488/179 859/1547/179 860/1546/179
f 861/1548/179 835/1492/180 834/1491/179
f 834/1491/179 860/1546/179 861/1548/179
f 862/1549/182 836/1496/182 835/1493/181
f 835/1493/181 861/1550/181 862/1549/182
f 863/1551/182 837/1497/181 836/1496/182
f 836/1496/182 862/1549/182 863/1551/182
f 864/1552/184 839/1501/184 838/1498/183
f 838/1498/183 865/1553/183 864/1552/184
f 866/1554/184 840/1502/184 839/1501/184
f 839/1501/184 864/1552/184 866/1554/184
f 867/1555/185 841/1506/185 840/1503/185
f 840/1503/185 866/1556/185 867/1555/185
f 868/1557/185 842/1507/185 841/1506/185
f 841/1506/185 867/1555/185 868/1557/185
f 869/1558/186 844/1511/186 843/1508/186
f 843/1508/186 870/1559/186 869/1558/186
f 871/1560/186 845/1512/186 844/1511/186
f 844/1511/186 869/1558/186 871/1560/186
f 872/1561/187 846/1516/187 842/1513/187
f 842/1513/187 868/1562/187 872/1561/187
f 870/1563/187 843/1517/187 846/1516/187
f 846/1516/187 872/1561/187 870/1563/187
f 873/1564/188 848/1521/188 847/1518/188
f 847/1518/188 874/1565/188 873/1564/188
f 858/1566/188 831/1522/189 848/1521/188
f 848/1521/188 873/1564/188 858/1566/188
f 875/1567/190 849/1526/190 845/1523/190
f 845/1523/190 871/1568/190 875/1567/190
f 876/1569/190 850/1527/190 849/1526/190
f 849/1526/190 875/1567/190 876/1569/190
f 877/1570/191 851/1531/191 850/1528/191
f 850/1528/191 876/1571/191 877/1570/191
f 874/1572/191 847/1532/191 851/1531/191
f 851/1531/191 877/1570/191 874/1572/191
f 878/1573/192 853/1536/192 852/1533/192
f 852/1533/192 879/1574/192 878/1573/192
f 865/1575/193 838/1537/193 854/1536/193
f 854/1536/193 878/1573/192 865/1575/193
f 879/1576/175 852/1540/175 855/1539/175
f 855/1539/175 810/1455/174 879/1576/175
f 634/1188/7 856/1541/7 880/1577/7
f 880/1577/7 881/1578/7 634/1188/7
f 884/1581/18 883/1580/18 882/1579/18
f 882/1579/18 319/1582/18 884/1581/18
f 887/1585/18 886/1584/18 883/1580/18
f 883/1580/18 884/1581/18 887/1585/18
f 883/1590/46 890/1589/46 778/1587/46
f 778/1587/46 882/1591/46 883/1590/46
f 889/1588/46 888/1586/46 520/1008/122
f 520/1008/122 521/1009/46 889/1588/46
f 888/1586/46 890/1589/46 522/1010/122
f 522/1010/122 520/1008/122 888/1586/46
f 753/1743/194 882/1595/194 771/1594/194
f 771/1594/194 891/1596/194 753/1743/194
f 894/1599/18 893/1598/18 759/1365/18
f 759/1365/18 760/1366/18 894/1599/18
f 899/1604/18 898/1603/18 760/1366/18
f 760/1366/18 778/1407/18 899/1604/18
f 901/1606/18 778/1407/18 902/1607/18
f 902/1607/18 907/1613/18 901/1606/18
f 903/1609/18 895/1600/18 897/1602/18
f 897/1602/18 904/1610/18 903/1609/18
f 904/1610/18 897/1602/18 898/1603/18
f 898/1603/18 905/1611/18 904/1610/18
f 906/1612/18 905/1611/18 900/1605/18
f 900/1605/18 901/1606/18 906/1612/18
f 732/1334/18 731/1333/18 909/1615/18
f 909/1615/18 910/1616/18 732/1334/18
f 734/1336/18 733/1335/18 910/1616/18
f 910/1616/18 911/1617/18 734/1336/18
f 735/1337/18 911/1617/18 912/1618/18
f 912/1618/18 736/1338/18 735/1337/18
f 912/1618/18 913/1619/18 739/1341/18
f 739/1341/18 738/1340/18 912/1618/18
f 742/1344/18 741/1343/18 913/1619/18
f 913/1619/18 914/1620/18 742/1344/18
f 743/1345/18 742/1344/18 914/1620/18
f 914/1620/18 908/1614/18 743/1345/18
f 902/1607/18 889/1608/18 521/1348/18
f 521/1348/18 908/1614/18 902/1607/18
f 915/1623/195 908/1622/195 914/1621/195
f 914/1621/195 916/1624/195 915/1623/195
f 919/1628/196 907/1627/196 908/1626/196
f 908/1626/196 917/1629/196 919/1628/196
f 921/1633/197 906/1632/197 907/1631/197
f 907/1631/197 922/1634/197 921/1633/197
f 925/1638/198 905/1637/198 906/1636/198
f 906/1636/198 923/1639/198 925/1638/198
f 927/1643/199 913/1642/199 912/1641/199
f 912/1641/199 928/1644/199 927/1643/199
f 930/1648/200 914/1647/200 913/1646/200
f 913/1646/200 929/1649/200 930/1648/200
f 932/1653/201 912/1652/201 911/1651/201
f 911/1651/201 933/1654/201 932/1653/201
f 934/1658/175 894/1657/202 896/1656/175
f 896/1656/175 935/1659/175 934/1658/175
f 1087/1927/175 936/1660/203 894/1657/202
f 894/1657/202 934/1658/175 1087/1927/175
f 935/1659/175 896/1656/175 903/1661/204
f 903/1661/204 937/1662/175 935/1659/175
f 938/1665/205 893/1664/205 894/1663/202
f 894/1663/202 936/1666/203 938/1665/205
f 940/1670/206 892/1669/206 893/1668/206
f 893/1668/206 939/1671/206 940/1670/206
f 942/1675/208 903/1674/208 904/1673/207
f 904/1673/207 943/1676/207 942/1675/208
f 944/1680/210 904/1679/210 905/1678/210
f 905/1678/210 945/1681/210 944/1680/210
f 947/1685/211 911/1684/211 910/1683/211
f 910/1683/211 948/1686/211 947/1685/211
f 949/1690/213 910/1689/213 909/1688/212
f 909/1688/212 950/1691/212 949/1690/213
f 951/1695/7 950/1694/7 909/1693/7
f 909/1693/7 952/1696/7 951/1695/7
f 954/1698/7 953/1697/7 951/1695/7
f 951/1695/7 952/1696/7 954/1698/7
f 956/1701/7 892/1700/7 955/1699/7
f 955/1699/7 957/1702/7 956/1701/7
f 959/1704/7 958/1703/7 956/1701/7
f 956/1701/7 957/1702/7 959/1704/7
f 960/1705/7 759/1365/7 958/1703/7
f 958/1703/7 959/1704/7 960/1705/7
f 963/1708/7 962/1707/7 953/1697/7
f 953/1697/7 954/1698/7 963/1708/7
f 731/1355/7 964/1709/7 962/1707/7
f 962/1707/7 963/1708/7 731/1355/7
f 887/1710/31 498/1712/31 497/1711/31
f 497/1711/31 886/1713/31 887/1710/31
f 786/1721/29 784/1720/29 967/1717/29
f 967/1717/29 501/1718/29 786/1721/29
f 505/1724/29 968/1723/29 789/1722/29
f 789/1722/29 503/1725/29 505/1724/29
f 970/1729/7 881/1578/7 969/1728/7
f 969/1728/7 1059/1897/7 970/1729/7
f 756/1730/30 780/1732/30 782/1731/30
f 782/1731/30 757/1733/30 756/1730/30
f 972/1736/7 971/1735/7 815/1466/7
f 815/1466/7 816/1467/7 972/1736/7
f 971/1735/7 973/1737/7 817/1468/7
f 817/1468/7 815/1466/7 971/1735/7
f 882/1739/28 753/1741/28 755/1740/28
f 755/1740/28 319/1742/28 882/1739/28
f 961/1706/7 960/1705/7 975/1744/7
f 975/1744/7 976/1745/7 961/1706/7
f 496/1768/215 997/1766/214 996/1769/214
f 996/1769/214 501/1770/215 496/1768/215
f 989/1772/216 990/1771/216 997/1766/214
f 997/1766/214 495/1767/214 989/1772/216
f 995/1777/220 786/1779/221 501/1778/220
f 501/1778/220 996/1780/222 995/1777/220
f 783/1783/224 998/1782/223 979/1781/223
f 979/1781/223 782/1784/224 783/1783/224
f 998/1782/223 783/1783/224 786/1785/225
f 786/1785/225 995/1787/227 998/1782/223
f 983/1788/228 757/1790/228 782/1789/228
f 782/1789/228 979/1791/228 983/1788/228
f 754/1794/231 757/1793/230 982/1792/229
f 982/1792/229 987/1807/240 754/1794/231
f 993/1796/233 498/1798/234 887/1797/233
f 887/1797/233 994/1799/235 993/1796/233
f 999/1800/236 885/1802/237 319/1801/236
f 319/1801/236 986/1806/239 999/1800/236
f 885/1802/237 999/1800/236 994/1803/236
f 994/1803/236 887/1804/237 885/1802/237
f 999/1800/236 986/1806/239 985/1805/238
f 985/1805/238 994/1803/236 999/1800/236
f 986/1810/242 319/1812/243 755/1811/242
f 755/1811/242 987/1813/244 986/1810/242
f 1003/1816/17 1002/1449/17 1000/1814/17
f 1000/1814/17 1012/1481/17 1003/1816/17
f 1005/1447/246 1002/1449/17 1003/1816/17
f 1003/1816/17 1004/1817/245 1005/1447/246
f 1019/1482/245 1006/1446/247 1005/1447/246
f 1005/1447/246 1004/1817/245 1019/1482/245
f 1010/1476/17 1009/1475/17 1008/1474/17
f 1008/1474/17 1011/1477/17 1010/1476/17
f 1011/1477/17 1008/1474/17 1000/1814/17
f 1000/1814/17 1001/1815/17 1011/1477/17
f 1013/1471/17 1012/1481/17 1000/1814/17
f 1000/1814/17 1008/1474/17 1013/1471/17
f 1015/1479/17 1014/1480/17 1013/1471/17
f 1013/1471/17 1016/1478/17 1015/1479/17
f 1013/1471/17 1008/1474/17 1017/1473/17
f 1017/1473/17 1018/1472/17 1013/1471/17
f 1022/1820/7 1001/1822/7 1023/1821/7
f 1023/1821/7 1021/1819/7 1022/1820/7
f 1008/1826/178 1009/1827/178 859/1545/178
f 859/1545/178 857/1543/178 1008/1826/178
f 1009/1828/179 1010/1829/179 861/1548/179
f 861/1548/179 860/1546/179 1009/1828/179
f 1010/1830/182 1011/1831/181 863/1551/182
f 863/1551/182 862/1549/182 1010/1830/182
f 1012/1832/184 1014/1833/184 866/1554/184
f 866/1554/184 864/1552/184 1012/1832/184
f 1014/1834/185 1015/1835/185 868/1557/185
f 868/1557/185 867/1555/185 1014/1834/185
f 1016/1836/186 1013/1837/186 871/1560/186
f 871/1560/186 869/1558/186 1016/1836/186
f 1015/1838/187 1016/1839/187 870/1563/187
f 870/1563/187 872/1561/187 1015/1838/187
f 1017/1840/188 1008/1841/188 858/1566/188
f 858/1566/188 873/1564/188 1017/1840/188
f 1013/1842/190 1018/1843/190 876/1569/190
f 876/1569/190 875/1567/190 1013/1842/190
f 1018/1844/191 1017/1845/191 874/1572/191
f 874/1572/191 877/1570/191 1018/1844/191
f 1019/1846/192 1012/1847/192 865/1575/193
f 865/1575/193 878/1573/192 1019/1846/192
f 1005/1848/174 1006/1849/174 810/1455/174
f 810/1455/174 808/1453/174 1005/1848/174
f 1019/1850/175 879/1576/175 810/1455/174
f 810/1455/174 1006/1849/174 1019/1850/175
f 1007/1851/176 1005/1852/176 809/1460/176
f 809/1460/176 811/1458/176 1007/1851/176
f 1002/1853/177 1007/1854/177 812/1465/177
f 812/1465/177 813/1463/177 1002/1853/177
f 1020/1818/7 1021/1819/7 1026/1855/7
f 1026/1855/7 1002/1856/7 1020/1818/7
f 1026/1855/7 1021/1819/7 818/1470/7
f 818/1470/7 814/1857/7 1026/1855/7
f 1028/1859/7 1027/1858/7 1023/1821/7
f 1023/1821/7 1001/1822/7 1028/1859/7
f 1024/1823/7 1027/1858/7 1028/1859/7
f 1028/1859/7 1011/1825/7 1024/1823/7
f 863/1861/7 880/1577/7 1027/1858/7
f 1027/1858/7 1029/1860/7 863/1861/7
f 1002/1856/7 1026/1855/7 1030/1862/7
f 1030/1862/7 1031/1863/7 1002/1856/7
f 1032/1864/7 1030/1862/7 1026/1855/7
f 1026/1855/7 814/1857/7 1032/1864/7
f 1031/1863/7 1030/1862/7 1033/1865/7
f 1033/1865/7 1034/1866/7 1031/1863/7
f 1035/1867/7 1033/1865/7 1030/1862/7
f 1030/1862/7 1032/1864/7 1035/1867/7
f 1036/1868/7 1038/1870/7 1037/1869/7
f 1037/1869/7 973/1737/7 1036/1868/7
f 1034/1866/7 1033/1865/7 973/1737/7
f 973/1737/7 1037/1869/7 1034/1866/7
f 974/1738/7 973/1737/7 1033/1865/7
f 1033/1865/7 1035/1867/7 974/1738/7
f 971/1735/7 1038/1870/7 1036/1868/7
f 1036/1868/7 1039/1871/7 971/1735/7
f 1040/1872/7 1038/1870/7 971/1735/7
f 971/1735/7 972/1736/7 1040/1872/7
f 1043/1875/2 1042/1874/2 1041/1873/2
f 1041/1873/2 790/1876/2 1043/1875/2
f 787/1877/2 1041/1873/2 1042/1874/2
f 1042/1874/2 1044/1878/2 787/1877/2
f 1044/1882/7 1047/1881/7 1045/1879/7
f 1045/1879/7 787/1883/7 1044/1882/7
f 790/1889/8 1051/1886/8 1053/1888/8
f 1053/1888/8 1043/1890/8 790/1889/8
f 1029/1860/7 1024/1823/7 1025/1824/7
f 1025/1824/7 1054/1891/7 1029/1860/7
f 1054/1894/7 1056/1893/7 863/1861/7
f 863/1861/7 1029/1860/7 1054/1894/7
f 1058/1896/7 1057/1895/7 1054/1891/7
f 1054/1891/7 1055/1892/7 1058/1896/7
f 1057/1895/7 1059/1897/7 1056/1893/7
f 1056/1893/7 1054/1894/7 1057/1895/7
f 1060/1898/7 635/1190/7 1057/1895/7
f 1057/1895/7 1058/1896/7 1060/1898/7
f 1061/1901/7 500/1900/7 1045/1879/7
f 1045/1879/7 1046/1880/7 1061/1901/7
f 1061/1901/7 1046/1880/7 1048/1884/7
f 1048/1884/7 1062/1902/7 1061/1901/7
f 1052/1887/8 1050/1885/8 505/1903/8
f 505/1903/8 1063/1905/8 1052/1887/8
f 1063/1905/8 1064/1906/8 1053/1888/8
f 1053/1888/8 1052/1887/8 1063/1905/8
f 1067/1599/18 1066/1601/18 1065/1907/18
f 1065/1907/18 1068/1598/18 1067/1599/18
f 1065/1907/18 1070/1908/18 1069/1597/18
f 1069/1597/18 1068/1598/18 1065/1907/18
f 1071/1909/18 1069/1597/18 1070/1908/18
f 1070/1908/18 1084/1610/18 1071/1909/18
f 1072/1910/18 1069/1597/18 1071/1909/18
f 1071/1909/18 1084/1610/18 1072/1910/18
f 1073/1911/248 1069/1597/18 1072/1910/18
f 1072/1910/18 1082/1617/18 1073/1911/248
f 1077/1613/18 1076/1614/18 1075/1620/18
f 1075/1620/18 1078/1612/18 1077/1613/18
f 1075/1620/18 1081/1619/18 1080/1618/18
f 1080/1618/18 1082/1617/18 1075/1620/18
f 1079/1611/18 1075/1620/18 1082/1617/18
f 1082/1617/18 1072/1910/18 1079/1611/18
f 1074/1912/248 1073/1911/248 1082/1617/18
f 1082/1617/18 1085/1615/18 1074/1912/248
f 1075/1913/195 1076/1914/195 917/1625/195
f 917/1625/195 918/1623/195 1075/1913/195
f 1076/1915/196 1077/1916/196 920/1630/196
f 920/1630/196 919/1628/196 1076/1915/196
f 1077/1917/197 1078/1918/197 923/1635/197
f 923/1635/197 924/1633/197 1077/1917/197
f 1078/1919/198 1079/1920/198 926/1640/198
f 926/1640/198 925/1638/198 1078/1919/198
f 1080/1921/199 1081/1922/199 929/1645/199
f 929/1645/199 927/1643/199 1080/1921/199
f 1081/1923/200 1075/1924/200 931/1650/200
f 931/1650/200 930/1648/200 1081/1923/200
f 1082/1925/201 1080/1926/201 928/1655/201
f 928/1655/201 932/1653/201 1082/1925/201
f 936/1660/203 1066/1929/175 1067/1928/249
f 1067/1928/249 938/1665/205 936/1660/203
f 1083/1930/175 1066/1929/175 936/1660/203
f 936/1660/203 1087/1927/175 1083/1930/175
f 1067/1932/249 1068/1931/250 939/1667/205
f 939/1667/205 938/1665/205 1067/1932/249
f 1068/1933/206 1069/1934/206 941/1672/206
f 941/1672/206 940/1670/206 1068/1933/206
f 1084/1935/208 1083/1936/207 937/1677/209
f 937/1677/209 942/1675/208 1084/1935/208
f 1079/1937/210 1084/1938/210 943/1682/210
f 943/1682/210 946/1680/210 1079/1937/210
f 1086/1939/211 1082/1940/211 933/1687/211
f 933/1687/211 947/1685/211 1086/1939/211
f 1085/1941/212 1086/1942/212 948/1692/213
f 948/1692/213 949/1690/213 1085/1941/212
f 1090/1945/7 1089/1944/7 1088/1943/7
f 1088/1943/7 1091/1946/7 1090/1945/7
f 1089/1944/7 1090/1945/7 1092/1947/7
f 1092/1947/7 1112/1968/7 1089/1944/7
f 951/1695/7 1095/1950/7 1094/1949/7
f 1094/1949/7 950/1953/7 951/1695/7
f 1097/1952/7 1095/1950/7 1098/1954/7
f 1098/1954/7 1099/1955/7 1097/1952/7
f 953/1697/7 1098/1954/7 1095/1950/7
f 1095/1950/7 951/1695/7 953/1697/7
f 1102/1958/7 1101/1957/7 1100/1956/7
f 1100/1956/7 1103/1959/7 1102/1958/7
f 957/1702/7 955/1699/7 1101/1957/7
f 1101/1957/7 1102/1958/7 957/1702/7
f 1105/1961/7 1104/1960/7 1102/1958/7
f 1102/1958/7 1103/1959/7 1105/1961/7
f 1104/1960/7 959/1704/7 957/1702/7
f 957/1702/7 1102/1958/7 1104/1960/7
f 1106/1962/7 976/1745/7 1104/1960/7
f 1104/1960/7 1105/1961/7 1106/1962/7
f 975/1744/7 977/1746/7 959/1704/7
f 959/1704/7 1104/1960/7 975/1744/7
f 1099/1955/7 1098/1954/7 1107/1963/7
f 1107/1963/7 1108/1964/7 1099/1955/7
f 1107/1963/7 749/1354/7 1110/1966/7
f 1110/1966/7 1108/1964/7 1107/1963/7
f 965/1715/7 749/1354/7 1107/1963/7
f 1107/1963/7 1109/1965/7 965/1715/7
f 1037/1869/7 1106/1962/7 1100/1956/7
f 1100/1956/7 1020/1818/7 1037/1869/7
f 1020/1818/7 1100/1956/7 1089/1944/7
f 1089/1944/7 1022/1820/7 1020/1818/7
f 1111/1967/7 1022/1820/7 1089/1944/7
f 1089/1944/7 1112/1968/7 1111/1967/7
f 1112/1968/7 1114/1970/7 1113/1969/7
f 1113/1969/7 1111/1967/7 1112/1968/7
f 1114/1971/7 1112/1968/7 750/1356/7
f 750/1356/7 1115/1972/7 1114/1971/7
f 1110/1966/7 746/1350/7 1112/1968/7
f 1112/1968/7 1096/1951/7 1110/1966/7
f 1028/1859/7 1001/1822/7 1113/1969/7
f 1113/1969/7 1114/1970/7 1028/1859/7
f 1025/1824/7 1028/1859/7 1114/1971/7
f 1114/1971/7 1115/1972/7 1025/1824/7
f 1025/1824/7 1115/1972/7 632/1186/7
f 632/1186/7 1060/1898/7 1025/1824/7
f 1117/1974/2 1044/1878/2 1042/1874/2
f 1042/1874/2 1116/1973/2 1117/1974/2
f 502/1977/17 1118/1976/17 1117/1975/17
f 1117/1975/17 1116/1978/17 502/1977/17
f 499/1981/7 1062/1902/7 1049/1881/7
f 1049/1881/7 1117/1980/7 499/1981/7
f 1116/1982/8 1043/1890/8 1064/1906/8
f 1064/1906/8 502/1983/8 1116/1982/8
f 1122/1987/18 1120/1985/18 1119/1984/251
f 1119/1984/251 1121/1986/251 1122/1987/18
f 1126/1991/252 1124/1989/252 1123/1988/17
f 1123/1988/17 1125/1990/17 1126/1991/252
f 1121/1995/251 1119/1993/251 1127/1992/253
f 1127/1992/253 1128/1994/253 1121/1995/251
f 1130/1999/254 1129/1997/254 1124/1996/252
f 1124/1996/252 1126/1998/252 1130/1999/254
f 1128/2003/253 1127/2001/253 1131/2000/7
f 1131/2000/7 1132/2002/7 1128/2003/253
f 1134/2007/8 1133/2005/8 1129/2004/254
f 1129/2004/254 1130/2006/254 1134/2007/8
f 1132/2011/7 1131/2009/7 1135/2008/255
f 1135/2008/255 1136/2010/255 1132/2011/7
f 1138/2015/256 1137/2013/256 1133/2012/8
f 1133/2012/8 1134/2014/8 1138/2015/256
f 1136/2019/255 1135/2017/255 1139/2016/257
f 1139/2016/257 1140/2018/257 1136/2019/255
f 1142/2023/258 1141/2021/258 1137/2020/256
f 1137/2020/256 1138/2022/256 1142/2023/258
f 1140/2027/257 1139/2025/257 1143/2024/17
f 1143/2024/17 1144/2026/17 1140/2027/257
f 1146/2031/18 1145/2029/18 1141/2028/258
f 1141/2028/258 1142/2030/258 1146/2031/18
f 1144/2035/17 1143/2033/17 1147/2032/259
f 1147/2032/259 1148/2034/259 1144/2035/17
f 1150/2039/260 1149/2037/260 1145/2036/18
f 1145/2036/18 1146/2038/18 1150/2039/260
f 1148/2043/259 1147/2041/259 1151/2040/254
f 1151/2040/254 1152/2042/254 1148/2043/259
f 1154/2047/253 1153/2045/253 1149/2044/260
f 1149/2044/260 1150/2046/260 1154/2047/253
f 1152/2051/254 1151/2049/254 1155/2048/8
f 1155/2048/8 1156/2050/8 1152/2051/254
f 1158/2055/7 1157/2053/7 1153/2052/253
f 1153/2052/253 1154/2054/253 1158/2055/7
f 1156/2059/8 1155/2057/8 1159/2056/256
f 1159/2056/256 1160/2058/256 1156/2059/8
f 1162/2063/255 1161/2061/255 1157/2060/7
f 1157/2060/7 1158/2062/7 1162/2063/255
f 1160/2067/256 1159/2065/256 1163/2064/261
f 1163/2064/261 1164/2066/261 1160/2067/256
f 1166/2071/262 1165/2069/262 1161/2068/255
f 1161/2068/255 1162/2070/255 1166/2071/262
f 1164/2075/261 1163/2073/261 1120/2072/18
f 1120/2072/18 1122/2074/18 1164/2075/261
f 1125/2079/17 1123/2077/17 1165/2076/262
f 1165/2076/262 1166/2078/262 1125/2079/17
f 1124/2083/2 1119/2081/2 1120/2080/2
f 1120/2080/2 1123/2082/2 1124/2083/2
f 1125/2087/3 1122/2085/3 1121/2084/3
f 1121/2084/3 1126/2086/3 1125/2087/3
f 1129/2091/2 1127/2089/2 1119/2088/2
f 1119/2088/2 1124/2090/2 1129/2091/2
f 1126/2095/3 1121/2093/3 1128/2092/3
f 1128/2092/3 1130/2094/3 1126/2095/3
f 1133/2099/2 1131/2097/2 1127/2096/2
f 1127/2096/2 1129/2098/2 1133/2099/2
f 1130/2103/3 1128/2101/3 1132/2100/3
f 1132/2100/3 1134/2102/3 1130/2103/3
f 1137/2107/2 1135/2105/2 1131/2104/2
f 1131/2104/2 1133/2106/2 1137/2107/2
f 1134/2111/3 1132/2109/3 1136/2108/3
f 1136/2108/3 1138/2110/3 1134/2111/3
f 1141/2115/2 1139/2113/2 1135/2112/2
f 1135/2112/2 1137/2114/2 1141/2115/2
f 1138/2119/3 1136/2117/3 1140/2116/3
f 1140/2116/3 1142/2118/3 1138/2119/3
f 1145/2123/2 1143/2121/2 1139/2120/2
f 1139/2120/2 1141/2122/2 1145/2123/2
f 1142/2127/3 1140/2125/3 1144/2124/3
f 1144/2124/3 1146/2126/3 1142/2127/3
f 1149/2131/2 1147/2129/2 1143/2128/2
f 1143/2128/2 1145/2130/2 1149/2131/2
f 1146/2135/3 1144/2133/3 1148/2132/3
f 1148/2132/3 1150/2134/3 1146/2135/3
f 1153/2139/2 1151/2137/2 1147/2136/2
f 1147/2136/2 1149/2138/2 1153/2139/2
f 1150/2143/3 1148/2141/3 1152/2140/3
f 1152/2140/3 1154/2142/3 1150/2143/3
f 1157/2147/2 1155/2145/2 1151/2144/2
f 1151/2144/2 1153/2146/2 1157/2147/2
f 1154/2151/3 1152/2149/3 1156/2148/3
f 1156/2148/3 1158/2150/3 1154/2151/3
f 1161/2155/2 1159/2153/2 1155/2152/2
f 1155/2152/2 1157/2154/2 1161/2155/2
f 1158/2159/3 1156/2157/3 1160/2156/3
f 1160/2156/3 1162/2158/3 1158/2159/3
f 1165/2163/2 1163/2161/2 1159/2160/2
f 1159/2160/2 1161/2162/2 1165/2163/2
f 1162/2167/3 1160/2165/3 1164/2164/3
f 1164/2164/3 1166/2166/3 1162/2167/3
f 1123/2171/2 1120/2169/2 1163/2168/2
f 1163/2168/2 1165/2170/2 1123/2171/2
f 1166/2175/3 1164/2173/3 1122/2172/3
f 1122/2172/3 1125/2174/3 1166/2175/3
f 1266/2563/3 1264/2561/3 1263/2560/3
f 1263/2560/3 1265/2562/3 1266/2563/3
f 1270/2567/345 1268/2565/344 1267/2564/343
f 1267/2564/343 1269/2566/344 1270/2567/345
f 1272/2571/2 1271/2569/2 1268/2568/2
f 1268/2568/2 1270/2570/2 1272/2571/2
f 1274/2575/348 1273/2573/347 1271/2572/346
f 1271/2572/346 1272/2574/347 1274/2575/348
f 1270/2579/349 1269/2577/349 1274/2576/349
f 1274/2576/349 1272/2578/349 1270/2579/349
f 1267/2583/350 1268/2581/350 1271/2580/350
f 1271/2580/350 1273/2582/350 1267/2583/350
f 1276/2587/351 1267/2585/351 1273/2584/351
f 1273/2584/351 1275/2586/351 1276/2587/351
f 1275/2591/354 1273/2589/353 1274/2588/352
f 1274/2588/352 1277/2590/353 1275/2591/354
f 1278/2595/357 1269/2593/356 1267/2592/355
f 1267/2592/355 1276/2594/356 1278/2595/357
f 1277/2599/358 1274/2597/358 1269/2596/358
f 1269/2596/358 1278/2598/358 1277/2599/358
f 1280/2603/359 1277/2601/359 1278/2600/359
f 1278/2600/359 1279/2602/359 1280/2603/359
f 1282/2607/360 1280/2605/360 1279/2604/360
f 1279/2604/360 1281/2606/360 1282/2607/360
f 1286/2611/7 1284/2609/7 1283/2608/7
f 1283/2608/7 1285/2610/7 1286/2611/7
f 1288/2615/8 1282/2613/8 1281/2612/8
f 1281/2612/8 1287/2614/8 1288/2615/8
f 1284/2619/2 1290/2617/2 1289/2616/2
f 1289/2616/2 1283/2618/2 1284/2619/2
f 1283/2623/17 1289/2621/17 1263/2620/17
f 1263/2620/17 1285/2622/17 1283/2623/17
f 1286/2627/18 1264/2625/18 1290/2624/18
f 1290/2624/18 1284/2626/18 1286/2627/18
f 1285/2629/3 1263/2560/3 1264/2561/3
f 1264/2561/3 1286/2628/3 1285/2629/3
f 1294/2633/361 1292/2631/361 1291/2630/361
f 1291/2630/361 1293/2632/361 1294/2633/361
f 1297/2637/362 1295/2635/362 1289/2634/362
f 1289/2634/362 1296/2636/362 1297/2637/362
f 1300/2641/363 1290/2639/363 1298/2638/363
f 1298/2638/363 1299/2640/363 1300/2641/363
f 1296/2643/3 1289/2560/3 1290/2561/3
f 1290/2561/3 1300/2642/3 1296/2643/3
f 1287/2646/45 1266/2644/45 1265/2645/45
f 1265/2645/45 1288/2647/45 1287/2646/45
f 1297/2656/365 1293/2654/364 1291/2655/365
f 1291/2655/365 1295/2657/366 1297/2656/365
f 1298/2680/377 1292/2678/376 1294/2679/377
f 1294/2679/377 1299/2681/378 1298/2680/377
f 1315/2743/390 1314/2741/390 1316/2742/390
f 1316/2742/390 1317/2744/390 1315/2743/390
f 1317/2750/391 1318/2748/391 1309/2749/391
f 1309/2749/391 1315/2751/391 1317/2750/391
f 1316/2755/7 1314/2753/7 1309/2752/7
f 1309/2752/7 1318/2754/7 1316/2755/7
f 1321/2743/390 1320/2741/390 1312/2742/390
f 1312/2742/390 1322/2744/390 1321/2743/390
f 1322/2750/391 1310/2748/391 1319/2749/391
f 1319/2749/391 1321/2751/391 1322/2750/391
f 1312/2755/7 1320/2753/7 1319/2752/7
f 1319/2752/7 1310/2754/7 1312/2755/7

usemtl Amarillo_JD
f 91/267/32 92/268/32 90/266/32 89/265/32
f 92/271/17 94/272/17 93/270/17 90/269/17
f 94/275/33 96/276/33 95/274/33 93/273/33
f 96/279/18 91/280/18 89/278/18 95/277/18
f 96/283/34 94/284/34 92/282/34 91/281/34
f 99/287/35 100/288/35 98/286/35 97/285/35
f 97/292/36 98/291/36 93/289/36 95/290/36
f 99/296/37 97/295/37 95/293/37 89/294/37
f 98/300/38 100/299/38 90/297/38 93/298/38
f 100/304/39 99/303/39 89/301/39 90/302/39
f 103/265/3 104/266/3 102/306/3 101/305/3
f 104/309/18 106/310/18 105/308/18 102/307/18
f 106/273/2 108/274/2 107/312/2 105/311/2
f 108/315/17 103/316/17 101/314/17 107/313/17
f 111/319/8 112/320/8 110/318/8 109/317/8
f 101/323/7 102/324/7 105/322/7 107/321/7
f 109/328/40 110/327/40 104/325/40 103/326/40
f 111/332/41 109/331/41 103/329/41 108/330/41
f 110/336/42 112/335/42 106/333/42 104/334/42
f 112/340/43 111/339/43 108/337/43 106/338/43
f 221/515/3 222/516/3 220/514/3 219/513/3
f 222/519/18 224/520/18 223/518/18 220/517/18
f 224/523/2 226/524/2 225/522/2 223/521/2
f 226/527/17 221/528/17 219/526/17 225/525/17
f 226/531/8 224/532/8 222/530/8 221/529/8
f 219/535/7 220/536/7 223/534/7 225/533/7
f 229/515/3 230/516/3 228/514/3 227/513/3
f 230/519/18 232/520/18 231/518/18 228/517/18
f 232/523/2 234/524/2 233/522/2 231/521/2
f 234/527/17 229/528/17 227/526/17 233/525/17
f 234/531/8 232/532/8 230/530/8 229/529/8
f 227/535/7 228/536/7 231/534/7 233/533/7
f 237/515/52 238/516/52 236/514/52 235/513/52
f 238/539/18 240/540/18 239/538/18 236/537/18
f 240/523/53 242/524/53 241/522/53 239/521/53
f 242/543/17 237/544/17 235/542/17 241/541/17
f 242/547/54 240/548/54 238/546/54 237/545/54
f 235/551/55 236/552/55 239/550/55 241/549/55
f 245/515/52 246/516/52 244/514/52 243/513/52
f 246/539/18 248/540/18 247/538/18 244/537/18
f 248/523/53 250/524/53 249/522/53 247/521/53
f 250/543/17 245/544/17 243/542/17 249/541/17
f 250/547/54 248/548/54 246/546/54 245/545/54
f 243/551/55 244/552/55 247/550/55 249/549/55

usemtl NA
f 401/817/82 402/818/82 400/816/82 399/815/82
f 402/821/18 404/822/18 403/820/18 400/819/18
f 404/731/2 356/732/2 355/730/2 403/729/2
f 356/825/17 401/826/17 399/824/17 355/823/17
f 356/829/8 404/830/8 402/828/8 401/827/8
f 399/833/7 400/834/7 403/832/7 355/831/7
f 407/817/82 408/818/82 406/816/82 405/815/82
f 408/821/18 410/822/18 409/820/18 406/819/18
f 410/731/2 412/732/2 411/730/2 409/729/2
f 412/825/17 407/826/17 405/824/17 411/823/17
f 412/829/8 410/830/8 408/828/8 407/827/8
f 405/833/7 406/834/7 409/832/7 411/831/7
f 415/837/18 416/838/18 414/836/18 413/835/18
f 416/841/79 418/842/79 417/840/79 414/839/79
f 418/845/17 420/846/17 419/844/17 417/843/17
f 420/849/78 415/850/78 413/848/78 419/847/78
f 420/853/80 418/854/80 416/852/80 415/851/80
f 413/857/81 414/858/81 417/856/81 419/855/81

usemtl Gris_JD
f 1169/2178/263 1170/2179/18 1168/2177/18 1167/2176/263
f 1173/2182/18 1174/2183/264 1172/2181/263 1171/2180/18
f 1176/2186/265 1169/2187/263 1167/2185/263 1175/2184/265
f 1174/2190/264 1178/2191/265 1177/2189/265 1172/2188/263
f 1180/2194/266 1176/2195/265 1175/2193/265 1179/2192/266
f 1178/2198/265 1182/2199/266 1181/2197/266 1177/2196/265
f 1184/2202/267 1180/2203/266 1179/2201/266 1183/2200/267
f 1182/2206/266 1186/2207/267 1185/2205/267 1181/2204/266
f 1188/2210/268 1184/2211/267 1183/2209/267 1187/2208/268
f 1186/2214/267 1190/2215/268 1189/2213/268 1185/2212/267
f 1192/2218/17 1188/2219/268 1187/2217/268 1191/2216/17
f 1190/2222/268 1194/2223/17 1193/2221/17 1189/2220/268
f 1196/2226/269 1192/2227/17 1191/2225/17 1195/2224/269
f 1194/2230/17 1198/2231/269 1197/2229/269 1193/2228/17
f 1200/2234/270 1196/2235/269 1195/2233/269 1199/2232/270
f 1198/2238/269 1202/2239/270 1201/2237/270 1197/2236/269
f 1204/2242/10 1200/2243/270 1199/2241/270 1203/2240/10
f 1202/2246/270 1206/2247/271 1205/2245/271 1201/2244/270
f 1208/2250/272 1204/2251/10 1203/2249/10 1207/2248/272
f 1206/2254/271 1210/2255/272 1209/2253/272 1205/2252/271
f 1212/2258/273 1208/2259/272 1207/2257/272 1211/2256/273
f 1210/2262/272 1214/2263/273 1213/2261/273 1209/2260/272
f 1170/2266/18 1212/2267/273 1211/2265/273 1168/2264/18
f 1214/2270/273 1173/2271/18 1171/2269/18 1213/2268/273
f 1217/2274/27 1218/2275/4 1216/2273/27 1215/2272/274
f 1174/2278/27 1173/2279/14 1170/2277/27 1169/2276/13
f 1218/2282/27 1220/2283/275 1219/2281/27 1216/2280/274
f 1178/2286/27 1174/2287/1 1169/2285/27 1176/2284/4
f 1220/2290/27 1222/2291/275 1221/2289/27 1219/2288/274
f 1182/2294/27 1178/2295/274 1176/2293/27 1180/2292/13
f 1222/2298/27 1224/2299/13 1223/2297/27 1221/2296/274
f 1186/2302/27 1182/2303/1 1180/2301/27 1184/2300/4
f 1224/2306/27 1226/2307/275 1225/2305/27 1223/2304/274
f 1190/2310/27 1186/2311/14 1184/2309/27 1188/2308/4
f 1226/2314/27 1228/2315/4 1227/2313/27 1225/2312/274
f 1194/2318/27 1190/2319/14 1188/2317/27 1192/2316/13
f 1228/2322/27 1230/2323/4 1229/2321/27 1227/2320/14
f 1198/2326/27 1194/2327/1 1192/2325/27 1196/2324/13
f 1230/2330/27 1232/2331/13 1231/2329/27 1229/2328/14
f 1202/2334/27 1198/2335/1 1196/2333/27 1200/2332/4
f 1232/2338/27 1234/2339/276 1233/2337/27 1231/2336/1
f 1206/2342/27 1202/2343/14 1200/2341/27 1204/2340/4
f 1234/2346/27 1236/2347/277 1235/2345/27 1233/2344/274
f 1210/2350/27 1206/2351/14 1204/2349/27 1208/2348/4
f 1236/2354/27 1238/2355/275 1237/2353/27 1235/2352/14
f 1214/2358/27 1210/2359/1 1208/2357/27 1212/2356/4
f 1238/2362/27 1217/2363/4 1215/2361/27 1237/2360/14
f 1173/2366/27 1214/2367/1 1212/2365/27 1170/2364/13
f 1239/2370/278 1240/2371/278 1207/2369/278 1203/2368/278
f 1241/2374/279 1242/2375/279 1201/2373/279 1205/2372/279
f 1243/2378/280 1241/2379/280 1205/2377/280 1209/2376/280
f 1240/2382/281 1244/2383/281 1211/2381/281 1207/2380/281
f 1245/2386/282 1243/2387/282 1209/2385/282 1213/2384/282
f 1244/2390/283 1246/2391/283 1168/2389/283 1211/2388/283
f 1247/2394/284 1245/2395/284 1213/2393/284 1171/2392/284
f 1246/2398/285 1248/2399/285 1167/2397/285 1168/2396/285
f 1249/2402/286 1247/2403/287 1171/2401/286 1172/2400/286
f 1248/2406/288 1250/2407/288 1175/2405/288 1167/2404/288
f 1251/2410/289 1249/2411/289 1172/2409/289 1177/2408/289
f 1250/2414/290 1252/2415/290 1179/2413/290 1175/2412/290
f 1253/2418/291 1251/2419/291 1177/2417/291 1181/2416/291
f 1252/2422/292 1254/2423/292 1183/2421/292 1179/2420/292
f 1255/2426/293 1253/2427/293 1181/2425/293 1185/2424/293
f 1254/2430/294 1256/2431/294 1187/2429/294 1183/2428/294
f 1257/2434/296 1255/2435/296 1185/2433/296 1189/2432/295
f 1256/2438/297 1258/2439/297 1191/2437/297 1187/2436/297
f 1259/2442/299 1257/2443/299 1189/2441/299 1193/2440/298
f 1258/2446/300 1260/2447/300 1195/2445/300 1191/2444/300
f 1261/2450/301 1259/2451/302 1193/2449/301 1197/2448/301
f 1260/2454/303 1262/2455/303 1199/2453/303 1195/2452/303
f 1242/2458/304 1261/2459/304 1197/2457/304 1201/2456/304
f 1262/2462/305 1239/2463/305 1203/2461/305 1199/2460/305
f 1233/2466/306 1235/2467/306 1240/2465/306 1239/2464/306
f 1234/2470/307 1232/2471/308 1242/2469/307 1241/2468/307
f 1236/2474/310 1234/2475/310 1241/2473/310 1243/2472/309
f 1235/2478/311 1237/2479/312 1244/2477/311 1240/2476/311
f 1238/2482/314 1236/2483/314 1243/2481/314 1245/2480/313
f 1237/2486/316 1215/2487/316 1246/2485/316 1244/2484/315
f 1217/2490/317 1238/2491/318 1245/2489/317 1247/2488/317
f 1215/2494/319 1216/2495/319 1248/2493/319 1246/2492/319
f 1218/2498/320 1217/2499/321 1247/2497/320 1249/2496/320
f 1216/2502/322 1219/2503/322 1250/2501/322 1248/2500/322
f 1220/2506/323 1218/2507/323 1249/2505/323 1251/2504/323
f 1219/2510/324 1221/2511/324 1252/2509/324 1250/2508/324
f 1222/2514/325 1220/2515/325 1251/2513/325 1253/2512/325
f 1221/2518/326 1223/2519/326 1254/2517/326 1252/2516/326
f 1224/2522/328 1222/2523/328 1253/2521/328 1255/2520/327
f 1223/2526/330 1225/2527/330 1256/2525/330 1254/2524/329
f 1226/2530/332 1224/2531/333 1255/2529/332 1257/2528/331
f 1225/2534/334 1227/2535/334 1258/2533/334 1256/2532/334
f 1228/2538/335 1226/2539/335 1257/2537/335 1259/2536/335
f 1227/2542/337 1229/2543/337 1260/2541/337 1258/2540/336
f 1230/2546/338 1228/2547/338 1259/2545/338 1261/2544/338
f 1229/2550/339 1231/2551/339 1262/2549/339 1260/2548/339
f 1232/2554/340 1230/2555/341 1261/2553/340 1242/2552/340
f 1231/2558/342 1233/2559/342 1239/2557/342 1262/2556/342
f 1309/2716/3 1310/2717/3 1308/2715/3 1307/2714/3
f 1310/2720/18 1312/2721/18 1311/2719/18 1308/2718/18
f 1312/2724/2 1314/2725/2 1313/2723/2 1311/2722/2
f 1314/2728/17 1309/2729/17 1307/2727/17 1313/2726/17
f 1314/2732/8 1312/2733/8 1310/2731/8 1309/2730/8
f 1307/2736/7 1308/2737/7 1311/2735/7 1313/2734/7

